 5352     6      1207295.0195583373     3221.0303377544
   2.05965   1.20532   0.38545    -5.52522    -6.54402     1.01879
   2.01749   1.61992   0.38545    -3.87864    -4.70224     0.82360
   1.89273   2.01755   0.38545    -1.32781    -2.24926     0.92145
   1.69048   2.38193   0.38545     2.04066     0.85182     1.18884
   1.41903   2.69814   0.38545     6.10002     4.48231     1.61771
  -1.26072   2.83404   0.38545     8.30948     6.40365     1.90583
  -1.56277   2.54692   0.38545     3.99661     2.61569     1.38092
  -1.80085   2.20487   0.38545     0.26042    -0.77645     1.03686
  -1.96519   1.82190   0.38545    -2.71147    -3.55772     0.84625
  -2.04908   1.41369   0.38545    -4.81990    -5.69181     0.87191
  -2.04908   0.99695   0.38545    -5.98393    -7.28613     1.30220
  -1.96519   0.58873   0.38545    -6.13077    -8.61289     2.48212
  -1.80085   0.20577   0.38545    -5.15876   -10.21164     5.05288
   1.89273   0.39308   0.38545    -5.80007    -9.32896     3.52889
   2.01749   0.79071   0.38545    -6.18850    -7.95742     1.76892
   2.10000   1.20532  -0.02424    -4.32103    -5.30713     0.98610
   2.05965   1.61501  -0.02424    -2.73531    -3.67011     0.93479
   1.94015   2.00895  -0.02424    -0.59990    -1.41268     0.81278
   1.74609   2.37201  -0.02424     2.20695     1.54265     0.66430
  -1.74609   2.37201  -0.02424     2.20695     1.54265     0.66430
  -1.94015   2.00895  -0.02424    -0.59990    -1.41268     0.81278
  -2.05965   1.61501  -0.02424    -2.73531    -3.67011     0.93479
  -2.10000   1.20532  -0.02424    -4.32103    -5.30713     0.98610
  -2.05965   0.79563  -0.02424    -5.42043    -6.50879     1.08836
   2.05965   0.79563  -0.02424    -5.42043    -6.50879     1.08836
   2.05965   1.20532  -0.43393    -3.42746    -4.08168     0.65422
   2.01749   1.61992  -0.43393    -1.98983    -2.73928     0.74945
   1.89273   2.01755  -0.43393    -0.08597    -0.55792     0.47195
   1.69048   2.38193  -0.43393     2.63428     2.56524     0.06905
  -1.80085   2.20487  -0.43393     1.14520     0.88293     0.26228
  -1.96519   1.82190  -0.43393    -1.11446    -1.76179     0.64733
  -2.04908   1.41369  -0.43393    -2.75100    -3.50587     0.75487
  -2.04908   0.99695  -0.43393    -4.03614    -4.49209     0.45595
   2.01749   0.79071  -0.43393    -4.57580    -4.76903     0.19323
   1.94015   1.20532  -0.82788    -2.50627    -2.93519     0.42892
   1.89479   1.62239  -0.82788    -1.72879    -2.19496     0.46617
   1.76083   2.01996  -0.82788    -0.18386    -0.18305    -0.00081
  -1.66243   2.20557  -0.82788     1.04418     1.32763    -0.28346
  -1.83859   1.82481  -0.82788    -1.08057    -1.35420     0.27362
  -1.92877   1.41508  -0.82788    -2.19064    -2.71731     0.52667
  -1.92877   0.99555  -0.82788    -2.68386    -2.86488     0.18102
   1.74609   1.20532  -1.19094    -1.30522    -2.11535     0.81013
   1.69535   1.62318  -1.19094    -2.26405    -2.57519     0.31114
  -1.69535   1.62318  -1.19094    -2.26405    -2.57519     0.31114
  -1.74609   1.20532  -1.19094    -1.30522    -2.11535     0.81013
   2.05965  -1.20532   0.38545    -5.52522    -6.54402     1.01879
   2.01749  -0.79071   0.38545    -6.18850    -7.95742     1.76892
   1.89273  -0.39308   0.38545    -5.80007    -9.32896     3.52889
  -1.80085  -0.20577   0.38545    -5.15876   -10.21164     5.05288
  -1.96519  -0.58873   0.38545    -6.13077    -8.61289     2.48212
  -2.04908  -0.99695   0.38545    -5.98393    -7.28613     1.30220
  -2.04908  -1.41369   0.38545    -4.81990    -5.69181     0.87191
  -1.96519  -1.82190   0.38545    -2.71147    -3.55772     0.84625
  -1.80085  -2.20487   0.38545     0.26042    -0.77645     1.03686
  -1.56277  -2.54692   0.38545     3.99661     2.61569     1.38092
  -1.26072  -2.83404   0.38545     8.30948     6.40365     1.90583
   1.41903  -2.69814   0.38545     6.10002     4.48231     1.61771
   1.69048  -2.38193   0.38545     2.04066     0.85182     1.18884
   1.89273  -2.01755   0.38545    -1.32781    -2.24926     0.92145
   2.01749  -1.61992   0.38545    -3.87864    -4.70224     0.82360
   2.10000  -1.20532  -0.02424    -4.32103    -5.30713     0.98610
   2.05965  -0.79563  -0.02424    -5.42043    -6.50879     1.08836
  -2.05965  -0.79563  -0.02424    -5.42043    -6.50879     1.08836
  -2.10000  -1.20532  -0.02424    -4.32103    -5.30713     0.98610
  -2.05965  -1.61501  -0.02424    -2.73531    -3.67011     0.93479
  -1.94015  -2.00895  -0.02424    -0.59990    -1.41268     0.81278
  -1.74609  -2.37201  -0.02424     2.20695     1.54265     0.66430
   1.74609  -2.37201  -0.02424     2.20695     1.54265     0.66430
   1.94015  -2.00895  -0.02424    -0.59990    -1.41268     0.81278
   2.05965  -1.61501  -0.02424    -2.73531    -3.67011     0.93479
   2.05965  -1.20532  -0.43393    -3.42746    -4.08168     0.65422
   2.01749  -0.79071  -0.43393    -4.57580    -4.76903     0.19323
  -2.04908  -0.99695  -0.43393    -4.03614    -4.49209     0.45595
  -2.04908  -1.41369  -0.43393    -2.75100    -3.50587     0.75487
  -1.96519  -1.82190  -0.43393    -1.11446    -1.76179     0.64733
  -1.80085  -2.20487  -0.43393     1.14520     0.88293     0.26228
   1.69048  -2.38193  -0.43393     2.63428     2.56524     0.06905
   1.89273  -2.01755  -0.43393    -0.08597    -0.55792     0.47195
   2.01749  -1.61992  -0.43393    -1.98983    -2.73928     0.74945
   1.94015  -1.20532  -0.82788    -2.50627    -2.93519     0.42892
  -1.92877  -0.99555  -0.82788    -2.68386    -2.86488     0.18102
  -1.92877  -1.41508  -0.82788    -2.19064    -2.71731     0.52667
  -1.83859  -1.82481  -0.82788    -1.08057    -1.35420     0.27362
  -1.66243  -2.20557  -0.82788     1.04418     1.32763    -0.28346
   1.76083  -2.01996  -0.82788    -0.18386    -0.18305    -0.00081
   1.89479  -1.62239  -0.82788    -1.72879    -2.19496     0.46617
   1.74609  -1.20532  -1.19094    -1.30522    -2.11535     0.81013
  -1.74609  -1.20532  -1.19094    -1.30522    -2.11535     0.81013
  -1.69535  -1.62318  -1.19094    -2.26405    -2.57519     0.31114
   1.69535  -1.62318  -1.19094    -2.26405    -2.57519     0.31114
   1.42477   1.62541   2.83522    13.56299     9.83676     3.72623
  -1.42477   1.62541   2.83522    13.56299     9.83676     3.72623
   1.74609   1.20705   2.51700     4.70005     2.09840     2.60164
   1.69535   1.62492   2.51700     7.10027     5.79776     1.30251
  -1.69535   1.62492   2.51700     7.10027     5.79776     1.30251
  -1.74609   1.20705   2.51700     4.70005     2.09840     2.60164
   1.94015   1.20705   2.15393     0.62312     0.34174     0.28137
   1.89479   1.62413   2.15393     2.41026     2.68096    -0.27070
   1.76083   2.02170   2.15393     5.21523     6.05155    -0.83632
  -1.66243   2.20730   2.15393     7.05760     8.13323    -1.07564
  -1.83859   1.82655   2.15393     3.68097     4.23644    -0.55547
  -1.92877   1.41682   2.15393     1.38617     1.38152     0.00465
  -1.92877   0.99729   2.15393     0.17633    -0.42352     0.59985
   2.05965   1.20705   1.75999    -2.64433    -1.80547    -0.83885
   2.01749   1.62166   1.75999    -1.06112    -0.06517    -0.99595
   1.89273   2.01929   1.75999     1.47151     2.62671    -1.15520
   1.69048   2.38367   1.75999     5.00815     6.25024    -1.24208
  -1.80085   2.20661   1.75999     3.10303     4.32327    -1.22024
  -1.96519   1.82364   1.75999     0.08848     1.16345    -1.07497
  -2.04908   1.41542   1.75999    -1.97665    -1.05665    -0.92001
  -2.04908   0.99868   1.75999    -3.03464    -2.30167    -0.73297
   2.01749   0.79245   1.75999    -3.10178    -2.52994    -0.57184
   2.10000   1.20705   1.35030    -5.00753    -4.07030    -0.93723
   2.05965   1.61674   1.35030    -3.48833    -2.50134    -0.98699
   1.94015   2.01069   1.35030    -1.00213    -0.13589    -0.86624
   1.74609   2.37375   1.35030     2.37763     3.00001    -0.62238
  -1.74609   2.37375   1.35030     2.37763     3.00001    -0.62238
  -1.94015   2.01069   1.35030    -1.00213    -0.13589    -0.86624
  -2.05965   1.61674   1.35030    -3.48833    -2.50134    -0.98699
  -2.10000   1.20705   1.35030    -5.00753    -4.07030    -0.93723
  -2.05965   0.79736   1.35030    -5.44302    -4.85301    -0.59000
  -1.94015   0.40342   1.35030    -4.70318    -4.92806     0.22488
   1.94015   0.40342   1.35030    -4.70318    -4.92806     0.22488
   2.05965   0.79736   1.35030    -5.44302    -4.85301    -0.59000
   2.05965   1.20705   0.94061    -6.36420    -6.17366    -0.19054
   2.01749   1.62166   0.94061    -4.76405    -4.45555    -0.30850
   1.89273   2.01929   0.94061    -2.03376    -2.01724    -0.01652
   1.69048   2.38367   0.94061     1.64407     1.12237     0.52170
   1.41903   2.69987   0.94061     6.05170     4.81436     1.23734
  -1.26072   2.83577   0.94061     8.42871     6.77010     1.65861
  -1.56277   2.54865   0.94061     3.77384     2.91529     0.85855
  -1.80085   2.20661   0.94061    -0.30120    -0.52943     0.22823
  -1.96519   1.82364   0.94061    -3.52911    -3.32779    -0.20132
  -2.04908   1.41542   0.94061    -5.71598    -5.40164    -0.31434
  -2.04908   0.99868   0.94061    -6.69051    -6.78670     0.09620
  -1.96519   0.59047   0.94061    -6.34914    -7.65206     1.30292
  -1.80085   0.20750   0.94061    -4.76091    -8.43708     3.67616
   1.89273   0.39482   0.94061    -5.70030    -8.00866     2.30837
   2.01749   0.79245   0.94061    -6.68486    -7.26605     0.58119
  -1.42477  -1.62541   2.83522    13.56299     9.83676     3.72623
   1.42477  -1.62541   2.83522    13.56299     9.83676     3.72623
   1.74609  -1.20705   2.51700     4.70005     2.09840     2.60164
  -1.74609  -1.20705   2.51700     4.70005     2.09840     2.60164
  -1.69535  -1.62492   2.51700     7.10027     5.79776     1.30251
   1.69535  -1.62492   2.51700     7.10027     5.79776     1.30251
   1.94015  -1.20705   2.15393     0.62312     0.34174     0.28137
  -1.92877  -0.99729   2.15393     0.17633    -0.42352     0.59985
  -1.92877  -1.41682   2.15393     1.38617     1.38152     0.00465
  -1.83859  -1.82655   2.15393     3.68097     4.23644    -0.55547
  -1.66243  -2.20730   2.15393     7.05760     8.13323    -1.07564
   1.76083  -2.02170   2.15393     5.21523     6.05155    -0.83632
   1.89479  -1.62413   2.15393     2.41026     2.68096    -0.27070
   2.05965  -1.20705   1.75999    -2.64433    -1.80547    -0.83885
   2.01749  -0.79245   1.75999    -3.10178    -2.52994    -0.57184
  -2.04908  -0.99868   1.75999    -3.03464    -2.30167    -0.73297
  -2.04908  -1.41542   1.75999    -1.97665    -1.05665    -0.92001
  -1.96519  -1.82364   1.75999     0.08848     1.16345    -1.07497
  -1.80085  -2.20661   1.75999     3.10303     4.32327    -1.22024
   1.69048  -2.38367   1.75999     5.00815     6.25024    -1.24208
   1.89273  -2.01929   1.75999     1.47151     2.62671    -1.15520
   2.01749  -1.62166   1.75999    -1.06112    -0.06517    -0.99595
   2.10000  -1.20705   1.35030    -5.00753    -4.07030    -0.93723
   2.05965  -0.79736   1.35030    -5.44302    -4.85301    -0.59000
   1.94015  -0.40342   1.35030    -4.70318    -4.92806     0.22488
  -1.94015  -0.40342   1.35030    -4.70318    -4.92806     0.22488
  -2.05965  -0.79736   1.35030    -5.44302    -4.85301    -0.59000
  -2.10000  -1.20705   1.35030    -5.00753    -4.07030    -0.93723
  -2.05965  -1.61674   1.35030    -3.48833    -2.50134    -0.98699
  -1.94015  -2.01069   1.35030    -1.00213    -0.13589    -0.86624
  -1.74609  -2.37375   1.35030     2.37763     3.00001    -0.62238
   1.74609  -2.37375   1.35030     2.37763     3.00001    -0.62238
   1.94015  -2.01069   1.35030    -1.00213    -0.13589    -0.86624
   2.05965  -1.61674   1.35030    -3.48833    -2.50134    -0.98699
   2.05965  -1.20705   0.94061    -6.36420    -6.17366    -0.19054
   2.01749  -0.79245   0.94061    -6.68486    -7.26605     0.58119
   1.89273  -0.39482   0.94061    -5.70030    -8.00866     2.30837
  -1.80085  -0.20750   0.94061    -4.76091    -8.43708     3.67616
  -1.96519  -0.59047   0.94061    -6.34914    -7.65206     1.30292
  -2.04908  -0.99868   0.94061    -6.69051    -6.78670     0.09620
  -2.04908  -1.41542   0.94061    -5.71598    -5.40164    -0.31434
  -1.96519  -1.82364   0.94061    -3.52911    -3.32779    -0.20132
  -1.80085  -2.20661   0.94061    -0.30120    -0.52943     0.22823
  -1.56277  -2.54865   0.94061     3.77384     2.91529     0.85855
  -1.26072  -2.83577   0.94061     8.42871     6.77010     1.65861
   1.41903  -2.69987   0.94061     6.05170     4.81436     1.23734
   1.69048  -2.38367   0.94061     1.64407     1.12237     0.52170
   1.89273  -2.01929   0.94061    -2.03376    -2.01724    -0.01652
   2.01749  -1.62166   0.94061    -4.76405    -4.45555    -0.30850
   2.05965  -0.00000   2.47298     0.03828    -1.48931     1.52759
   2.01749   0.41460   2.47298     0.47251    -1.19161     1.66413
   1.89273   0.81224   2.47298     1.91077    -0.23925     2.15002
  -1.80085   0.99955   2.47298     3.12939     0.54518     2.58421
  -1.96519   0.61658   2.47298     1.04669    -0.80634     1.85303
  -2.04908   0.20837   2.47298     0.14495    -1.41571     1.56066
  -2.04908  -0.20837   2.47298     0.14495    -1.41571     1.56066
  -1.96519  -0.61658   2.47298     1.04669    -0.80634     1.85303
  -1.80085  -0.99955   2.47298     3.12939     0.54518     2.58421
   1.89273  -0.81224   2.47298     1.91077    -0.23925     2.15002
   2.01749  -0.41460   2.47298     0.47251    -1.19161     1.66413
   2.10000  -0.00000   2.06329    -0.77372    -1.10783     0.33412
   2.05965   0.40969   2.06329    -0.82204    -1.12632     0.30428
   1.94015   0.80363   2.06329    -0.70532    -1.14081     0.43549
  -1.94015   0.80363   2.06329    -0.70532    -1.14081     0.43549
  -2.05965   0.40969   2.06329    -0.82204    -1.12632     0.30428
  -2.10000   0.00000   2.06329    -0.77372    -1.10783     0.33412
  -2.05965  -0.40969   2.06329    -0.82204    -1.12632     0.30428
  -1.94015  -0.80363   2.06329    -0.70532    -1.14081     0.43549
   1.94015  -0.80363   2.06329    -0.70532    -1.14081     0.43549
   2.05965  -0.40969   2.06329    -0.82204    -1.12632     0.30428
   2.05965  -0.00000   1.65360    -2.69955    -2.41497    -0.28458
   2.01749   0.41460   1.65360    -3.14822    -2.74522    -0.40299
  -2.04908   0.20837   1.65360    -2.81877    -2.49736    -0.32141
  -2.04908  -0.20837   1.65360    -2.81877    -2.49736    -0.32141
   2.01749  -0.41460   1.65360    -3.14822    -2.74522    -0.40299
   1.94015  -0.00000   1.25966    -4.29216    -5.12905     0.83689
  -1.92877   0.20977   1.25966    -4.50238    -5.30692     0.80454
  -1.92877  -0.20977   1.25966    -4.50238    -5.30692     0.80454
   1.74609  -0.00000   0.89659    -4.10140    -9.01291     4.91150
  -1.74609  -0.00000   0.89659    -4.10140    -9.01291     4.91150
   1.74609   0.00000   0.45629    -4.50803   -10.77132     6.26330
  -1.74609  -0.00000   0.45629    -4.50803   -10.77132     6.26330
   1.94015   0.00000   0.09323    -5.99334    -8.13049     2.13715
  -1.92877   0.20977   0.09323    -5.98330    -8.22721     2.24390
  -1.92877  -0.20977   0.09323    -5.98330    -8.22721     2.24390
   2.05965   0.00000  -0.30072    -5.94189    -5.48564    -0.45625
   2.01749   0.41460  -0.30072    -5.71159    -5.63829    -0.07330
  -2.04908   0.20837  -0.30072    -5.89231    -5.52574    -0.36658
  -2.04908  -0.20837  -0.30072    -5.89231    -5.52574    -0.36658
   2.01749  -0.41460  -0.30072    -5.71159    -5.63829    -0.07330
   2.10000   0.00000  -0.71041    -4.52874    -2.99236    -1.53638
   2.05965   0.40969  -0.71041    -4.32668    -3.10223    -1.22445
  -2.05965   0.40969  -0.71041    -4.32668    -3.10223    -1.22445
  -2.10000   0.00000  -0.71041    -4.52874    -2.99236    -1.53638
  -2.05965  -0.40969  -0.71041    -4.32668    -3.10223    -1.22445
   2.05965  -0.40969  -0.71041    -4.32668    -3.10223    -1.22445
   2.05965   0.00000  -1.12010    -1.78840    -0.54504    -1.24336
   2.01749   0.41460  -1.12010    -1.74259    -0.77750    -0.96509
   1.89273   0.81224  -1.12010    -1.44139    -1.32670    -0.11469
  -1.80085   0.99955  -1.12010    -1.05233    -1.57810     0.52576
  -1.96519   0.61658  -1.12010    -1.64721    -1.03428    -0.61293
  -2.04908   0.20837  -1.12010    -1.77962    -0.60534    -1.17427
  -2.04908  -0.20837  -1.12010    -1.77962    -0.60534    -1.17427
  -1.96519  -0.61658  -1.12010    -1.64721    -1.03428    -0.61293
  -1.80085  -0.99955  -1.12010    -1.05233    -1.57810     0.52576
   1.89273  -0.81224  -1.12010    -1.44139    -1.32670    -0.11469
   2.01749  -0.41460  -1.12010    -1.74259    -0.77750    -0.96509
   0.52951   3.19051   0.61758    16.06675    12.41900     3.64776
   0.10961   3.30998   0.61758    17.23831    13.67587     3.56244
  -0.32510   3.26970   0.61758    16.84361    13.26149     3.58212
  -0.71589   3.07510   0.61758    14.93661    11.11969     3.81692
   1.20211   2.94669   0.26964     9.22125     7.68732     1.53393
   0.90713   3.26461   0.26964    11.73819    10.23271     1.50548
   0.53154   3.48146   0.26964    13.44878    11.77476     1.67403
   0.10873   3.57796   0.26964    14.20180    12.41829     1.78350
  -0.32375   3.54555   0.26964    13.94954    12.20490     1.74464
  -0.72746   3.38711   0.26964    12.70707    11.12094     1.58613
  -1.06653   3.11670   0.26964    10.56475     9.09493     1.46982
   1.40535   2.93848  -0.13554     6.91264     6.65837     0.25428
   1.14746   3.27457  -0.13554     9.08383     8.61713     0.46669
   0.81138   3.53245  -0.13554    10.78626     9.98322     0.80304
   0.42000   3.69457  -0.13554    11.85679    10.78977     1.06702
   0.00000   3.74986  -0.13554    12.22138    11.05644     1.16494
  -0.42000   3.69457  -0.13554    11.85679    10.78977     1.06702
  -0.81138   3.53245  -0.13554    10.78626     9.98322     0.80304
  -1.14746   3.27457  -0.13554     9.08383     8.61713     0.46669
  -1.40535   2.93848  -0.13554     6.91264     6.65837     0.25428
   1.62722   2.54490  -0.57036     3.24109     3.58696    -0.34587
   1.47220   2.93645  -0.57036     5.15185     5.49743    -0.34558
   1.22467   3.27715  -0.57036     7.05948     7.04702     0.01246
   0.90019   3.54558  -0.57036     8.63579     8.19729     0.43849
   0.51915   3.72488  -0.57036     9.70443     8.93263     0.77180
   0.10549   3.80379  -0.57036    10.17632     9.24818     0.92815
  -0.31480   3.77735  -0.57036    10.01819     9.14297     0.87521
  -0.71531   3.64722  -0.57036     9.24070     8.61729     0.62341
  -1.07087   3.42157  -0.57036     7.90223     7.67342     0.22881
  -1.35915   3.11458  -0.57036     6.13077     6.32044    -0.18967
  -1.56202   2.74555  -0.57036     4.16729     4.58358    -0.41629
   1.62276   2.12711  -1.00517    -0.02761     0.39870    -0.42631
   1.56746   2.54711  -1.00517     1.15085     1.97947    -0.82862
   1.40535   2.93848  -1.00517     2.96310     3.56676    -0.60366
   1.14746   3.27457  -1.00517     4.78476     4.92415    -0.13939
   0.81138   3.53245  -1.00517     6.26443     5.93927     0.32516
   0.42000   3.69457  -1.00517     7.21259     6.56169     0.65091
   0.00000   3.74986  -1.00517     7.53764     6.77095     0.76669
  -0.42000   3.69457  -1.00517     7.21259     6.56169     0.65091
  -0.81138   3.53245  -1.00517     6.26443     5.93927     0.32516
  -1.14746   3.27457  -1.00517     4.78476     4.92415    -0.13939
  -1.40535   2.93848  -1.00517     2.96310     3.56676    -0.60366
  -1.56746   2.54711  -1.00517     1.15085     1.97947    -0.82862
  -1.62276   2.12711  -1.00517    -0.02761     0.39870    -0.42631
   1.45492   2.12711  -1.41036    -4.12399    -2.97004    -1.15395
   1.39029   2.55595  -1.41036    -2.54330    -1.32447    -1.21883
   1.20211   2.94669  -1.41036    -0.36082     0.40686    -0.76768
   0.90713   3.26461  -1.41036     1.61897     1.82497    -0.20599
   0.53154   3.48146  -1.41036     3.01079     2.77031     0.24048
   0.10873   3.57796  -1.41036     3.63391     3.18292     0.45099
  -0.32375   3.54555  -1.41036     3.42495     3.04495     0.38000
  -0.72746   3.38711  -1.41036     2.40336     2.36189     0.04147
  -1.06653   3.11670  -1.41036     0.68524     1.16844    -0.48320
  -1.31084   2.75837  -1.41036    -1.46335    -0.43643    -1.02692
  -1.43867   2.34395  -1.41036    -3.48644    -2.19920    -1.28725
  -1.43867   1.91026  -1.41036    -4.19929    -3.49644    -0.70285
   1.10772   2.55624  -1.75830    -8.85667    -7.01189    -1.84478
   0.87790   2.92742  -1.75830    -5.57228    -4.49527    -1.07701
   0.52951   3.19051  -1.75830    -3.29066    -2.83770    -0.45296
   0.10961   3.30998  -1.75830    -2.27911    -2.12135    -0.15776
  -0.32510   3.26970  -1.75830    -2.61797    -2.36036    -0.25761
  -0.71589   3.07510  -1.75830    -4.28275    -3.55119    -0.73156
  -1.01001   2.75248  -1.75830    -7.11910    -5.65739    -1.46170
  -1.16771   2.34539  -1.75830   -10.66452    -8.50912    -2.15540
   0.42000   2.85457  -2.02528   -13.11495   -11.52855    -1.58639
   0.00000   2.96711  -2.02528   -11.53613   -10.31208    -1.22406
  -0.42000   2.85457  -2.02528   -13.11495   -11.52855    -1.58639
  -0.71589  -3.07510   0.61758    14.93661    11.11969     3.81692
  -0.32510  -3.26970   0.61758    16.84361    13.26149     3.58212
   0.10961  -3.30998   0.61758    17.23831    13.67587     3.56244
   0.52951  -3.19051   0.61758    16.06675    12.41900     3.64776
  -1.06653  -3.11670   0.26964    10.56475     9.09493     1.46982
  -0.72746  -3.38711   0.26964    12.70707    11.12094     1.58613
  -0.32375  -3.54555   0.26964    13.94954    12.20490     1.74464
   0.10873  -3.57796   0.26964    14.20180    12.41829     1.78350
   0.53154  -3.48146   0.26964    13.44878    11.77476     1.67403
   0.90713  -3.26461   0.26964    11.73819    10.23271     1.50548
   1.20211  -2.94669   0.26964     9.22125     7.68732     1.53393
  -1.40535  -2.93848  -0.13554     6.91264     6.65837     0.25428
  -1.14746  -3.27457  -0.13554     9.08383     8.61713     0.46669
  -0.81138  -3.53245  -0.13554    10.78626     9.98322     0.80304
  -0.42000  -3.69457  -0.13554    11.85679    10.78977     1.06702
  -0.00000  -3.74986  -0.13554    12.22138    11.05644     1.16494
   0.42000  -3.69457  -0.13554    11.85679    10.78977     1.06702
   0.81138  -3.53245  -0.13554    10.78626     9.98322     0.80304
   1.14746  -3.27457  -0.13554     9.08383     8.61713     0.46669
   1.40535  -2.93848  -0.13554     6.91264     6.65837     0.25428
  -1.56202  -2.74555  -0.57036     4.16729     4.58358    -0.41629
  -1.35915  -3.11458  -0.57036     6.13077     6.32044    -0.18967
  -1.07087  -3.42157  -0.57036     7.90223     7.67342     0.22881
  -0.71531  -3.64722  -0.57036     9.24070     8.61729     0.62341
  -0.31480  -3.77735  -0.57036    10.01819     9.14297     0.87521
   0.10549  -3.80379  -0.57036    10.17632     9.24818     0.92815
   0.51915  -3.72488  -0.57036     9.70443     8.93263     0.77180
   0.90019  -3.54558  -0.57036     8.63579     8.19729     0.43849
   1.22467  -3.27715  -0.57036     7.05948     7.04702     0.01246
   1.47220  -2.93645  -0.57036     5.15185     5.49743    -0.34558
   1.62722  -2.54490  -0.57036     3.24109     3.58696    -0.34587
   1.62276  -2.12711  -1.00517    -0.02761     0.39870    -0.42631
  -1.62276  -2.12711  -1.00517    -0.02761     0.39870    -0.42631
  -1.56746  -2.54711  -1.00517     1.15085     1.97947    -0.82862
  -1.40535  -2.93848  -1.00517     2.96310     3.56676    -0.60366
  -1.14746  -3.27457  -1.00517     4.78476     4.92415    -0.13939
  -0.81138  -3.53245  -1.00517     6.26443     5.93927     0.32516
  -0.42000  -3.69457  -1.00517     7.21259     6.56169     0.65091
  -0.00000  -3.74986  -1.00517     7.53764     6.77095     0.76669
   0.42000  -3.69457  -1.00517     7.21259     6.56169     0.65091
   0.81138  -3.53245  -1.00517     6.26443     5.93927     0.32516
   1.14746  -3.27457  -1.00517     4.78476     4.92415    -0.13939
   1.40535  -2.93848  -1.00517     2.96310     3.56676    -0.60366
   1.56746  -2.54711  -1.00517     1.15085     1.97947    -0.82862
   1.45492  -2.12711  -1.41036    -4.12399    -2.97004    -1.15395
  -1.43867  -1.91026  -1.41036    -4.19929    -3.49644    -0.70285
  -1.43867  -2.34395  -1.41036    -3.48644    -2.19920    -1.28725
  -1.31084  -2.75837  -1.41036    -1.46335    -0.43643    -1.02692
  -1.06653  -3.11670  -1.41036     0.68524     1.16844    -0.48320
  -0.72746  -3.38711  -1.41036     2.40336     2.36189     0.04147
  -0.32375  -3.54555  -1.41036     3.42495     3.04495     0.38000
   0.10873  -3.57796  -1.41036     3.63391     3.18292     0.45099
   0.53154  -3.48146  -1.41036     3.01079     2.77031     0.24048
   0.90713  -3.26461  -1.41036     1.61897     1.82497    -0.20599
   1.20211  -2.94669  -1.41036    -0.36082     0.40686    -0.76768
   1.39029  -2.55595  -1.41036    -2.54330    -1.32447    -1.21883
  -1.16771  -2.34539  -1.75830   -10.66452    -8.50912    -2.15540
  -1.01001  -2.75248  -1.75830    -7.11910    -5.65739    -1.46170
  -0.71589  -3.07510  -1.75830    -4.28275    -3.55119    -0.73156
  -0.32510  -3.26970  -1.75830    -2.61797    -2.36036    -0.25761
   0.10961  -3.30998  -1.75830    -2.27911    -2.12135    -0.15776
   0.52951  -3.19051  -1.75830    -3.29066    -2.83770    -0.45296
   0.87790  -2.92742  -1.75830    -5.57228    -4.49527    -1.07701
   1.10772  -2.55624  -1.75830    -8.85667    -7.01189    -1.84478
  -0.42000  -2.85457  -2.02528   -13.11495   -11.52855    -1.58639
  -0.00000  -2.96711  -2.02528   -11.53613   -10.31208    -1.22406
   0.42000  -2.85457  -2.02528   -13.11495   -11.52855    -1.58639
   0.21741   2.51695   3.50672    32.48303    30.99513     1.48790
  -0.21741   2.51695   3.50672    32.48303    30.99513     1.48790
   0.72746   2.56039   3.33889    26.53612    25.56010     0.97602
   0.42000   2.86785   3.33889    25.78750    25.14948     0.63802
   0.00000   2.98039   3.33889    25.67769    25.06686     0.61082
  -0.42000   2.86785   3.33889    25.78750    25.14948     0.63802
  -0.72746   2.56039   3.33889    26.53612    25.56010     0.97602
   1.18794   2.14039   3.07191    20.69715    19.10693     1.59021
   1.10772   2.56952   3.07191    20.57980    20.25676     0.32304
   0.87790   2.94070   3.07191    21.15774    21.04090     0.11684
   0.52951   3.20379   3.07191    21.76768    21.53499     0.23269
   0.10961   3.32326   3.07191    22.07955    21.74708     0.33246
  -0.32510   3.28298   3.07191    21.97225    21.67634     0.29591
  -0.71589   3.08839   3.07191    21.48530    21.32323     0.16207
  -1.01001   2.76576   3.07191    20.83332    20.68682     0.14649
  -1.16771   2.35867   3.07191    20.49070    19.73933     0.75136
  -1.16771   1.92211   3.07191    21.39368    18.29692     3.09677
   1.45492   2.14039   2.72397    13.89620    13.50880     0.38740
   1.39029   2.56924   2.72397    15.33570    15.79515    -0.45945
   1.20211   2.95998   2.72397    16.95405    17.41064    -0.45659
   0.90713   3.27789   2.72397    18.33583    18.51033    -0.17450
   0.53154   3.49474   2.72397    19.28399    19.17764     0.10636
   0.10873   3.59124   2.72397    19.70443    19.45651     0.24792
  -0.32375   3.55883   2.72397    19.56324    19.36400     0.19924
  -0.72746   3.40039   2.72397    18.87172    18.89456    -0.02284
  -1.06653   3.12999   2.72397    17.69012    18.01858    -0.32846
  -1.31084   2.77166   2.72397    16.15586    16.67479    -0.51893
  -1.43867   2.35723   2.72397    14.55383    14.75002    -0.19619
  -1.43867   1.92354   2.72397    13.49647    12.02724     1.46924
   1.62276   2.14039   2.31879     8.47263     9.16453    -0.69190
   1.56746   2.56039   2.31879    10.90863    12.04561    -1.13699
   1.40535   2.95177   2.31879    13.29065    14.22252    -0.93187
   1.14746   3.28785   2.31879    15.28174    15.79684    -0.51510
   0.81138   3.54574   2.31879    16.75199    16.85906    -0.10707
   0.42000   3.70785   2.31879    17.64745    17.47236     0.17509
   0.00000   3.76314   2.31879    17.94803    17.67289     0.27513
  -0.42000   3.70785   2.31879    17.64745    17.47236     0.17509
  -0.81138   3.54574   2.31879    16.75199    16.85906    -0.10707
  -1.14746   3.28785   2.31879    15.28174    15.79684    -0.51510
  -1.40535   2.95177   2.31879    13.29065    14.22252    -0.93187
  -1.56746   2.56039   2.31879    10.90863    12.04561    -1.13699
  -1.62276   2.14039   2.31879     8.47263     9.16453    -0.69190
   1.62722   2.55819   1.88397     7.47113     8.79901    -1.32789
   1.47220   2.94974   1.88397    10.52459    11.53876    -1.01417
   1.22467   3.29043   1.88397    13.01580    13.54340    -0.52760
   0.90019   3.55886   1.88397    14.85691    14.92515    -0.06824
   0.51915   3.73816   1.88397    16.02973    15.76666     0.26307
   0.10549   3.81707   1.88397    16.53174    16.11855     0.41319
  -0.31480   3.79063   1.88397    16.36419    16.00183     0.36237
  -0.71531   3.66050   1.88397    15.52710    15.40956     0.11754
  -1.07087   3.43485   1.88397    14.01982    14.30620    -0.28639
  -1.35915   3.12787   1.88397    11.84863    12.62537    -0.77673
  -1.56202   2.75884   1.88397     9.05684    10.26855    -1.21171
   1.40535   2.95177   1.44915     9.07567     9.45598    -0.38031
   1.14746   3.28785   1.44915    11.94527    11.91417     0.03110
   0.81138   3.54574   1.44915    13.98342    13.55323     0.43019
   0.42000   3.70785   1.44915    15.19828    14.49238     0.70591
   0.00000   3.76314   1.44915    15.60114    14.79829     0.80285
  -0.42000   3.70785   1.44915    15.19828    14.49238     0.70591
  -0.81138   3.54574   1.44915    13.98342    13.55323     0.43019
  -1.14746   3.28785   1.44915    11.94527    11.91417     0.03110
  -1.40535   2.95177   1.44915     9.07567     9.45598    -0.38031
   1.20211   2.95998   1.04397     9.72075     8.47501     1.24574
   0.90713   3.27789   1.04397    12.71836    11.37478     1.34359
   0.53154   3.49474   1.04397    14.62976    13.09098     1.53878
   0.10873   3.59124   1.04397    15.44740    13.79784     1.64956
  -0.32375   3.55883   1.04397    15.17506    13.56407     1.61099
  -0.72746   3.40039   1.04397    13.81086    12.36715     1.44370
  -1.06653   3.12999   1.04397    11.35290    10.08867     1.26423
   0.52951   3.20379   0.69603    16.01028    12.45745     3.55283
   0.10961   3.32326   0.69603    17.16678    13.69604     3.47074
  -0.32510   3.28298   0.69603    16.77772    13.28816     3.48956
  -0.71589   3.08839   0.69603    14.88704    11.17269     3.71435
  -0.21741  -2.51695   3.50672    32.48303    30.99513     1.48790
   0.21741  -2.51695   3.50672    32.48303    30.99513     1.48790
  -0.72746  -2.56039   3.33889    26.53612    25.56010     0.97602
  -0.42000  -2.86785   3.33889    25.78750    25.14948     0.63802
  -0.00000  -2.98039   3.33889    25.67769    25.06686     0.61082
   0.42000  -2.86785   3.33889    25.78750    25.14948     0.63802
   0.72746  -2.56039   3.33889    26.53612    25.56010     0.97602
   1.18794  -2.14039   3.07191    20.69715    19.10693     1.59021
  -1.16771  -1.92211   3.07191    21.39368    18.29692     3.09677
  -1.16771  -2.35867   3.07191    20.49070    19.73933     0.75136
  -1.01001  -2.76576   3.07191    20.83332    20.68682     0.14649
  -0.71589  -3.08839   3.07191    21.48530    21.32323     0.16207
  -0.32510  -3.28298   3.07191    21.97225    21.67634     0.29591
   0.10961  -3.32326   3.07191    22.07955    21.74708     0.33246
   0.52951  -3.20379   3.07191    21.76768    21.53499     0.23269
   0.87790  -2.94070   3.07191    21.15774    21.04090     0.11684
   1.10772  -2.56952   3.07191    20.57980    20.25676     0.32304
   1.45492  -2.14039   2.72397    13.89620    13.50880     0.38740
  -1.43867  -1.92354   2.72397    13.49647    12.02724     1.46924
  -1.43867  -2.35723   2.72397    14.55383    14.75002    -0.19619
  -1.31084  -2.77166   2.72397    16.15586    16.67479    -0.51893
  -1.06653  -3.12999   2.72397    17.69012    18.01858    -0.32846
  -0.72746  -3.40039   2.72397    18.87172    18.89456    -0.02284
  -0.32375  -3.55883   2.72397    19.56324    19.36400     0.19924
   0.10873  -3.59124   2.72397    19.70443    19.45651     0.24792
   0.53154  -3.49474   2.72397    19.28399    19.17764     0.10636
   0.90713  -3.27789   2.72397    18.33583    18.51033    -0.17450
   1.20211  -2.95998   2.72397    16.95405    17.41064    -0.45659
   1.39029  -2.56924   2.72397    15.33570    15.79515    -0.45945
   1.62276  -2.14039   2.31879     8.47263     9.16453    -0.69190
  -1.62276  -2.14039   2.31879     8.47263     9.16453    -0.69190
  -1.56746  -2.56039   2.31879    10.90863    12.04561    -1.13699
  -1.40535  -2.95177   2.31879    13.29065    14.22252    -0.93187
  -1.14746  -3.28785   2.31879    15.28174    15.79684    -0.51510
  -0.81138  -3.54574   2.31879    16.75199    16.85906    -0.10707
  -0.42000  -3.70785   2.31879    17.64745    17.47236     0.17509
  -0.00000  -3.76314   2.31879    17.94803    17.67289     0.27513
   0.42000  -3.70785   2.31879    17.64745    17.47236     0.17509
   0.81138  -3.54574   2.31879    16.75199    16.85906    -0.10707
   1.14746  -3.28785   2.31879    15.28174    15.79684    -0.51510
   1.40535  -2.95177   2.31879    13.29065    14.22252    -0.93187
   1.56746  -2.56039   2.31879    10.90863    12.04561    -1.13699
  -1.56202  -2.75884   1.88397     9.05684    10.26855    -1.21171
  -1.35915  -3.12787   1.88397    11.84863    12.62537    -0.77673
  -1.07087  -3.43485   1.88397    14.01982    14.30620    -0.28639
  -0.71531  -3.66050   1.88397    15.52710    15.40956     0.11754
  -0.31480  -3.79063   1.88397    16.36419    16.00183     0.36237
   0.10549  -3.81707   1.88397    16.53174    16.11855     0.41319
   0.51915  -3.73816   1.88397    16.02973    15.76666     0.26307
   0.90019  -3.55886   1.88397    14.85691    14.92515    -0.06824
   1.22467  -3.29043   1.88397    13.01580    13.54340    -0.52760
   1.47220  -2.94974   1.88397    10.52459    11.53876    -1.01417
   1.62722  -2.55819   1.88397     7.47113     8.79901    -1.32789
  -1.40535  -2.95177   1.44915     9.07567     9.45598    -0.38031
  -1.14746  -3.28785   1.44915    11.94527    11.91417     0.03110
  -0.81138  -3.54574   1.44915    13.98342    13.55323     0.43019
  -0.42000  -3.70785   1.44915    15.19828    14.49238     0.70591
  -0.00000  -3.76314   1.44915    15.60114    14.79829     0.80285
   0.42000  -3.70785   1.44915    15.19828    14.49238     0.70591
   0.81138  -3.54574   1.44915    13.98342    13.55323     0.43019
   1.14746  -3.28785   1.44915    11.94527    11.91417     0.03110
   1.40535  -2.95177   1.44915     9.07567     9.45598    -0.38031
  -1.06653  -3.12999   1.04397    11.35290    10.08867     1.26423
  -0.72746  -3.40039   1.04397    13.81086    12.36715     1.44370
  -0.32375  -3.55883   1.04397    15.17506    13.56407     1.61099
   0.10873  -3.59124   1.04397    15.44740    13.79784     1.64956
   0.53154  -3.49474   1.04397    14.62976    13.09098     1.53878
   0.90713  -3.27789   1.04397    12.71836    11.37478     1.34359
   1.20211  -2.95998   1.04397     9.72075     8.47501     1.24574
  -0.71589  -3.08839   0.69603    14.88704    11.17269     3.71435
  -0.32510  -3.28298   0.69603    16.77772    13.28816     3.48956
   0.10961  -3.32326   0.69603    17.16678    13.69604     3.47074
   0.52951  -3.20379   0.69603    16.01028    12.45745     3.55283
   2.05965   0.00000  -1.74345     0.78627    -0.01894     0.80521
   2.01749   0.41460  -1.74345     0.19955    -0.67065     0.87020
   1.89273   0.81224  -1.74345    -1.57003    -2.56839     0.99836
  -1.80085   0.99955  -1.74345    -2.90349    -3.92724     1.02375
  -1.96519   0.61658  -1.74345    -0.53652    -1.47236     0.93584
  -2.04908   0.20837  -1.74345     0.63943    -0.18269     0.82213
  -2.04908  -0.20837  -1.74345     0.63943    -0.18269     0.82213
  -1.96519  -0.61658  -1.74345    -0.53652    -1.47236     0.93584
  -1.80085  -0.99955  -1.74345    -2.90349    -3.92724     1.02375
   1.89273  -0.81224  -1.74345    -1.57003    -2.56839     0.99836
   2.01749  -0.41460  -1.74345     0.19955    -0.67065     0.87020
   2.10000   0.00000  -2.15314    -1.61144    -3.38555     1.77410
   2.05965   0.40969  -2.15314    -2.57091    -4.27347     1.70256
   1.94015   0.80363  -2.15314    -5.47941    -6.95413     1.47472
  -1.94015   0.80363  -2.15314    -5.47941    -6.95413     1.47472
  -2.05965   0.40969  -2.15314    -2.57091    -4.27347     1.70256
  -2.10000   0.00000  -2.15314    -1.61144    -3.38555     1.77410
  -2.05965  -0.40969  -2.15314    -2.57091    -4.27347     1.70256
  -1.94015  -0.80363  -2.15314    -5.47941    -6.95413     1.47472
   1.94015  -0.80363  -2.15314    -5.47941    -6.95413     1.47472
   2.05965  -0.40969  -2.15314    -2.57091    -4.27347     1.70256
   2.05965   0.00000  -2.56283    -5.56287    -7.95633     2.39346
   2.01749   0.41460  -2.56283    -6.94026    -9.17789     2.23764
  -1.96519   0.61658  -2.56283    -8.66402   -10.72595     2.06193
  -2.04908   0.20837  -2.56283    -5.90675    -8.26031     2.35356
  -2.04908  -0.20837  -2.56283    -5.90675    -8.26031     2.35356
  -1.96519  -0.61658  -2.56283    -8.66402   -10.72595     2.06193
   2.01749  -0.41460  -2.56283    -6.94026    -9.17789     2.23764
   1.94015   0.00000  -2.95678   -10.67456   -13.39959     2.72503
   1.89479   0.41707  -2.95678   -12.50877   -15.01969     2.51092
  -1.92877   0.20977  -2.95678   -11.13390   -13.80195     2.66805
  -1.92877  -0.20977  -2.95678   -11.13390   -13.80195     2.66805
   1.89479  -0.41707  -2.95678   -12.50877   -15.01969     2.51092
   1.74609   0.00000  -3.31984   -16.62649   -19.37127     2.74478
  -1.74609  -0.00000  -3.31984   -16.62649   -19.37127     2.74478
   1.48492   0.00000  -3.63807   -23.12247   -25.45714     2.33467
  -1.48492   0.00000  -3.63807   -23.12247   -25.45714     2.33467
   1.16670   0.00000  -3.89923   -29.73454   -31.14432     1.40978
   0.00000  -0.00000   5.52281    30.07277    26.99169     3.08108
   0.40969  -0.00000   5.48246    28.86293    26.04925     2.81367
  -0.40969   0.00000   5.48246    28.86293    26.04925     2.81367
   0.80363  -0.00000   5.36295    25.45492    23.38273     2.07219
  -0.80363   0.00000   5.36295    25.45492    23.38273     2.07219
   1.16670  -0.00000   5.16889    20.44928    19.41983     1.02945
   1.08791   0.42146   5.16889    22.85703    21.91304     0.94400
  -1.14683   0.21438   5.16889    21.05734    20.05114     1.00620
  -1.14683  -0.21438   5.16889    21.05734    20.05114     1.00620
   1.08791  -0.42146   5.16889    22.85703    21.91304     0.94400
   1.48492  -0.00000   4.90773    14.66113    14.72592    -0.06479
   1.42477   0.41835   4.90773    16.67669    16.78450    -0.10781
  -1.42477   0.41835   4.90773    16.67669    16.78450    -0.10781
  -1.48492   0.00000   4.90773    14.66113    14.72592    -0.06479
  -1.42477  -0.41835   4.90773    16.67669    16.78450    -0.10781
   1.42477  -0.41835   4.90773    16.67669    16.78450    -0.10781
   1.74609  -0.00000   4.58950     8.94138     9.87168    -0.93030
   1.69535   0.41787   4.58950    10.64695    11.56034    -0.91338
  -1.69535   0.41787   4.58950    10.64695    11.56034    -0.91338
  -1.74609  -0.00000   4.58950     8.94138     9.87168    -0.93030
  -1.69535  -0.41787   4.58950    10.64695    11.56034    -0.91338
   1.69535  -0.41787   4.58950    10.64695    11.56034    -0.91338
   1.94015  -0.00000   4.22644     4.03426     5.34918    -1.31493
   1.89479   0.41707   4.22644     5.49761     6.72441    -1.22680
   1.76083   0.81465   4.22644     9.89080    10.88339    -0.99259
  -1.66243   1.00025   4.22644    13.18586    14.02207    -0.83621
  -1.83859   0.61949   4.22644     7.32743     8.45209    -1.12467
  -1.92877   0.20977   4.22644     4.40010     5.69236    -1.29226
  -1.92877  -0.20977   4.22644     4.40010     5.69236    -1.29226
  -1.83859  -0.61949   4.22644     7.32743     8.45209    -1.12467
  -1.66243  -1.00025   4.22644    13.18586    14.02207    -0.83621
   1.76083  -0.81465   4.22644     9.89080    10.88339    -0.99259
   1.89479  -0.41707   4.22644     5.49761     6.72441    -1.22680
   2.05965  -0.00000   3.83250     0.49071     1.54672    -1.05601
   2.01749   0.41460   3.83250     1.76581     2.66093    -0.89511
   1.89273   0.81224   3.83250     5.57166     6.03211    -0.46046
   1.69048   1.17661   3.83250    11.83734    11.70284     0.13450
  -1.80085   0.99955   3.83250     8.40486     8.58007    -0.17520
  -1.96519   0.61658   3.83250     3.35529     4.06092    -0.70563
  -2.04908   0.20837   3.83250     0.80949     1.82476    -1.01527
  -2.04908  -0.20837   3.83250     0.80949     1.82476    -1.01527
  -1.96519  -0.61658   3.83250     3.35529     4.06092    -0.70563
  -1.80085  -0.99955   3.83250     8.40486     8.58007    -0.17520
   1.69048  -1.17661   3.83250    11.83734    11.70284     0.13450
   1.89273  -0.81224   3.83250     5.57166     6.03211    -0.46046
   2.01749  -0.41460   3.83250     1.76581     2.66093    -0.89511
   2.10000  -0.00000   3.42281    -1.38805    -1.23446    -0.15359
   2.05965   0.40969   3.42281    -0.27171    -0.34197     0.07026
   1.94015   0.80363   3.42281     3.04907     2.36321     0.68586
   1.74609   1.16670   3.42281     8.47577     6.93741     1.53836
   1.48492   1.48492   3.42281    15.79316    13.36559     2.42757
  -1.48492   1.48492   3.42281    15.79316    13.36559     2.42757
  -1.74609   1.16670   3.42281     8.47577     6.93741     1.53836
  -1.94015   0.80363   3.42281     3.04907     2.36321     0.68586
  -2.05965   0.40969   3.42281    -0.27171    -0.34197     0.07026
  -2.10000   0.00000   3.42281    -1.38805    -1.23446    -0.15359
  -2.05965  -0.40969   3.42281    -0.27171    -0.34197     0.07026
  -1.94015  -0.80363   3.42281     3.04907     2.36321     0.68586
  -1.74609  -1.16670   3.42281     8.47577     6.93741     1.53836
  -1.48492  -1.48492   3.42281    15.79316    13.36559     2.42757
   1.48492  -1.48492   3.42281    15.79316    13.36559     2.42757
   1.74609  -1.16670   3.42281     8.47577     6.93741     1.53836
   1.94015  -0.80363   3.42281     3.04907     2.36321     0.68586
   2.05965  -0.40969   3.42281    -0.27171    -0.34197     0.07026
   2.05965  -0.00000   3.01312    -1.55873    -2.73924     1.18051
   2.01749   0.41460   3.01312    -0.55284    -2.01288     1.46004
   1.89273   0.81224   3.01312     2.45293     0.20882     2.24412
   1.69048   1.17661   3.01312     7.41465     4.04870     3.36595
   1.41903   1.49282   3.01312    14.25325     9.68024     4.57301
  -1.26072   1.62872   3.01312    18.35340    13.20903     5.14437
  -1.56277   1.34160   3.01312    10.60491     6.62986     3.97506
  -1.80085   0.99955   3.01312     4.69314     1.91613     2.77701
  -1.96519   0.61658   3.01312     0.70156    -1.09489     1.79645
  -2.04908   0.20837   3.01312    -1.30710    -2.55832     1.25122
  -2.04908  -0.20837   3.01312    -1.30710    -2.55832     1.25122
  -1.96519  -0.61658   3.01312     0.70156    -1.09489     1.79645
  -1.80085  -0.99955   3.01312     4.69314     1.91613     2.77701
  -1.56277  -1.34160   3.01312    10.60491     6.62986     3.97506
  -1.26072  -1.62872   3.01312    18.35340    13.20903     5.14437
   1.41903  -1.49282   3.01312    14.25325     9.68024     4.57301
   1.69048  -1.17661   3.01312     7.41465     4.04870     3.36595
   1.89273  -0.81224   3.01312     2.45293     0.20882     2.24412
   2.01749  -0.41460   3.01312    -0.55284    -2.01288     1.46004
  -0.00000   0.84850   5.61699    29.85690    28.78180     1.07510
   0.43482   0.84850   5.55975    29.13840    28.19388     0.94452
   0.21741   1.22506   5.55975    30.12297    29.67673     0.44624
  -0.21741   1.22506   5.55975    30.12297    29.67673     0.44624
  -0.43482   0.84850   5.55975    29.13840    28.19388     0.94452
  -0.21741   0.47194   5.55975    29.77407    27.73939     2.03468
   0.21741   0.47194   5.55975    29.77407    27.73939     2.03468
   0.84000   0.84850   5.39191    26.99295    26.42631     0.56664
   0.72746   1.26850   5.39191    28.62761    28.48166     0.14595
   0.42000   1.57596   5.39191    30.32816    30.24309     0.08507
   0.00000   1.68850   5.39191    31.00713    30.91102     0.09611
  -0.42000   1.57596   5.39191    30.32816    30.24309     0.08507
  -0.72746   1.26850   5.39191    28.62761    28.48166     0.14595
  -0.84000   0.84850   5.39191    26.99295    26.42631     0.56664
  -0.72746   0.42850   5.39191    27.23328    25.52755     1.70573
   0.72746   0.42850   5.39191    27.23328    25.52755     1.70573
   1.18794   0.84850   5.12493    23.47074    23.47380    -0.00306
   1.10772   1.27763   5.12493    25.99960    26.23306    -0.23346
   0.87790   1.64881   5.12493    28.64079    28.80716    -0.16637
   0.52951   1.91190   5.12493    30.60552    30.64744    -0.04192
   0.10961   2.03137   5.12493    31.50913    31.48162     0.02751
  -0.32510   1.99109   5.12493    31.20354    31.20053     0.00301
  -0.71589   1.79650   5.12493    29.73830    29.84046    -0.10216
  -1.01001   1.47387   5.12493    27.36820    27.58651    -0.21831
  -1.16771   1.06678   5.12493    24.64732    24.82471    -0.17739
  -1.16771   0.63022   5.12493    22.68635    22.34073     0.34562
   1.45492   0.84850   4.77699    18.72363    19.35091    -0.62728
   1.39029   1.27735   4.77699    22.49371    23.07802    -0.58432
   1.20211   1.66809   4.77699    26.10377    26.45402    -0.35025
   0.90713   1.98601   4.77699    29.01918    29.13274    -0.11356
   0.53154   2.20285   4.77699    30.98830    30.93179     0.05651
   0.10873   2.29936   4.77699    31.86179    31.72845     0.13334
  -0.32375   2.26695   4.77699    31.56875    31.46104     0.10771
  -0.72746   2.10850   4.77699    30.13363    30.15101    -0.01737
  -1.06653   1.83810   4.77699    27.66752    27.89381    -0.22629
  -1.31084   1.47977   4.77699    24.36243    24.83776    -0.47533
  -1.43867   1.06535   4.77699    20.57415    21.22373    -0.64958
   1.56746   1.26850   4.37181    18.42933    19.09457    -0.66524
   1.40535   1.65988   4.37181    23.10490    23.38803    -0.28313
   1.14746   1.99596   4.37181    26.90886    26.88974     0.01912
   0.81138   2.25385   4.37181    29.74834    29.52172     0.22662
   0.42000   2.41596   4.37181    31.52733    31.17782     0.34951
   0.00000   2.47126   4.37181    32.13727    31.74632     0.39095
  -0.42000   2.41596   4.37181    31.52733    31.17782     0.34951
  -0.81138   2.25385   4.37181    29.74834    29.52172     0.22662
  -1.14746   1.99596   4.37181    26.90886    26.88974     0.01912
  -1.40535   1.65988   4.37181    23.10490    23.38803    -0.28313
  -1.56746   1.26850   4.37181    18.42933    19.09457    -0.66524
   1.62722   1.26630   3.93699    14.65297    14.67591    -0.02293
   1.47220   1.65785   3.93699    20.51078    20.14516     0.36561
   1.22467   1.99854   3.93699    25.22086    24.62862     0.59224
   0.90019   2.26697   3.93699    28.86669    28.15343     0.71326
   0.51915   2.44628   3.93699    31.37296    30.58475     0.78821
   0.10549   2.52519   3.93699    32.51817    31.69145     0.82672
  -0.31480   2.49874   3.93699    32.13037    31.31748     0.81289
  -0.71531   2.36861   3.93699    30.27420    29.51965     0.75454
  -1.07087   2.14296   3.93699    27.17681    26.51562     0.66119
  -1.35915   1.83598   3.93699    23.00199    22.50471     0.49727
  -1.56202   1.46695   3.93699    17.73216    17.54106     0.19110
   1.40535   1.65988   3.50217    19.19614    17.21660     1.97954
   1.14746   1.99596   3.50217    24.81047    22.99928     1.81119
   0.81138   2.25385   3.50217    29.44400    27.76816     1.67584
   0.42000   2.41596   3.50217    32.82377    31.12751     1.69626
  -0.42000   2.41596   3.50217    32.82377    31.12751     1.69626
  -0.81138   2.25385   3.50217    29.44400    27.76816     1.67584
  -1.14746   1.99596   3.50217    24.81047    22.99928     1.81119
  -1.40535   1.65988   3.50217    19.19614    17.21660     1.97954
  -0.00000  -0.84850   5.61699    29.85690    28.78180     1.07510
   0.43482  -0.84850   5.55975    29.13840    28.19388     0.94452
   0.21741  -0.47194   5.55975    29.77407    27.73939     2.03468
  -0.21741  -0.47194   5.55975    29.77407    27.73939     2.03468
  -0.43482  -0.84850   5.55975    29.13840    28.19388     0.94452
  -0.21741  -1.22506   5.55975    30.12297    29.67673     0.44624
   0.21741  -1.22506   5.55975    30.12297    29.67673     0.44624
   0.84000  -0.84850   5.39191    26.99295    26.42631     0.56664
   0.72746  -0.42850   5.39191    27.23328    25.52755     1.70573
  -0.72746  -0.42850   5.39191    27.23328    25.52755     1.70573
  -0.84000  -0.84850   5.39191    26.99295    26.42631     0.56664
  -0.72746  -1.26850   5.39191    28.62761    28.48166     0.14595
  -0.42000  -1.57596   5.39191    30.32816    30.24309     0.08507
  -0.00000  -1.68850   5.39191    31.00713    30.91102     0.09611
   0.42000  -1.57596   5.39191    30.32816    30.24309     0.08507
   0.72746  -1.26850   5.39191    28.62761    28.48166     0.14595
   1.18794  -0.84850   5.12493    23.47074    23.47380    -0.00306
  -1.16771  -0.63022   5.12493    22.68635    22.34073     0.34562
  -1.16771  -1.06678   5.12493    24.64732    24.82471    -0.17739
  -1.01001  -1.47387   5.12493    27.36820    27.58651    -0.21831
  -0.71589  -1.79650   5.12493    29.73830    29.84046    -0.10216
  -0.32510  -1.99109   5.12493    31.20354    31.20053     0.00301
   0.10961  -2.03137   5.12493    31.50913    31.48162     0.02751
   0.52951  -1.91190   5.12493    30.60552    30.64744    -0.04192
   0.87790  -1.64881   5.12493    28.64079    28.80716    -0.16637
   1.10772  -1.27763   5.12493    25.99960    26.23306    -0.23346
   1.45492  -0.84850   4.77699    18.72363    19.35091    -0.62728
  -1.43867  -1.06535   4.77699    20.57415    21.22373    -0.64958
  -1.31084  -1.47977   4.77699    24.36243    24.83776    -0.47533
  -1.06653  -1.83810   4.77699    27.66752    27.89381    -0.22629
  -0.72746  -2.10850   4.77699    30.13363    30.15101    -0.01737
  -0.32375  -2.26695   4.77699    31.56875    31.46104     0.10771
   0.10873  -2.29936   4.77699    31.86179    31.72845     0.13334
   0.53154  -2.20285   4.77699    30.98830    30.93179     0.05651
   0.90713  -1.98601   4.77699    29.01918    29.13274    -0.11356
   1.20211  -1.66809   4.77699    26.10377    26.45402    -0.35025
   1.39029  -1.27735   4.77699    22.49371    23.07802    -0.58432
  -1.56746  -1.26850   4.37181    18.42933    19.09457    -0.66524
  -1.40535  -1.65988   4.37181    23.10490    23.38803    -0.28313
  -1.14746  -1.99596   4.37181    26.90886    26.88974     0.01912
  -0.81138  -2.25385   4.37181    29.74834    29.52172     0.22662
  -0.42000  -2.41596   4.37181    31.52733    31.17782     0.34951
  -0.00000  -2.47126   4.37181    32.13727    31.74632     0.39095
   0.42000  -2.41596   4.37181    31.52733    31.17782     0.34951
   0.81138  -2.25385   4.37181    29.74834    29.52172     0.22662
   1.14746  -1.99596   4.37181    26.90886    26.88974     0.01912
   1.40535  -1.65988   4.37181    23.10490    23.38803    -0.28313
   1.56746  -1.26850   4.37181    18.42933    19.09457    -0.66524
  -1.56202  -1.46695   3.93699    17.73216    17.54106     0.19110
  -1.35915  -1.83598   3.93699    23.00199    22.50471     0.49727
  -1.07087  -2.14296   3.93699    27.17681    26.51562     0.66119
  -0.71531  -2.36861   3.93699    30.27420    29.51965     0.75454
  -0.31480  -2.49874   3.93699    32.13037    31.31748     0.81289
   0.10549  -2.52519   3.93699    32.51817    31.69145     0.82672
   0.51915  -2.44628   3.93699    31.37296    30.58475     0.78821
   0.90019  -2.26697   3.93699    28.86669    28.15343     0.71326
   1.22467  -1.99854   3.93699    25.22086    24.62862     0.59224
   1.47220  -1.65785   3.93699    20.51078    20.14516     0.36561
   1.62722  -1.26630   3.93699    14.65297    14.67591    -0.02293
  -1.40535  -1.65988   3.50217    19.19614    17.21660     1.97954
  -1.14746  -1.99596   3.50217    24.81047    22.99928     1.81119
  -0.81138  -2.25385   3.50217    29.44400    27.76816     1.67584
  -0.42000  -2.41596   3.50217    32.82377    31.12751     1.69626
   0.42000  -2.41596   3.50217    32.82377    31.12751     1.69626
   0.81138  -2.25385   3.50217    29.44400    27.76816     1.67584
   1.14746  -1.99596   3.50217    24.81047    22.99928     1.81119
   1.40535  -1.65988   3.50217    19.19614    17.21660     1.97954
   1.64408   1.47952  -1.73368    -7.86771    -7.92239     0.05467
   1.48745   1.87512  -1.73368   -10.49823    -9.32963    -1.16861
   1.23736   2.21934  -1.73368   -10.76555    -8.68034    -2.08521
  -1.37323   2.05510  -1.73368   -10.92871    -9.23359    -1.69511
  -1.57821   1.68225  -1.73368    -9.47916    -8.91009    -0.56907
  -1.68402   1.27013  -1.73368    -5.63190    -6.31032     0.67842
   1.86407   1.05739  -2.10800    -8.02898    -9.06176     1.03278
   1.81734   1.47218  -2.10800   -12.53325   -12.56722     0.03397
   1.67947   1.86618  -2.10800   -15.28425   -14.51959    -0.76466
   1.45739   2.21962  -2.10800   -16.56751   -15.21968    -1.34783
   1.16223   2.51478  -2.10800   -16.63026   -14.98921    -1.64104
   0.80879   2.73686  -2.10800   -15.86470   -14.23529    -1.62940
   0.41480   2.87472  -2.10800   -14.90900   -13.45997    -1.44903
   0.00000   2.92146  -2.10800   -14.47978   -13.13444    -1.34535
  -0.41480   2.87472  -2.10800   -14.90900   -13.45997    -1.44903
  -0.80879   2.73686  -2.10800   -15.86470   -14.23529    -1.62940
  -1.16223   2.51478  -2.10800   -16.63026   -14.98921    -1.64104
  -1.45739   2.21962  -2.10800   -16.56751   -15.21968    -1.34783
  -1.67947   1.86618  -2.10800   -15.28425   -14.51959    -0.76466
  -1.81734   1.47218  -2.10800   -12.53325   -12.56722     0.03397
  -1.86407   1.05739  -2.10800    -8.02898    -9.06176     1.03278
   1.94926   1.05739  -2.50880   -13.07604   -14.12880     1.05275
   1.90369   1.47642  -2.50880   -16.73066   -17.01887     0.28822
   1.76910   1.87586  -2.50880   -19.07441   -18.90775    -0.16666
   1.55179   2.23703  -2.50880   -20.32629   -19.95065    -0.37564
   1.26193   2.54304  -2.50880   -20.72538   -20.34328    -0.38211
   0.91305   2.77958  -2.50880   -20.56537   -20.31792    -0.24745
   0.52148   2.93560  -2.50880   -20.19953   -20.12816    -0.07137
   0.10553   3.00379  -2.50880   -19.96547   -19.99800     0.03253
  -0.31536   2.98097  -2.50880   -20.04956   -20.04491    -0.00465
  -0.72150   2.86821  -2.50880   -20.38527   -20.22802    -0.15725
  -1.09390   2.67077  -2.50880   -20.69401   -20.36710    -0.32691
  -1.41516   2.39789  -2.50880   -20.61620   -20.21455    -0.40165
  -1.67024   2.06234  -2.50880   -19.82303   -19.52359    -0.29943
  -1.84723   1.67979  -2.50880   -18.05219   -18.07982     0.02763
  -1.93784   1.26814  -2.50880   -15.08219   -15.70664     0.62445
  -1.93784   0.84664  -2.50880   -10.68147   -12.27754     1.59608
   1.94926   1.05739  -2.91855   -17.83633   -18.85798     1.02165
   1.90369   1.47642  -2.91855   -20.53964   -21.06493     0.52529
   1.76910   1.87586  -2.91855   -22.27910   -22.67956     0.40046
   1.55179   2.23703  -2.91855   -23.19150   -23.73069     0.53920
   1.26193   2.54304  -2.91855   -23.47701   -24.31793     0.84091
   0.91305   2.77958  -2.91855   -23.37912   -24.57596     1.19684
   0.52148   2.93560  -2.91855   -23.15134   -24.64827     1.49694
   0.10553   3.00379  -2.91855   -23.00889   -24.65434     1.64545
  -0.31536   2.98097  -2.91855   -23.05972   -24.65408     1.59436
  -0.72150   2.86821  -2.91855   -23.26617   -24.62685     1.36068
  -1.09390   2.67077  -2.91855   -23.46007   -24.47899     1.01892
  -1.41516   2.39789  -2.91855   -23.39857   -24.07441     0.67584
  -1.67024   2.06234  -2.91855   -22.82754   -23.27048     0.44293
  -1.84723   1.67979  -2.91855   -21.52295   -21.94675     0.42380
  -1.93784   1.26814  -2.91855   -19.31349   -20.03285     0.71936
  -1.93784   0.84664  -2.91855   -16.10942   -17.56131     1.45189
   1.90369   0.63835  -2.91855   -14.15097   -16.18509     2.03412
   1.86407   1.05739  -3.31935   -22.25713   -23.05930     0.80217
   1.81734   1.47218  -3.31935   -24.03863   -24.62839     0.58976
   1.67947   1.86618  -3.31935   -25.13301   -25.90665     0.77364
   1.45739   2.21962  -3.31935   -25.61055   -26.82703     1.21649
   1.16223   2.51478  -3.31935   -25.64067   -27.41801     1.77734
   0.80879   2.73686  -3.31935   -25.43924   -27.75126     2.31202
   0.41480   2.87472  -3.31935   -25.21396   -27.90829     2.69433
   0.00000   2.92146  -3.31935   -25.11983   -27.95264     2.83281
  -0.41480   2.87472  -3.31935   -25.21396   -27.90829     2.69433
  -0.80879   2.73686  -3.31935   -25.43924   -27.75126     2.31202
  -1.16223   2.51478  -3.31935   -25.64067   -27.41801     1.77734
  -1.45739   2.21962  -3.31935   -25.61055   -26.82703     1.21649
  -1.67947   1.86618  -3.31935   -25.13301   -25.90665     0.77364
  -1.81734   1.47218  -3.31935   -24.03863   -24.62839     0.58976
  -1.86407   1.05739  -3.31935   -22.25713   -23.05930     0.80217
  -1.81734   0.64259  -3.31935   -19.92656   -21.46829     1.54172
   1.81734   0.64259  -3.31935   -19.92656   -21.46829     1.54172
   1.69741   1.05739  -3.69368   -26.29265   -26.64045     0.34780
   1.64408   1.47952  -3.69368   -27.28098   -27.70682     0.42584
   1.48745   1.87512  -3.69368   -27.76541   -28.68310     0.91769
   1.23736   2.21934  -3.69368   -27.78926   -29.42748     1.63822
   0.90952   2.49056  -3.69368   -27.53763   -29.92173     2.38410
   0.52453   2.67172  -3.69368   -27.23266   -30.20119     2.96853
   0.10658   2.75145  -3.69368   -27.06386   -30.31063     3.24678
  -0.31806   2.72473  -3.69368   -27.12284   -30.27490     3.15205
  -0.72272   2.59325  -3.69368   -27.37824   -30.08533     2.70709
  -1.08197   2.36526  -3.69368   -27.68384   -29.70430     2.02046
  -1.37323   2.05510  -3.69368   -27.82565   -29.08733     1.26167
  -1.57821   1.68225  -3.69368   -27.58783   -28.21909     0.63126
  -1.68402   1.27013  -3.69368   -26.84360   -27.16834     0.32474
  -1.68402   0.84464  -3.69368   -25.67204   -26.18076     0.50872
  -1.57821   0.43253  -3.69368   -24.59837   -25.85101     1.25263
   1.48745   0.23965  -3.69368   -24.49170   -26.28466     1.79296
   1.64408   0.63526  -3.69368   -25.06210   -25.87566     0.81356
   1.45656   1.05739  -4.02517   -29.86945   -29.56520    -0.30425
   1.39756   1.46775  -4.02517   -30.14869   -30.18842     0.03973
   1.22534   1.84486  -4.02517   -30.12108   -30.87340     0.75232
   0.95385   2.15819  -4.02517   -29.81988   -31.42737     1.60749
   0.60508   2.38232  -4.02517   -29.43584   -31.79194     2.35609
   0.20729   2.49913  -4.02517   -29.17731   -31.96795     2.79064
  -0.20729   2.49913  -4.02517   -29.17731   -31.96795     2.79064
  -0.60508   2.38232  -4.02517   -29.43584   -31.79194     2.35609
  -0.95385   2.15819  -4.02517   -29.81988   -31.42737     1.60749
  -1.22534   1.84486  -4.02517   -30.12108   -30.87340     0.75232
  -1.39756   1.46775  -4.02517   -30.14869   -30.18842     0.03973
  -1.45656   1.05739  -4.02517   -29.86945   -29.56520    -0.30425
  -1.39756   0.64703  -4.02517   -29.59900   -29.44030    -0.15870
  -1.22534   0.26991  -4.02517   -30.26918   -30.60920     0.34002
   1.22534   0.26991  -4.02517   -30.26918   -30.60920     0.34002
   1.39756   0.64703  -4.02517   -29.59900   -29.44030    -0.15870
   1.15206   1.05739  -4.29935   -32.87146   -31.82683    -1.04463
   1.07426   1.47356  -4.29935   -32.58594   -32.14508    -0.44086
   0.85138   1.83352  -4.29935   -32.15798   -32.61136     0.45339
   0.51352   2.08867  -4.29935   -31.68609   -32.96993     1.28384
   0.10630   2.20453  -4.29935   -31.42003   -33.13160     1.71157
  -0.31528   2.16547  -4.29935   -31.51353   -33.07738     1.56385
  -0.69427   1.97675  -4.29935   -31.91200   -32.81227     0.90027
  -0.97950   1.66387  -4.29935   -32.39016   -32.38097    -0.00919
  -1.13244   1.26908  -4.29935   -32.73843   -31.94182    -0.79661
  -1.13244   0.84570  -4.29935   -33.04528   -31.87479    -1.17049
  -0.97950   0.45091  -4.29935   -33.96019   -32.82007    -1.14011
  -0.69427   0.13802  -4.29935   -36.46709   -35.29087    -1.17622
   0.51352   0.02611  -4.29935   -38.29000   -36.91647    -1.37353
   0.85138   0.28125  -4.29935   -34.97675   -33.86724    -1.10951
   1.07426   0.64121  -4.29935   -33.36217   -32.17564    -1.18653
   0.79720   1.05739  -4.50423   -35.15810   -33.43164    -1.72646
   0.69040   1.45599  -4.50423   -34.48290   -33.51868    -0.96422
   0.39860   1.74779  -4.50423   -33.91501   -33.77358    -0.14142
   0.00000   1.85459  -4.50423   -33.67216   -33.88647     0.21431
  -0.39860   1.74779  -4.50423   -33.91501   -33.77358    -0.14142
  -0.69040   1.45599  -4.50423   -34.48290   -33.51868    -0.96422
  -0.79720   1.05739  -4.50423   -35.15810   -33.43164    -1.72646
  -0.69040   0.65878  -4.50423   -36.14831   -34.04405    -2.10426
  -0.39860   0.36699  -4.50423   -37.77293   -35.48245    -2.29049
  -0.00000   0.26018  -4.50423   -38.81021   -36.39061    -2.41960
   0.39860   0.36699  -4.50423   -37.77293   -35.48245    -2.29049
   0.69040   0.65878  -4.50423   -36.14831   -34.04405    -2.10426
   0.40751   1.05739  -4.63085   -36.59510   -34.38939    -2.20571
   0.20375   1.41030  -4.63085   -35.77557   -34.33511    -1.44046
  -0.20375   1.41030  -4.63085   -35.77557   -34.33511    -1.44046
  -0.40751   1.05739  -4.63085   -36.59510   -34.38939    -2.20571
  -0.20375   0.70448  -4.63085   -37.71458   -35.02469    -2.68989
   0.20375   0.70448  -4.63085   -37.71458   -35.02469    -2.68989
   0.00000   1.05739  -4.67368   -37.08581   -34.70770    -2.37812
  -1.68402  -1.27013  -1.73368    -5.63190    -6.31032     0.67842
  -1.57821  -1.68225  -1.73368    -9.47916    -8.91009    -0.56907
  -1.37323  -2.05510  -1.73368   -10.92871    -9.23359    -1.69511
   1.23736  -2.21934  -1.73368   -10.76555    -8.68034    -2.08521
   1.48745  -1.87512  -1.73368   -10.49823    -9.32963    -1.16861
   1.64408  -1.47952  -1.73368    -7.86771    -7.92239     0.05467
   1.86407  -1.05739  -2.10800    -8.02898    -9.06176     1.03278
  -1.86407  -1.05739  -2.10800    -8.02898    -9.06176     1.03278
  -1.81734  -1.47218  -2.10800   -12.53325   -12.56722     0.03397
  -1.67947  -1.86618  -2.10800   -15.28425   -14.51959    -0.76466
  -1.45739  -2.21962  -2.10800   -16.56751   -15.21968    -1.34783
  -1.16223  -2.51478  -2.10800   -16.63026   -14.98921    -1.64104
  -0.80879  -2.73686  -2.10800   -15.86470   -14.23529    -1.62940
  -0.41480  -2.87472  -2.10800   -14.90900   -13.45997    -1.44903
  -0.00000  -2.92146  -2.10800   -14.47978   -13.13444    -1.34535
   0.41480  -2.87472  -2.10800   -14.90900   -13.45997    -1.44903
   0.80879  -2.73686  -2.10800   -15.86470   -14.23529    -1.62940
   1.16223  -2.51478  -2.10800   -16.63026   -14.98921    -1.64104
   1.45739  -2.21962  -2.10800   -16.56751   -15.21968    -1.34783
   1.67947  -1.86618  -2.10800   -15.28425   -14.51959    -0.76466
   1.81734  -1.47218  -2.10800   -12.53325   -12.56722     0.03397
   1.94926  -1.05739  -2.50880   -13.07604   -14.12880     1.05275
  -1.93784  -0.84664  -2.50880   -10.68147   -12.27754     1.59608
  -1.93784  -1.26814  -2.50880   -15.08219   -15.70664     0.62445
  -1.84723  -1.67979  -2.50880   -18.05219   -18.07982     0.02763
  -1.67024  -2.06234  -2.50880   -19.82303   -19.52359    -0.29943
  -1.41516  -2.39789  -2.50880   -20.61620   -20.21455    -0.40165
  -1.09390  -2.67077  -2.50880   -20.69401   -20.36710    -0.32691
  -0.72150  -2.86821  -2.50880   -20.38527   -20.22802    -0.15725
  -0.31536  -2.98097  -2.50880   -20.04956   -20.04491    -0.00465
   0.10553  -3.00379  -2.50880   -19.96547   -19.99800     0.03253
   0.52148  -2.93560  -2.50880   -20.19953   -20.12816    -0.07137
   0.91305  -2.77958  -2.50880   -20.56537   -20.31792    -0.24745
   1.26193  -2.54304  -2.50880   -20.72538   -20.34328    -0.38211
   1.55179  -2.23703  -2.50880   -20.32629   -19.95065    -0.37564
   1.76910  -1.87586  -2.50880   -19.07441   -18.90775    -0.16666
   1.90369  -1.47642  -2.50880   -16.73066   -17.01887     0.28822
   1.94926  -1.05739  -2.91855   -17.83633   -18.85798     1.02165
   1.90369  -0.63835  -2.91855   -14.15097   -16.18509     2.03412
  -1.93784  -0.84664  -2.91855   -16.10942   -17.56131     1.45189
  -1.93784  -1.26814  -2.91855   -19.31349   -20.03285     0.71936
  -1.84723  -1.67979  -2.91855   -21.52295   -21.94675     0.42380
  -1.67024  -2.06234  -2.91855   -22.82754   -23.27048     0.44293
  -1.41516  -2.39789  -2.91855   -23.39857   -24.07441     0.67584
  -1.09390  -2.67077  -2.91855   -23.46007   -24.47899     1.01892
  -0.72150  -2.86821  -2.91855   -23.26617   -24.62685     1.36068
  -0.31536  -2.98097  -2.91855   -23.05972   -24.65408     1.59436
   0.10553  -3.00379  -2.91855   -23.00889   -24.65434     1.64545
   0.52148  -2.93560  -2.91855   -23.15134   -24.64827     1.49694
   0.91305  -2.77958  -2.91855   -23.37912   -24.57596     1.19684
   1.26193  -2.54304  -2.91855   -23.47701   -24.31793     0.84091
   1.55179  -2.23703  -2.91855   -23.19150   -23.73069     0.53920
   1.76910  -1.87586  -2.91855   -22.27910   -22.67956     0.40046
   1.90369  -1.47642  -2.91855   -20.53964   -21.06493     0.52529
   1.86407  -1.05739  -3.31935   -22.25713   -23.05930     0.80217
   1.81734  -0.64259  -3.31935   -19.92656   -21.46829     1.54172
  -1.81734  -0.64259  -3.31935   -19.92656   -21.46829     1.54172
  -1.86407  -1.05739  -3.31935   -22.25713   -23.05930     0.80217
  -1.81734  -1.47218  -3.31935   -24.03863   -24.62839     0.58976
  -1.67947  -1.86618  -3.31935   -25.13301   -25.90665     0.77364
  -1.45739  -2.21962  -3.31935   -25.61055   -26.82703     1.21649
  -1.16223  -2.51478  -3.31935   -25.64067   -27.41801     1.77734
  -0.80879  -2.73686  -3.31935   -25.43924   -27.75126     2.31202
  -0.41480  -2.87472  -3.31935   -25.21396   -27.90829     2.69433
  -0.00000  -2.92146  -3.31935   -25.11983   -27.95264     2.83281
   0.41480  -2.87472  -3.31935   -25.21396   -27.90829     2.69433
   0.80879  -2.73686  -3.31935   -25.43924   -27.75126     2.31202
   1.16223  -2.51478  -3.31935   -25.64067   -27.41801     1.77734
   1.45739  -2.21962  -3.31935   -25.61055   -26.82703     1.21649
   1.67947  -1.86618  -3.31935   -25.13301   -25.90665     0.77364
   1.81734  -1.47218  -3.31935   -24.03863   -24.62839     0.58976
   1.69741  -1.05739  -3.69368   -26.29265   -26.64045     0.34780
   1.64408  -0.63526  -3.69368   -25.06210   -25.87566     0.81356
   1.48745  -0.23965  -3.69368   -24.49170   -26.28466     1.79296
  -1.57821  -0.43253  -3.69368   -24.59837   -25.85101     1.25263
  -1.68402  -0.84464  -3.69368   -25.67204   -26.18076     0.50872
  -1.68402  -1.27013  -3.69368   -26.84360   -27.16834     0.32474
  -1.57821  -1.68225  -3.69368   -27.58783   -28.21909     0.63126
  -1.37323  -2.05510  -3.69368   -27.82565   -29.08733     1.26167
  -1.08197  -2.36526  -3.69368   -27.68384   -29.70430     2.02046
  -0.72272  -2.59325  -3.69368   -27.37824   -30.08533     2.70709
  -0.31806  -2.72473  -3.69368   -27.12284   -30.27490     3.15205
   0.10658  -2.75145  -3.69368   -27.06386   -30.31063     3.24678
   0.52453  -2.67172  -3.69368   -27.23266   -30.20119     2.96853
   0.90952  -2.49056  -3.69368   -27.53763   -29.92173     2.38410
   1.23736  -2.21934  -3.69368   -27.78926   -29.42748     1.63822
   1.48745  -1.87512  -3.69368   -27.76541   -28.68310     0.91769
   1.64408  -1.47952  -3.69368   -27.28098   -27.70682     0.42584
   1.45656  -1.05739  -4.02517   -29.86945   -29.56520    -0.30425
   1.39756  -0.64703  -4.02517   -29.59900   -29.44030    -0.15870
   1.22534  -0.26991  -4.02517   -30.26918   -30.60920     0.34002
  -1.22534  -0.26991  -4.02517   -30.26918   -30.60920     0.34002
  -1.39756  -0.64703  -4.02517   -29.59900   -29.44030    -0.15870
  -1.45656  -1.05739  -4.02517   -29.86945   -29.56520    -0.30425
  -1.39756  -1.46775  -4.02517   -30.14869   -30.18842     0.03973
  -1.22534  -1.84486  -4.02517   -30.12108   -30.87340     0.75232
  -0.95385  -2.15819  -4.02517   -29.81988   -31.42737     1.60749
  -0.60508  -2.38232  -4.02517   -29.43584   -31.79194     2.35609
  -0.20729  -2.49913  -4.02517   -29.17731   -31.96795     2.79064
   0.20729  -2.49913  -4.02517   -29.17731   -31.96795     2.79064
   0.60508  -2.38232  -4.02517   -29.43584   -31.79194     2.35609
   0.95385  -2.15819  -4.02517   -29.81988   -31.42737     1.60749
   1.22534  -1.84486  -4.02517   -30.12108   -30.87340     0.75232
   1.39756  -1.46775  -4.02517   -30.14869   -30.18842     0.03973
   1.15206  -1.05739  -4.29935   -32.87146   -31.82683    -1.04463
   1.07426  -0.64121  -4.29935   -33.36217   -32.17564    -1.18653
   0.85138  -0.28125  -4.29935   -34.97675   -33.86724    -1.10951
   0.51352  -0.02611  -4.29935   -38.29000   -36.91647    -1.37353
  -0.69427  -0.13802  -4.29935   -36.46709   -35.29087    -1.17622
  -0.97950  -0.45091  -4.29935   -33.96019   -32.82007    -1.14011
  -1.13244  -0.84570  -4.29935   -33.04528   -31.87479    -1.17049
  -1.13244  -1.26908  -4.29935   -32.73843   -31.94182    -0.79661
  -0.97950  -1.66387  -4.29935   -32.39016   -32.38097    -0.00919
  -0.69427  -1.97675  -4.29935   -31.91200   -32.81227     0.90027
  -0.31528  -2.16547  -4.29935   -31.51353   -33.07738     1.56385
   0.10630  -2.20453  -4.29935   -31.42003   -33.13160     1.71157
   0.51352  -2.08867  -4.29935   -31.68609   -32.96993     1.28384
   0.85138  -1.83352  -4.29935   -32.15798   -32.61136     0.45339
   1.07426  -1.47356  -4.29935   -32.58594   -32.14508    -0.44086
   0.79720  -1.05739  -4.50423   -35.15810   -33.43164    -1.72646
   0.69040  -0.65878  -4.50423   -36.14831   -34.04405    -2.10426
   0.39860  -0.36699  -4.50423   -37.77293   -35.48245    -2.29049
  -0.00000  -0.26018  -4.50423   -38.81021   -36.39061    -2.41960
  -0.39860  -0.36699  -4.50423   -37.77293   -35.48245    -2.29049
  -0.69040  -0.65878  -4.50423   -36.14831   -34.04405    -2.10426
  -0.79720  -1.05739  -4.50423   -35.15810   -33.43164    -1.72646
  -0.69040  -1.45599  -4.50423   -34.48290   -33.51868    -0.96422
  -0.39860  -1.74779  -4.50423   -33.91501   -33.77358    -0.14142
  -0.00000  -1.85459  -4.50423   -33.67216   -33.88647     0.21431
   0.39860  -1.74779  -4.50423   -33.91501   -33.77358    -0.14142
   0.69040  -1.45599  -4.50423   -34.48290   -33.51868    -0.96422
   0.40751  -1.05739  -4.63085   -36.59510   -34.38939    -2.20571
   0.20375  -0.70448  -4.63085   -37.71458   -35.02469    -2.68989
  -0.20375  -0.70448  -4.63085   -37.71458   -35.02469    -2.68989
  -0.40751  -1.05739  -4.63085   -36.59510   -34.38939    -2.20571
  -0.20375  -1.41030  -4.63085   -35.77557   -34.33511    -1.44046
   0.20375  -1.41030  -4.63085   -35.77557   -34.33511    -1.44046
   0.00000  -1.05739  -4.67368   -37.08581   -34.70770    -2.37812
   2.36354   1.20532   0.39252    -4.53815    -4.55952     0.02137
   2.32556   1.62734   0.39252    -3.30572    -3.21757    -0.08815
   2.21283   2.03580   0.39252    -1.55058    -1.49453    -0.05605
   2.02898   2.41757   0.39252     0.70469     0.63438     0.07031
   1.77991   2.76038   0.39252     3.40047     3.11475     0.28572
   1.47364   3.05321   0.39252     6.40373     5.79881     0.60492
  -1.30207   3.17786   0.39252     7.94615     7.14113     0.80502
  -1.63335   2.91367   0.39252     4.87638     4.44473     0.43165
  -1.91214   2.59457   0.39252     2.00364     1.83745     0.16619
  -2.12947   2.23082   0.39252    -0.48318    -0.47937    -0.00381
  -2.27836   1.83411   0.39252    -2.49247    -2.40702    -0.08544
  -2.35402   1.41718   0.39252    -3.98720    -3.93161    -0.05558
  -2.35402   0.99345   0.39252    -4.96235    -5.11727     0.15493
  -2.27836   0.57653   0.39252    -5.46749    -6.12240     0.65491
  -2.12947   0.17982   0.39252    -5.64006    -7.25239     1.61233
   2.21283   0.37483   0.39252    -5.58358    -6.64442     1.06085
   2.32556   0.78329   0.39252    -5.26731    -5.62771     0.36040
   2.40000   1.20532  -0.02424    -4.05434    -4.12644     0.07210
   2.36354   1.62207  -0.02424    -2.91792    -2.98054     0.06262
   2.25526   2.02617  -0.02424    -1.42758    -1.45607     0.02848
   2.07846   2.40532  -0.02424     0.47063     0.48246    -0.01183
   1.83851   2.74801  -0.02424     2.80622     2.80552     0.00070
  -1.83851   2.74801  -0.02424     2.80622     2.80552     0.00070
  -2.07846   2.40532  -0.02424     0.47063     0.48246    -0.01183
  -2.25526   2.02617  -0.02424    -1.42758    -1.45607     0.02848
  -2.36354   1.62207  -0.02424    -2.91792    -2.98054     0.06262
  -2.40000   1.20532  -0.02424    -4.05434    -4.12644     0.07210
  -2.36354   0.78856  -0.02424    -4.90399    -4.99358     0.08960
   2.36354   0.78856  -0.02424    -4.90399    -4.99358     0.08960
   2.36354   1.20532  -0.44100    -3.77447    -3.69073    -0.08374
   2.32556   1.62734  -0.44100    -2.79179    -2.79765     0.00586
   2.21283   2.03580  -0.44100    -1.49473    -1.41692    -0.07781
   2.02898   2.41757  -0.44100     0.24347     0.48574    -0.24227
  -1.91214   2.59457  -0.44100     1.31589     1.62696    -0.31107
  -2.12947   2.23082  -0.44100    -0.68901    -0.53074    -0.15827
  -2.27836   1.83411  -0.44100    -2.19001    -2.17168    -0.01833
  -2.35402   1.41718  -0.44100    -3.31451    -3.30086    -0.01364
  -2.35402   0.99345  -0.44100    -4.18549    -3.98022    -0.20527
   2.32556   0.78329  -0.44100    -4.56011    -4.18635    -0.37377
   2.25526   1.20532  -0.84509    -3.59249    -3.37132    -0.22118
   2.21451   1.63213  -0.84509    -3.04530    -2.92064    -0.12467
   2.09371   2.04351  -0.84509    -2.05572    -1.75974    -0.29598
   1.89725   2.42460  -0.84509    -0.43926     0.11803    -0.55728
  -2.00456   2.23874  -0.84509    -1.33848    -0.90877    -0.42971
  -2.16391   1.84070  -0.84509    -2.61671    -2.43054    -0.18617
  -2.24505   1.41969  -0.84509    -3.36408    -3.23249    -0.13159
  -2.24505   0.99094  -0.84509    -3.74435    -3.34511    -0.39924
   2.07846   1.20532  -1.22424    -3.50464    -3.40301    -0.10163
   2.03592   1.62371  -1.22424    -3.96084    -3.75533    -0.20551
   1.91002   2.02497  -1.22424    -3.59751    -3.04746    -0.55006
  -1.81730   2.21400  -1.22424    -3.06476    -2.32173    -0.74303
  -1.98314   1.82753  -1.22424    -3.88868    -3.52912    -0.35956
  -2.06780   1.41559  -1.22424    -3.82969    -3.71633    -0.11336
   2.36354  -1.20532   0.39252    -4.53815    -4.55952     0.02137
   2.32556  -0.78329   0.39252    -5.26731    -5.62771     0.36040
   2.21283  -0.37483   0.39252    -5.58358    -6.64442     1.06085
  -2.12947  -0.17982   0.39252    -5.64006    -7.25239     1.61233
  -2.27836  -0.57653   0.39252    -5.46749    -6.12240     0.65491
  -2.35402  -0.99345   0.39252    -4.96235    -5.11727     0.15493
  -2.35402  -1.41718   0.39252    -3.98720    -3.93161    -0.05558
  -2.27836  -1.83411   0.39252    -2.49247    -2.40702    -0.08544
  -2.12947  -2.23082   0.39252    -0.48318    -0.47937    -0.00381
  -1.91214  -2.59457   0.39252     2.00364     1.83745     0.16619
  -1.63335  -2.91367   0.39252     4.87638     4.44473     0.43165
  -1.30207  -3.17786   0.39252     7.94615     7.14113     0.80502
   1.47364  -3.05321   0.39252     6.40373     5.79881     0.60492
   1.77991  -2.76038   0.39252     3.40047     3.11475     0.28572
   2.02898  -2.41757   0.39252     0.70469     0.63438     0.07031
   2.21283  -2.03580   0.39252    -1.55058    -1.49453    -0.05605
   2.32556  -1.62734   0.39252    -3.30572    -3.21757    -0.08815
   2.40000  -1.20532  -0.02424    -4.05434    -4.12644     0.07210
   2.36354  -0.78856  -0.02424    -4.90399    -4.99358     0.08960
  -2.36354  -0.78856  -0.02424    -4.90399    -4.99358     0.08960
  -2.40000  -1.20532  -0.02424    -4.05434    -4.12644     0.07210
  -2.36354  -1.62207  -0.02424    -2.91792    -2.98054     0.06262
  -2.25526  -2.02617  -0.02424    -1.42758    -1.45607     0.02848
  -2.07846  -2.40532  -0.02424     0.47063     0.48246    -0.01183
  -1.83851  -2.74801  -0.02424     2.80622     2.80552     0.00070
   1.83851  -2.74801  -0.02424     2.80622     2.80552     0.00070
   2.07846  -2.40532  -0.02424     0.47063     0.48246    -0.01183
   2.25526  -2.02617  -0.02424    -1.42758    -1.45607     0.02848
   2.36354  -1.62207  -0.02424    -2.91792    -2.98054     0.06262
   2.36354  -1.20532  -0.44100    -3.77447    -3.69073    -0.08374
   2.32556  -0.78329  -0.44100    -4.56011    -4.18635    -0.37377
  -2.35402  -0.99345  -0.44100    -4.18549    -3.98022    -0.20527
  -2.35402  -1.41718  -0.44100    -3.31451    -3.30086    -0.01364
  -2.27836  -1.83411  -0.44100    -2.19001    -2.17168    -0.01833
  -2.12947  -2.23082  -0.44100    -0.68901    -0.53074    -0.15827
  -1.91214  -2.59457  -0.44100     1.31589     1.62696    -0.31107
   2.02898  -2.41757  -0.44100     0.24347     0.48574    -0.24227
   2.21283  -2.03580  -0.44100    -1.49473    -1.41692    -0.07781
   2.32556  -1.62734  -0.44100    -2.79179    -2.79765     0.00586
   2.25526  -1.20532  -0.84509    -3.59249    -3.37132    -0.22118
  -2.24505  -0.99094  -0.84509    -3.74435    -3.34511    -0.39924
  -2.24505  -1.41969  -0.84509    -3.36408    -3.23249    -0.13159
  -2.16391  -1.84070  -0.84509    -2.61671    -2.43054    -0.18617
  -2.00456  -2.23874  -0.84509    -1.33848    -0.90877    -0.42971
   1.89725  -2.42460  -0.84509    -0.43926     0.11803    -0.55728
   2.09371  -2.04351  -0.84509    -2.05572    -1.75974    -0.29598
   2.21451  -1.63213  -0.84509    -3.04530    -2.92064    -0.12467
   2.07846  -1.20532  -1.22424    -3.50464    -3.40301    -0.10163
  -2.06780  -1.41559  -1.22424    -3.82969    -3.71633    -0.11336
  -1.98314  -1.82753  -1.22424    -3.88868    -3.52912    -0.35956
  -1.81730  -2.21400  -1.22424    -3.06476    -2.32173    -0.74303
   1.91002  -2.02497  -1.22424    -3.59751    -3.04746    -0.55006
   2.03592  -1.62371  -1.22424    -3.96084    -3.75533    -0.20551
   1.78895   1.63104   2.89299     9.33169     7.96191     1.36978
   1.64295   2.03217   2.89299    12.47175    11.87521     0.59654
  -1.72763   1.83586   2.89299    10.88792     9.92071     0.96721
   2.07846   1.20705   2.55030     3.20908     2.45137     0.75771
   2.03592   1.62545   2.55030     5.24033     5.01013     0.23020
   1.91002   2.02671   2.55030     7.61671     7.89669    -0.27998
  -1.81730   2.21573   2.55030     8.97464     9.48395    -0.50931
  -1.98314   1.82927   2.55030     6.37926     6.40769    -0.02843
  -2.06780   1.41733   2.55030     4.18549     3.69473     0.49076
   2.25526   1.20705   2.17115     0.65010     0.96031    -0.31021
   2.21451   1.63387   2.17115     2.17683     2.75708    -0.58025
   2.09371   2.04525   2.17115     4.20055     5.06254    -0.86199
   1.89725   2.42634   2.17115     6.76392     7.86691    -1.10298
  -2.00456   2.24047   2.17115     5.40976     6.40360    -0.99384
  -2.16391   1.84244   2.17115     3.12625     3.84669    -0.72044
  -2.24505   1.42143   2.17115     1.34977     1.79441    -0.44463
  -2.24505   0.99268   2.17115     0.09036     0.25855    -0.16819
   2.36354   1.20705   1.76705    -1.55183    -0.69155    -0.86028
   2.32556   1.62908   1.76705    -0.26418     0.70901    -0.97319
   2.21283   2.03754   1.76705     1.54493     2.61183    -1.06690
   2.02898   2.41931   1.76705     3.86797     4.99468    -1.12671
  -1.91214   2.59631   1.76705     5.22778     6.35186    -1.12408
  -2.12947   2.23256   1.76705     2.64119     3.74544    -1.10425
  -2.27836   1.83584   1.76705     0.57668     1.59866    -1.02198
  -2.35402   1.41892   1.76705    -0.97452    -0.05498    -0.91954
  -2.35402   0.99519   1.76705    -1.98983    -1.19906    -0.79077
   2.32556   0.78503   1.76705    -2.28476    -1.57628    -0.70848
   2.40000   1.20705   1.35030    -3.29191    -2.37561    -0.91631
   2.36354   1.62381   1.35030    -2.09525    -1.10664    -0.98862
   2.25526   2.02790   1.35030    -0.35329     0.60983    -0.96311
   2.07846   2.40705   1.35030     1.89759     2.75990    -0.86231
   1.83851   2.74974   1.35030     4.61157     5.28663    -0.67506
  -1.83851   2.74974   1.35030     4.61157     5.28663    -0.67506
  -2.07846   2.40705   1.35030     1.89759     2.75990    -0.86231
  -2.25526   2.02790   1.35030    -0.35329     0.60983    -0.96311
  -2.36354   1.62381   1.35030    -2.09525    -1.10664    -0.98862
  -2.40000   1.20705   1.35030    -3.29191    -2.37561    -0.91631
  -2.36354   0.79030   1.35030    -3.93574    -3.22084    -0.71490
   2.36354   0.79030   1.35030    -3.93574    -3.22084    -0.71490
   2.36354   1.20705   0.93354    -4.50740    -3.92810    -0.57930
   2.32556   1.62908   0.93354    -3.27309    -2.58811    -0.68498
   2.21283   2.03754   0.93354    -1.41629    -0.82112    -0.59517
   2.02898   2.41931   0.93354     1.00088     1.37145    -0.37057
   1.77991   2.76212   0.93354     3.87738     3.91976    -0.04237
   1.47364   3.05494   0.93354     7.05007     6.66813     0.38194
  -1.63335   2.91541   0.93354     5.44051     5.28265     0.15786
  -1.91214   2.59631   0.93354     2.38956     2.60858    -0.21902
  -2.12947   2.23256   0.93354    -0.27234     0.22459    -0.49693
  -2.27836   1.83584   0.93354    -2.41968    -1.75941    -0.66027
  -2.35402   1.41892   0.93354    -3.97088    -3.30904    -0.66184
  -2.35402   0.99519   0.93354    -4.88391    -4.45613    -0.42777
  -2.27836   0.57827   0.93354    -5.19766    -5.31708     0.11942
  -2.12947   0.18155   0.93354    -5.13428    -6.16454     1.03026
   2.21283   0.37657   0.93354    -5.18888    -5.71552     0.52665
   2.32556   0.78503   0.93354    -5.10793    -4.91039    -0.19754
  -1.72763  -1.83586   2.89299    10.88792     9.92071     0.96721
   1.64295  -2.03217   2.89299    12.47175    11.87521     0.59654
   1.78895  -1.63104   2.89299     9.33169     7.96191     1.36978
   2.07846  -1.20705   2.55030     3.20908     2.45137     0.75771
  -2.06780  -1.41733   2.55030     4.18549     3.69473     0.49076
  -1.98314  -1.82927   2.55030     6.37926     6.40769    -0.02843
  -1.81730  -2.21573   2.55030     8.97464     9.48395    -0.50931
   1.91002  -2.02671   2.55030     7.61671     7.89669    -0.27998
   2.03592  -1.62545   2.55030     5.24033     5.01013     0.23020
   2.25526  -1.20705   2.17115     0.65010     0.96031    -0.31021
  -2.24505  -0.99268   2.17115     0.09036     0.25855    -0.16819
  -2.24505  -1.42143   2.17115     1.34977     1.79441    -0.44463
  -2.16391  -1.84244   2.17115     3.12625     3.84669    -0.72044
  -2.00456  -2.24047   2.17115     5.40976     6.40360    -0.99384
   1.89725  -2.42634   2.17115     6.76392     7.86691    -1.10298
   2.09371  -2.04525   2.17115     4.20055     5.06254    -0.86199
   2.21451  -1.63387   2.17115     2.17683     2.75708    -0.58025
   2.36354  -1.20705   1.76705    -1.55183    -0.69155    -0.86028
   2.32556  -0.78503   1.76705    -2.28476    -1.57628    -0.70848
  -2.35402  -0.99519   1.76705    -1.98983    -1.19906    -0.79077
  -2.35402  -1.41892   1.76705    -0.97452    -0.05498    -0.91954
  -2.27836  -1.83584   1.76705     0.57668     1.59866    -1.02198
  -2.12947  -2.23256   1.76705     2.64119     3.74544    -1.10425
  -1.91214  -2.59631   1.76705     5.22778     6.35186    -1.12408
   2.02898  -2.41931   1.76705     3.86797     4.99468    -1.12671
   2.21283  -2.03754   1.76705     1.54493     2.61183    -1.06690
   2.32556  -1.62908   1.76705    -0.26418     0.70901    -0.97319
   2.40000  -1.20705   1.35030    -3.29191    -2.37561    -0.91631
   2.36354  -0.79030   1.35030    -3.93574    -3.22084    -0.71490
  -2.36354  -0.79030   1.35030    -3.93574    -3.22084    -0.71490
  -2.40000  -1.20705   1.35030    -3.29191    -2.37561    -0.91631
  -2.36354  -1.62381   1.35030    -2.09525    -1.10664    -0.98862
  -2.25526  -2.02790   1.35030    -0.35329     0.60983    -0.96311
  -2.07846  -2.40705   1.35030     1.89759     2.75990    -0.86231
  -1.83851  -2.74974   1.35030     4.61157     5.28663    -0.67506
   1.83851  -2.74974   1.35030     4.61157     5.28663    -0.67506
   2.07846  -2.40705   1.35030     1.89759     2.75990    -0.86231
   2.25526  -2.02790   1.35030    -0.35329     0.60983    -0.96311
   2.36354  -1.62381   1.35030    -2.09525    -1.10664    -0.98862
   2.36354  -1.20705   0.93354    -4.50740    -3.92810    -0.57930
   2.32556  -0.78503   0.93354    -5.10793    -4.91039    -0.19754
   2.21283  -0.37657   0.93354    -5.18888    -5.71552     0.52665
  -2.12947  -0.18155   0.93354    -5.13428    -6.16454     1.03026
  -2.27836  -0.57827   0.93354    -5.19766    -5.31708     0.11942
  -2.35402  -0.99519   0.93354    -4.88391    -4.45613    -0.42777
  -2.35402  -1.41892   0.93354    -3.97088    -3.30904    -0.66184
  -2.27836  -1.83584   0.93354    -2.41968    -1.75941    -0.66027
  -2.12947  -2.23256   0.93354    -0.27234     0.22459    -0.49693
  -1.91214  -2.59631   0.93354     2.38956     2.60858    -0.21902
  -1.63335  -2.91541   0.93354     5.44051     5.28265     0.15786
   1.47364  -3.05494   0.93354     7.05007     6.66813     0.38194
   1.77991  -2.76212   0.93354     3.87738     3.91976    -0.04237
   2.02898  -2.41931   0.93354     1.00088     1.37145    -0.37057
   2.21283  -2.03754   0.93354    -1.41629    -0.82112    -0.59517
   2.32556  -1.62908   0.93354    -3.27309    -2.58811    -0.68498
   2.36354  -0.00000   2.48005     0.05020    -0.40104     0.45125
   2.32556   0.42203   2.48005     0.33635    -0.14736     0.48371
   2.21283   0.83049   2.48005     1.24247     0.65374     0.58873
  -2.12947   1.02550   2.48005     1.97352     1.29909     0.67443
  -2.27836   0.62879   2.48005     0.70469     0.17880     0.52589
  -2.35402   0.21187   2.48005     0.12111    -0.33820     0.45931
  -2.35402  -0.21187   2.48005     0.12111    -0.33820     0.45931
  -2.27836  -0.62879   2.48005     0.70469     0.17880     0.52589
  -2.12947  -1.02550   2.48005     1.97352     1.29909     0.67443
   2.21283  -0.83049   2.48005     1.24247     0.65374     0.58873
   2.32556  -0.42203   2.48005     0.33635    -0.14736     0.48371
   2.40000  -0.00000   2.06329    -0.96887    -0.85535    -0.11352
   2.36354   0.41676   2.06329    -0.95005    -0.77949    -0.17056
  -2.36354   0.41676   2.06329    -0.95005    -0.77949    -0.17056
  -2.40000   0.00000   2.06329    -0.96887    -0.85535    -0.11352
  -2.36354  -0.41676   2.06329    -0.95005    -0.77949    -0.17056
   2.36354  -0.41676   2.06329    -0.95005    -0.77949    -0.17056
   2.36354  -0.00000   1.64653    -2.58032    -2.13877    -0.44155
   2.32556   0.42203   1.64653    -2.79806    -2.22394    -0.57413
  -2.35402   0.21187   1.64653    -2.63679    -2.16046    -0.47633
  -2.35402  -0.21187   1.64653    -2.63679    -2.16046    -0.47633
   2.32556  -0.42203   1.64653    -2.79806    -2.22394    -0.57413
   2.25526  -0.00000   1.24244    -4.16855    -4.14782    -0.02073
  -2.24505   0.21438   1.24244    -4.28652    -4.21588    -0.07064
  -2.24505  -0.21438   1.24244    -4.28652    -4.21588    -0.07064
   2.07846  -0.00000   0.86329    -5.17382    -6.73991     1.56609
   2.07846   0.00000   0.48959    -5.54028    -7.61787     2.07759
   2.25526   0.00000   0.11044    -5.58609    -6.12406     0.53797
  -2.24505   0.21438   0.11044    -5.60680    -6.16388     0.55708
  -2.24505  -0.21438   0.11044    -5.60680    -6.16388     0.55708
   2.36354   0.00000  -0.29365    -5.24221    -4.67675    -0.56546
   2.32556   0.42203  -0.29365    -5.17758    -4.73158    -0.44600
  -2.35402   0.21187  -0.29365    -5.22904    -4.69172    -0.53732
  -2.35402  -0.21187  -0.29365    -5.22904    -4.69172    -0.53732
   2.32556  -0.42203  -0.29365    -5.17758    -4.73158    -0.44600
   2.40000   0.00000  -0.71041    -4.48042    -3.42831    -1.05210
   2.36354   0.41676  -0.71041    -4.41327    -3.47831    -0.93496
  -2.36354   0.41676  -0.71041    -4.41327    -3.47831    -0.93496
  -2.40000   0.00000  -0.71041    -4.48042    -3.42831    -1.05210
  -2.36354  -0.41676  -0.71041    -4.41327    -3.47831    -0.93496
   2.36354  -0.41676  -0.71041    -4.41327    -3.47831    -0.93496
   2.36354   0.00000  -1.12716    -3.30760    -2.41938    -0.88822
   2.32556   0.42203  -1.12716    -3.33647    -2.55402    -0.78245
   2.21283   0.83049  -1.12716    -3.35090    -2.87229    -0.47862
  -2.12947   1.02550  -1.12716    -3.29129    -3.02049    -0.27080
  -2.27836   0.62879  -1.12716    -3.35592    -2.70264    -0.65328
  -2.35402   0.21187  -1.12716    -3.31576    -2.45432    -0.86144
  -2.35402  -0.21187  -1.12716    -3.31576    -2.45432    -0.86144
  -2.27836  -0.62879  -1.12716    -3.35592    -2.70264    -0.65328
  -2.12947  -1.02550  -1.12716    -3.29129    -3.02049    -0.27080
   2.21283  -0.83049  -1.12716    -3.35090    -2.87229    -0.47862
   2.32556  -0.42203  -1.12716    -3.33647    -2.55402    -0.78245
   0.62359   3.49257   0.62674    12.78864    11.15318     1.63546
   0.21363   3.61294   0.62674    13.70732    11.98643     1.72089
  -0.21363   3.61294   0.62674    13.70732    11.98643     1.72089
  -0.62359   3.49257   0.62674    12.78864    11.15318     1.63546
   1.29482   3.27422   0.26270     7.84261     7.23533     0.60729
   0.98267   3.55075   0.26270     9.53814     8.75597     0.78217
   0.61342   3.74455   0.26270    10.69402     9.74175     0.95227
   0.20851   3.84435   0.26270    11.27886    10.22647     1.05239
  -0.20851   3.84435   0.26270    11.27886    10.22647     1.05239
  -0.61342   3.74455   0.26270    10.69402     9.74175     0.95227
  -0.98267   3.55075   0.26270     9.53814     8.75597     0.78217
  -1.29482   3.27422   0.26270     7.84261     7.23533     0.60729
   1.68649   2.93928  -0.14312     4.12274     4.18294    -0.06020
   1.46348   3.29419  -0.14312     5.90110     5.82245     0.07865
   1.16709   3.59059  -0.14312     7.39143     7.08252     0.30892
   0.81217   3.81360  -0.14312     8.50589     7.97330     0.53259
   0.41653   3.95204  -0.14312     9.19239     8.50372     0.68867
   0.00000   3.99897  -0.14312     9.42394     8.67980     0.74414
  -0.41653   3.95204  -0.14312     9.19239     8.50372     0.68867
  -0.81217   3.81360  -0.14312     8.50589     7.97330     0.53259
  -1.16709   3.59059  -0.14312     7.39143     7.08252     0.30892
  -1.46348   3.29419  -0.14312     5.90110     5.82245     0.07865
  -1.68649   2.93928  -0.14312     4.12274     4.18294    -0.06020
   1.74255   2.93329  -0.57036     2.58785     2.99612    -0.40827
   1.52850   3.28904  -0.57036     4.09889     4.31631    -0.21742
   1.24298   3.59046  -0.57036     5.43047     5.38314     0.04732
   0.89934   3.82345  -0.57036     6.47527     6.17479     0.30048
   0.51365   3.97712  -0.57036     7.16741     6.68132     0.48609
   0.10395   4.04429  -0.57036     7.46987     6.89888     0.57099
  -0.31062   4.02181  -0.57036     7.36884     6.82633     0.54251
  -0.71066   3.91074  -0.57036     6.86809     6.46403     0.40406
  -1.07748   3.71627  -0.57036     5.99397     5.81418     0.17979
  -1.39391   3.44749  -0.57036     4.79480     4.88314    -0.08834
  -1.64517   3.11697  -0.57036     3.35655     3.68583    -0.32928
  -1.81949   2.74016  -0.57036     1.81476     2.25328    -0.43852
   1.82493   2.54363  -0.99760    -0.71473    -0.01628    -0.69845
   1.68649   2.93928  -0.99760     0.66642     1.27463    -0.60822
   1.46348   3.29419  -0.99760     2.09274     2.45076    -0.35801
   1.16709   3.59059  -0.99760     3.35780     3.41876    -0.06096
   0.81217   3.81360  -0.99760     4.33358     4.13125     0.20234
   0.41653   3.95204  -0.99760     4.94477     4.56529     0.37949
   0.00000   3.99897  -0.99760     5.15248     4.71089     0.44159
  -0.41653   3.95204  -0.99760     4.94477     4.56529     0.37949
  -0.81217   3.81360  -0.99760     4.33358     4.13125     0.20234
  -1.16709   3.59059  -0.99760     3.35780     3.41876    -0.06096
  -1.46348   3.29419  -0.99760     2.09274     2.45076    -0.35801
  -1.68649   2.93928  -0.99760     0.66642     1.27463    -0.60822
  -1.82493   2.54363  -0.99760    -0.71473    -0.01628    -0.69845
   1.67959   2.54109  -1.40342    -3.72239    -2.76543    -0.95695
   1.53171   2.93101  -1.40342    -2.20193    -1.43665    -0.76528
   1.29482   3.27422  -1.40342    -0.67457    -0.21966    -0.45491
   0.98267   3.55075  -1.40342     0.61684     0.75412    -0.13728
   0.61342   3.74455  -1.40342     1.53614     1.42423     0.11191
   0.20851   3.84435  -1.40342     2.01180     1.76417     0.24763
  -0.20851   3.84435  -1.40342     2.01180     1.76417     0.24763
  -0.61342   3.74455  -1.40342     1.53614     1.42423     0.11191
  -0.98267   3.55075  -1.40342     0.61684     0.75412    -0.13728
  -1.29482   3.27422  -1.40342    -0.67457    -0.21966    -0.45491
  -1.53171   2.93101  -1.40342    -2.20193    -1.43665    -0.76528
  -1.67959   2.54109  -1.40342    -3.72239    -2.76543    -0.95695
   1.44031   2.55002  -1.76746    -8.56739    -7.25780    -1.30959
   1.26282   2.93867  -1.76746    -6.30647    -5.37393    -0.93254
   0.98302   3.26157  -1.76746    -4.37939    -3.85096    -0.52843
   0.62359   3.49257  -1.76746    -3.01205    -2.80594    -0.20611
   0.21363   3.61294  -1.76746    -2.30798    -2.27800    -0.02998
  -0.21363   3.61294  -1.76746    -2.30798    -2.27800    -0.02998
  -0.62359   3.49257  -1.76746    -3.01205    -2.80594    -0.20611
  -0.98302   3.26157  -1.76746    -4.37939    -3.85096    -0.52843
  -1.26282   2.93867  -1.76746    -6.30647    -5.37393    -0.93254
  -1.44031   2.55002  -1.76746    -8.56739    -7.25780    -1.30959
   0.59855   3.16382  -2.07147    -9.82743    -9.14565    -0.68178
   0.20787   3.30602  -2.07147    -8.60190    -8.16740    -0.43450
  -0.20787   3.30602  -2.07147    -8.60190    -8.16740    -0.43450
  -0.59855   3.16382  -2.07147    -9.82743    -9.14565    -0.68178
  -0.62359  -3.49257   0.62674    12.78864    11.15318     1.63546
  -0.21363  -3.61294   0.62674    13.70732    11.98643     1.72089
   0.21363  -3.61294   0.62674    13.70732    11.98643     1.72089
   0.62359  -3.49257   0.62674    12.78864    11.15318     1.63546
  -1.29482  -3.27422   0.26270     7.84261     7.23533     0.60729
  -0.98267  -3.55075   0.26270     9.53814     8.75597     0.78217
  -0.61342  -3.74455   0.26270    10.69402     9.74175     0.95227
  -0.20851  -3.84435   0.26270    11.27886    10.22647     1.05239
   0.20851  -3.84435   0.26270    11.27886    10.22647     1.05239
   0.61342  -3.74455   0.26270    10.69402     9.74175     0.95227
   0.98267  -3.55075   0.26270     9.53814     8.75597     0.78217
   1.29482  -3.27422   0.26270     7.84261     7.23533     0.60729
  -1.68649  -2.93928  -0.14312     4.12274     4.18294    -0.06020
  -1.46348  -3.29419  -0.14312     5.90110     5.82245     0.07865
  -1.16709  -3.59059  -0.14312     7.39143     7.08252     0.30892
  -0.81217  -3.81360  -0.14312     8.50589     7.97330     0.53259
  -0.41653  -3.95204  -0.14312     9.19239     8.50372     0.68867
  -0.00000  -3.99897  -0.14312     9.42394     8.67980     0.74414
   0.41653  -3.95204  -0.14312     9.19239     8.50372     0.68867
   0.81217  -3.81360  -0.14312     8.50589     7.97330     0.53259
   1.16709  -3.59059  -0.14312     7.39143     7.08252     0.30892
   1.46348  -3.29419  -0.14312     5.90110     5.82245     0.07865
   1.68649  -2.93928  -0.14312     4.12274     4.18294    -0.06020
  -1.81949  -2.74016  -0.57036     1.81476     2.25328    -0.43852
  -1.64517  -3.11697  -0.57036     3.35655     3.68583    -0.32928
  -1.39391  -3.44749  -0.57036     4.79480     4.88314    -0.08834
  -1.07748  -3.71627  -0.57036     5.99397     5.81418     0.17979
  -0.71066  -3.91074  -0.57036     6.86809     6.46403     0.40406
  -0.31062  -4.02181  -0.57036     7.36884     6.82633     0.54251
   0.10395  -4.04429  -0.57036     7.46987     6.89888     0.57099
   0.51365  -3.97712  -0.57036     7.16741     6.68132     0.48609
   0.89934  -3.82345  -0.57036     6.47527     6.17479     0.30048
   1.24298  -3.59046  -0.57036     5.43047     5.38314     0.04732
   1.52850  -3.28904  -0.57036     4.09889     4.31631    -0.21742
   1.74255  -2.93329  -0.57036     2.58785     2.99612    -0.40827
  -1.82493  -2.54363  -0.99760    -0.71473    -0.01628    -0.69845
  -1.68649  -2.93928  -0.99760     0.66642     1.27463    -0.60822
  -1.46348  -3.29419  -0.99760     2.09274     2.45076    -0.35801
  -1.16709  -3.59059  -0.99760     3.35780     3.41876    -0.06096
  -0.81217  -3.81360  -0.99760     4.33358     4.13125     0.20234
  -0.41653  -3.95204  -0.99760     4.94477     4.56529     0.37949
  -0.00000  -3.99897  -0.99760     5.15248     4.71089     0.44159
   0.41653  -3.95204  -0.99760     4.94477     4.56529     0.37949
   0.81217  -3.81360  -0.99760     4.33358     4.13125     0.20234
   1.16709  -3.59059  -0.99760     3.35780     3.41876    -0.06096
   1.46348  -3.29419  -0.99760     2.09274     2.45076    -0.35801
   1.68649  -2.93928  -0.99760     0.66642     1.27463    -0.60822
   1.82493  -2.54363  -0.99760    -0.71473    -0.01628    -0.69845
  -1.67959  -2.54109  -1.40342    -3.72239    -2.76543    -0.95695
  -1.53171  -2.93101  -1.40342    -2.20193    -1.43665    -0.76528
  -1.29482  -3.27422  -1.40342    -0.67457    -0.21966    -0.45491
  -0.98267  -3.55075  -1.40342     0.61684     0.75412    -0.13728
  -0.61342  -3.74455  -1.40342     1.53614     1.42423     0.11191
  -0.20851  -3.84435  -1.40342     2.01180     1.76417     0.24763
   0.20851  -3.84435  -1.40342     2.01180     1.76417     0.24763
   0.61342  -3.74455  -1.40342     1.53614     1.42423     0.11191
   0.98267  -3.55075  -1.40342     0.61684     0.75412    -0.13728
   1.29482  -3.27422  -1.40342    -0.67457    -0.21966    -0.45491
   1.53171  -2.93101  -1.40342    -2.20193    -1.43665    -0.76528
   1.67959  -2.54109  -1.40342    -3.72239    -2.76543    -0.95695
  -1.44031  -2.55002  -1.76746    -8.56739    -7.25780    -1.30959
  -1.26282  -2.93867  -1.76746    -6.30647    -5.37393    -0.93254
  -0.98302  -3.26157  -1.76746    -4.37939    -3.85096    -0.52843
  -0.62359  -3.49257  -1.76746    -3.01205    -2.80594    -0.20611
  -0.21363  -3.61294  -1.76746    -2.30798    -2.27800    -0.02998
   0.21363  -3.61294  -1.76746    -2.30798    -2.27800    -0.02998
   0.62359  -3.49257  -1.76746    -3.01205    -2.80594    -0.20611
   0.98302  -3.26157  -1.76746    -4.37939    -3.85096    -0.52843
   1.26282  -2.93867  -1.76746    -6.30647    -5.37393    -0.93254
   1.44031  -2.55002  -1.76746    -8.56739    -7.25780    -1.30959
  -0.59855  -3.16382  -2.07147    -9.82743    -9.14565    -0.68178
  -0.20787  -3.30602  -2.07147    -8.60190    -8.16740    -0.43450
   0.20787  -3.30602  -2.07147    -8.60190    -8.16740    -0.43450
   0.59855  -3.16382  -2.07147    -9.82743    -9.14565    -0.68178
   0.41653   2.86184   3.61383    25.23278    24.73173     0.50105
   0.00000   2.97345   3.61383    24.84624    24.39587     0.45037
  -0.41653   2.86184   3.61383    25.23278    24.73173     0.50105
   1.12491   2.54982   3.38509    21.15397    20.67558     0.47839
   0.91703   2.90987   3.38509    20.78374    20.59086     0.19288
   0.59855   3.17711   3.38509    20.76303    20.60285     0.16019
   0.20787   3.31930   3.38509    20.81512    20.62858     0.18653
  -0.20787   3.31930   3.38509    20.81512    20.62858     0.18653
  -0.59855   3.17711   3.38509    20.76303    20.60285     0.16019
  -0.91703   2.90987   3.38509    20.78374    20.59086     0.19288
  -1.12491   2.54982   3.38509    21.15397    20.67558     0.47839
   1.50112   2.14039   3.08107    15.69213    14.93991     0.75222
   1.44031   2.56330   3.08107    16.15272    16.15232     0.00040
   1.26282   2.95195   3.08107    16.79717    16.98295    -0.18577
   0.98302   3.27486   3.08107    17.43347    17.56570    -0.13223
   0.62359   3.50585   3.08107    17.92669    17.94318    -0.01649
   0.21363   3.62623   3.08107    18.19276    18.12966     0.06309
  -0.21363   3.62623   3.08107    18.19276    18.12966     0.06309
  -0.62359   3.50585   3.08107    17.92669    17.94318    -0.01649
  -0.98302   3.27486   3.08107    17.43347    17.56570    -0.13223
  -1.26282   2.95195   3.08107    16.79717    16.98295    -0.18577
  -1.44031   2.56330   3.08107    16.15272    16.15232     0.00040
  -1.50112   2.14039   3.08107    15.69213    14.93991     0.75222
   1.67959   2.55437   2.71703    11.98418    12.51973    -0.53555
   1.53171   2.94430   2.71703    13.30069    13.88343    -0.58274
   1.29482   3.28750   2.71703    14.45719    14.89499    -0.43780
   0.98267   3.56404   2.71703    15.37524    15.61469    -0.23945
   0.61342   3.75784   2.71703    16.00902    16.07798    -0.06896
   0.20851   3.85764   2.71703    16.33219    16.30501     0.02718
  -0.20851   3.85764   2.71703    16.33219    16.30501     0.02718
  -0.61342   3.75784   2.71703    16.00902    16.07798    -0.06896
  -0.98267   3.56404   2.71703    15.37524    15.61469    -0.23945
  -1.29482   3.28750   2.71703    14.45719    14.89499    -0.43780
  -1.53171   2.94430   2.71703    13.30069    13.88343    -0.58274
  -1.67959   2.55437   2.71703    11.98418    12.51973    -0.53555
   1.82493   2.55692   2.31121     8.56237     9.57090    -1.00853
   1.68649   2.95256   2.31121    10.43360    11.32315    -0.88955
   1.46348   3.30748   2.31121    12.02810    12.66982    -0.64172
   1.16709   3.60387   2.31121    13.29504    13.66372    -0.36867
   0.81217   3.82688   2.31121    14.21184    14.34591    -0.13407
   0.41653   3.96532   2.31121    14.76530    14.74448     0.02082
   0.00000   4.01225   2.31121    14.94979    14.87558     0.07421
  -0.41653   3.96532   2.31121    14.76530    14.74448     0.02082
  -0.81217   3.82688   2.31121    14.21184    14.34591    -0.13407
  -1.16709   3.60387   2.31121    13.29504    13.66372    -0.36867
  -1.46348   3.30748   2.31121    12.02810    12.66982    -0.64172
  -1.68649   2.95256   2.31121    10.43360    11.32315    -0.88955
  -1.82493   2.55692   2.31121     8.56237     9.57090    -1.00853
   1.74255   2.94658   1.88397     8.14758     9.11561    -0.96802
   1.52850   3.30232   1.88397    10.11483    10.76769    -0.65287
   1.24298   3.60374   1.88397    11.66666    12.00502    -0.33837
   0.89934   3.83673   1.88397    12.80119    12.87505    -0.07386
   0.51365   3.99040   1.88397    13.52220    13.41254     0.10966
   0.10395   4.05757   1.88397    13.83031    13.63911     0.19120
  -0.31062   4.03510   1.88397    13.72740    13.56384     0.16356
  -0.71066   3.92402   1.88397    13.21347    13.18371     0.02975
  -1.07748   3.72955   1.88397    12.28601    12.48346    -0.19745
  -1.39391   3.46077   1.88397    10.94251    11.43497    -0.49246
  -1.64517   3.13025   1.88397     9.18235     9.99687    -0.81452
  -1.81949   2.75345   1.88397     7.01367     8.11688    -1.10321
   1.68649   2.95256   1.45673     6.76581     7.41439    -0.64858
   1.46348   3.30748   1.45673     9.07818     9.40608    -0.32790
   1.16709   3.60387   1.45673    10.84838    10.86873    -0.02034
   0.81217   3.82688   1.45673    12.09776    11.86827     0.22948
   0.41653   3.96532   1.45673    12.84135    12.45038     0.39097
   0.00000   4.01225   1.45673    13.08859    12.64153     0.44706
  -0.41653   3.96532   1.45673    12.84135    12.45038     0.39097
  -0.81217   3.82688   1.45673    12.09776    11.86827     0.22948
  -1.16709   3.60387   1.45673    10.84838    10.86873    -0.02034
  -1.46348   3.30748   1.45673     9.07818     9.40608    -0.32790
  -1.68649   2.95256   1.45673     6.76581     7.41439    -0.64858
   1.29482   3.28750   1.05091     9.07379     8.69777     0.37602
   0.98267   3.56404   1.05091    10.96196    10.35760     0.60436
   0.61342   3.75784   1.05091    12.20506    11.41524     0.78982
   0.20851   3.85764   1.05091    12.82253    11.92993     0.89260
  -0.20851   3.85764   1.05091    12.82253    11.92993     0.89260
  -0.61342   3.75784   1.05091    12.20506    11.41524     0.78982
  -0.98267   3.56404   1.05091    10.96196    10.35760     0.60436
  -1.29482   3.28750   1.05091     9.07379     8.69777     0.37602
   0.62359   3.50585   0.68687    12.79492    11.21068     1.58424
   0.21363   3.62623   0.68687    13.69414    12.02585     1.66829
  -0.21363   3.62623   0.68687    13.69414    12.02585     1.66829
  -0.62359   3.50585   0.68687    12.79492    11.21068     1.58424
  -0.41653  -2.86184   3.61383    25.23278    24.73173     0.50105
  -0.00000  -2.97345   3.61383    24.84624    24.39587     0.45037
   0.41653  -2.86184   3.61383    25.23278    24.73173     0.50105
  -1.12491  -2.54982   3.38509    21.15397    20.67558     0.47839
  -0.91703  -2.90987   3.38509    20.78374    20.59086     0.19288
  -0.59855  -3.17711   3.38509    20.76303    20.60285     0.16019
  -0.20787  -3.31930   3.38509    20.81512    20.62858     0.18653
   0.20787  -3.31930   3.38509    20.81512    20.62858     0.18653
   0.59855  -3.17711   3.38509    20.76303    20.60285     0.16019
   0.91703  -2.90987   3.38509    20.78374    20.59086     0.19288
   1.12491  -2.54982   3.38509    21.15397    20.67558     0.47839
   1.50112  -2.14039   3.08107    15.69213    14.93991     0.75222
  -1.50112  -2.14039   3.08107    15.69213    14.93991     0.75222
  -1.44031  -2.56330   3.08107    16.15272    16.15232     0.00040
  -1.26282  -2.95195   3.08107    16.79717    16.98295    -0.18577
  -0.98302  -3.27486   3.08107    17.43347    17.56570    -0.13223
  -0.62359  -3.50585   3.08107    17.92669    17.94318    -0.01649
  -0.21363  -3.62623   3.08107    18.19276    18.12966     0.06309
   0.21363  -3.62623   3.08107    18.19276    18.12966     0.06309
   0.62359  -3.50585   3.08107    17.92669    17.94318    -0.01649
   0.98302  -3.27486   3.08107    17.43347    17.56570    -0.13223
   1.26282  -2.95195   3.08107    16.79717    16.98295    -0.18577
   1.44031  -2.56330   3.08107    16.15272    16.15232     0.00040
  -1.67959  -2.55437   2.71703    11.98418    12.51973    -0.53555
  -1.53171  -2.94430   2.71703    13.30069    13.88343    -0.58274
  -1.29482  -3.28750   2.71703    14.45719    14.89499    -0.43780
  -0.98267  -3.56404   2.71703    15.37524    15.61469    -0.23945
  -0.61342  -3.75784   2.71703    16.00902    16.07798    -0.06896
  -0.20851  -3.85764   2.71703    16.33219    16.30501     0.02718
   0.20851  -3.85764   2.71703    16.33219    16.30501     0.02718
   0.61342  -3.75784   2.71703    16.00902    16.07798    -0.06896
   0.98267  -3.56404   2.71703    15.37524    15.61469    -0.23945
   1.29482  -3.28750   2.71703    14.45719    14.89499    -0.43780
   1.53171  -2.94430   2.71703    13.30069    13.88343    -0.58274
   1.67959  -2.55437   2.71703    11.98418    12.51973    -0.53555
  -1.82493  -2.55692   2.31121     8.56237     9.57090    -1.00853
  -1.68649  -2.95256   2.31121    10.43360    11.32315    -0.88955
  -1.46348  -3.30748   2.31121    12.02810    12.66982    -0.64172
  -1.16709  -3.60387   2.31121    13.29504    13.66372    -0.36867
  -0.81217  -3.82688   2.31121    14.21184    14.34591    -0.13407
  -0.41653  -3.96532   2.31121    14.76530    14.74448     0.02082
  -0.00000  -4.01225   2.31121    14.94979    14.87558     0.07421
   0.41653  -3.96532   2.31121    14.76530    14.74448     0.02082
   0.81217  -3.82688   2.31121    14.21184    14.34591    -0.13407
   1.16709  -3.60387   2.31121    13.29504    13.66372    -0.36867
   1.46348  -3.30748   2.31121    12.02810    12.66982    -0.64172
   1.68649  -2.95256   2.31121    10.43360    11.32315    -0.88955
   1.82493  -2.55692   2.31121     8.56237     9.57090    -1.00853
  -1.81949  -2.75345   1.88397     7.01367     8.11688    -1.10321
  -1.64517  -3.13025   1.88397     9.18235     9.99687    -0.81452
  -1.39391  -3.46077   1.88397    10.94251    11.43497    -0.49246
  -1.07748  -3.72955   1.88397    12.28601    12.48346    -0.19745
  -0.71066  -3.92402   1.88397    13.21347    13.18371     0.02975
  -0.31062  -4.03510   1.88397    13.72740    13.56384     0.16356
   0.10395  -4.05757   1.88397    13.83031    13.63911     0.19120
   0.51365  -3.99040   1.88397    13.52220    13.41254     0.10966
   0.89934  -3.83673   1.88397    12.80119    12.87505    -0.07386
   1.24298  -3.60374   1.88397    11.66666    12.00502    -0.33837
   1.52850  -3.30232   1.88397    10.11483    10.76769    -0.65287
   1.74255  -2.94658   1.88397     8.14758     9.11561    -0.96802
  -1.68649  -2.95256   1.45673     6.76581     7.41439    -0.64858
  -1.46348  -3.30748   1.45673     9.07818     9.40608    -0.32790
  -1.16709  -3.60387   1.45673    10.84838    10.86873    -0.02034
  -0.81217  -3.82688   1.45673    12.09776    11.86827     0.22948
  -0.41653  -3.96532   1.45673    12.84135    12.45038     0.39097
  -0.00000  -4.01225   1.45673    13.08859    12.64153     0.44706
   0.41653  -3.96532   1.45673    12.84135    12.45038     0.39097
   0.81217  -3.82688   1.45673    12.09776    11.86827     0.22948
   1.16709  -3.60387   1.45673    10.84838    10.86873    -0.02034
   1.46348  -3.30748   1.45673     9.07818     9.40608    -0.32790
   1.68649  -2.95256   1.45673     6.76581     7.41439    -0.64858
  -1.29482  -3.28750   1.05091     9.07379     8.69777     0.37602
  -0.98267  -3.56404   1.05091    10.96196    10.35760     0.60436
  -0.61342  -3.75784   1.05091    12.20506    11.41524     0.78982
  -0.20851  -3.85764   1.05091    12.82253    11.92993     0.89260
   0.20851  -3.85764   1.05091    12.82253    11.92993     0.89260
   0.61342  -3.75784   1.05091    12.20506    11.41524     0.78982
   0.98267  -3.56404   1.05091    10.96196    10.35760     0.60436
   1.29482  -3.28750   1.05091     9.07379     8.69777     0.37602
  -0.62359  -3.50585   0.68687    12.79492    11.21068     1.58424
  -0.21363  -3.62623   0.68687    13.69414    12.02585     1.66829
   0.21363  -3.62623   0.68687    13.69414    12.02585     1.66829
   0.62359  -3.50585   0.68687    12.79492    11.21068     1.58424
   2.36354   0.00000  -1.73639    -2.74849    -3.04637     0.29788
   2.32556   0.42203  -1.73639    -3.10303    -3.41624     0.31320
   2.21283   0.83049  -1.73639    -4.15725    -4.48090     0.32365
   2.02898   1.21226  -1.73639    -5.87286    -6.08856     0.21570
  -2.12947   1.02550  -1.73639    -4.93662    -5.23168     0.29507
  -2.27836   0.62879  -1.73639    -3.54480    -3.86826     0.32346
  -2.35402   0.21187  -1.73639    -2.83697    -3.13951     0.30254
  -2.35402  -0.21187  -1.73639    -2.83697    -3.13951     0.30254
  -2.27836  -0.62879  -1.73639    -3.54480    -3.86826     0.32346
  -2.12947  -1.02550  -1.73639    -4.93662    -5.23168     0.29507
   2.02898  -1.21226  -1.73639    -5.87286    -6.08856     0.21570
   2.21283  -0.83049  -1.73639    -4.15725    -4.48090     0.32365
   2.32556  -0.42203  -1.73639    -3.10303    -3.41624     0.31320
   2.40000   0.00000  -2.15314    -4.63353    -5.58245     0.94892
   2.36354   0.41676  -2.15314    -5.18009    -6.08420     0.90411
   2.25526   0.82085  -2.15314    -6.82479    -7.57781     0.75302
  -2.25526   0.82085  -2.15314    -6.82479    -7.57781     0.75302
  -2.36354   0.41676  -2.15314    -5.18009    -6.08420     0.90411
  -2.40000   0.00000  -2.15314    -4.63353    -5.58245     0.94892
  -2.36354  -0.41676  -2.15314    -5.18009    -6.08420     0.90411
  -2.25526  -0.82085  -2.15314    -6.82479    -7.57781     0.75302
   2.25526  -0.82085  -2.15314    -6.82479    -7.57781     0.75302
   2.36354  -0.41676  -2.15314    -5.18009    -6.08420     0.90411
   2.36354   0.00000  -2.56990    -7.56086    -8.91490     1.35404
   2.32556   0.42203  -2.56990    -8.32580    -9.59380     1.26800
  -2.27836   0.62879  -2.56990    -9.28338   -10.44566     1.16229
  -2.35402   0.21187  -2.56990    -7.75162    -9.08440     1.33277
  -2.35402  -0.21187  -2.56990    -7.75162    -9.08440     1.33277
  -2.27836  -0.62879  -2.56990    -9.28338   -10.44566     1.16229
   2.32556  -0.42203  -2.56990    -8.32580    -9.59380     1.26800
   2.25526   0.00000  -2.97399   -11.27446   -12.82431     1.54984
   2.21451   0.42681  -2.97399   -12.28162   -13.71047     1.42885
  -2.24505   0.21438  -2.97399   -11.52672   -13.04526     1.51853
  -2.24505  -0.21438  -2.97399   -11.52672   -13.04526     1.51853
   2.21451  -0.42681  -2.97399   -12.28162   -13.71047     1.42885
   2.07846   0.00000  -3.35314   -15.56914   -17.09759     1.52846
  -2.06780   0.21027  -3.35314   -15.87348   -17.36197     1.48849
  -2.06780  -0.21027  -3.35314   -15.87348   -17.36197     1.48849
   1.83851   0.00000  -3.69583   -20.25287   -21.49980     1.24693
   1.54269   0.00000  -3.99165   -25.09034   -25.75843     0.66809
   0.00000  -0.00000   5.82281    25.39656    23.73750     1.65906
   0.41676  -0.00000   5.78635    24.71195    23.18349     1.52846
   0.20838   0.36092   5.78635    25.82515    24.33204     1.49311
  -0.20838   0.36092   5.78635    25.82515    24.33204     1.49311
  -0.41676   0.00000   5.78635    24.71195    23.18349     1.52846
  -0.20838  -0.36092   5.78635    25.82515    24.33204     1.49311
   0.20838  -0.36092   5.78635    25.82515    24.33204     1.49311
   0.82085  -0.00000   5.67807    22.75161    21.59045     1.16116
   0.71088   0.41042   5.67807    24.11268    22.99261     1.12007
  -0.71088   0.41042   5.67807    24.11268    22.99261     1.12007
  -0.82085   0.00000   5.67807    22.75161    21.59045     1.16116
  -0.71088  -0.41042   5.67807    24.11268    22.99261     1.12007
   0.71088  -0.41042   5.67807    24.11268    22.99261     1.12007
   1.20000  -0.00000   5.50127    19.77722    19.14817     0.62904
   1.12763   0.41042   5.50127    21.01655    20.42063     0.59591
  -1.12763   0.41042   5.50127    21.01655    20.42063     0.59591
  -1.20000   0.00000   5.50127    19.77722    19.14817     0.62904
  -1.12763  -0.41042   5.50127    21.01655    20.42063     0.59591
   1.12763  -0.41042   5.50127    21.01655    20.42063     0.59591
   1.54269  -0.00000   5.26131    16.16151    16.12405     0.03745
   1.48548   0.41621   5.26131    17.29730    17.28019     0.01711
  -1.41497   0.61461   5.26131    18.68849    18.69247    -0.00399
  -1.52832   0.21006   5.26131    16.44702    16.41516     0.03186
  -1.52832  -0.21006   5.26131    16.44702    16.41516     0.03186
  -1.41497  -0.61461   5.26131    18.68849    18.69247    -0.00399
   1.48548  -0.41621   5.26131    17.29730    17.28019     0.01711
   1.83851  -0.00000   4.96550    12.31989    12.81173    -0.49184
   1.78895   0.42399   4.96550    13.36093    13.85277    -0.49184
   1.64295   0.82512   4.96550    16.43259    16.92066    -0.48807
  -1.72763   0.62881   4.96550    14.65046    15.14197    -0.49150
  -1.82608   0.21344   4.96550    12.58094    13.07274    -0.49180
  -1.82608  -0.21344   4.96550    12.58094    13.07274    -0.49180
  -1.72763  -0.62881   4.96550    14.65046    15.14197    -0.49150
   1.64295  -0.82512   4.96550    16.43259    16.92066    -0.48807
   1.78895  -0.42399   4.96550    13.36093    13.85277    -0.49184
   2.07846  -0.00000   4.62281     8.64959     9.48881    -0.83922
   2.03592   0.41839   4.62281     9.54442    10.35983    -0.81541
   1.91002   0.81965   4.62281    12.20820    12.95610    -0.74790
  -1.81730   1.00868   4.62281    14.17920    14.88011    -0.70091
  -1.98314   0.62222   4.62281    10.65888    11.44511    -0.78624
  -2.06780   0.21027   4.62281     8.87361     9.70677    -0.83316
  -2.06780  -0.21027   4.62281     8.87361     9.70677    -0.83316
  -1.98314  -0.62222   4.62281    10.65888    11.44511    -0.78624
  -1.81730  -1.00868   4.62281    14.17920    14.88011    -0.70091
   1.91002  -0.81965   4.62281    12.20820    12.95610    -0.74790
   2.03592  -0.41839   4.62281     9.54442    10.35983    -0.81541
   2.25526  -0.00000   4.24365     5.47502     6.39138    -0.91636
   2.21451   0.42681   4.24365     6.30710     7.16992    -0.86282
   2.09371   0.83820   4.24365     8.78513     9.50145    -0.71632
   1.89725   1.21929   4.24365    12.84135    13.34985    -0.50849
  -2.00456   1.03342   4.24365    10.62311    11.24126    -0.61815
  -2.16391   0.63538   4.24365     7.34312     8.14245    -0.79934
  -2.24505   0.21438   4.24365     5.68335     6.58603    -0.90268
  -2.24505  -0.21438   4.24365     5.68335     6.58603    -0.90268
  -2.16391  -0.63538   4.24365     7.34312     8.14245    -0.79934
  -2.00456  -1.03342   4.24365    10.62311    11.24126    -0.61815
   1.89725  -1.21929   4.24365    12.84135    13.34985    -0.50849
   2.09371  -0.83820   4.24365     8.78513     9.50145    -0.71632
   2.21451  -0.42681   4.24365     6.30710     7.16992    -0.86282
   2.36354  -0.00000   3.83956     3.01707     3.70433    -0.68727
   2.32556   0.42203   3.83956     3.75188     4.35951    -0.60763
   2.21283   0.83049   3.83956     5.93938     6.32842    -0.38904
   2.02898   1.21226   3.83956     9.52371     9.60571    -0.08200
  -1.91214   1.38925   3.83956    11.80471    11.71913     0.08558
  -2.12947   1.02550   3.83956     7.56274     7.80531    -0.24257
  -2.27836   0.62879   3.83956     4.66616     5.17947    -0.51331
  -2.35402   0.21187   3.83956     3.20093     3.86805    -0.66712
  -2.35402  -0.21187   3.83956     3.20093     3.86805    -0.66712
  -2.27836  -0.62879   3.83956     4.66616     5.17947    -0.51331
  -2.12947  -1.02550   3.83956     7.56274     7.80531    -0.24257
  -1.91214  -1.38925   3.83956    11.80471    11.71913     0.08558
   2.02898  -1.21226   3.83956     9.52371     9.60571    -0.08200
   2.21283  -0.83049   3.83956     5.93938     6.32842    -0.38904
   2.32556  -0.42203   3.83956     3.75188     4.35951    -0.60763
   2.40000  -0.00000   3.42281     1.35981     1.56119    -0.20138
   2.36354   0.41676   3.42281     2.00803     2.11026    -0.10223
   2.25526   0.82085   3.42281     3.93950     3.76850     0.17101
   2.07846   1.20000   3.42281     7.11470     6.56048     0.55422
   1.83851   1.54269   3.42281    11.44828    10.49374     0.95454
  -1.83851   1.54269   3.42281    11.44828    10.49374     0.95454
  -2.07846   1.20000   3.42281     7.11470     6.56048     0.55422
  -2.25526   0.82085   3.42281     3.93950     3.76850     0.17101
  -2.36354   0.41676   3.42281     2.00803     2.11026    -0.10223
  -2.40000   0.00000   3.42281     1.35981     1.56119    -0.20138
  -2.36354  -0.41676   3.42281     2.00803     2.11026    -0.10223
  -2.25526  -0.82085   3.42281     3.93950     3.76850     0.17101
  -2.07846  -1.20000   3.42281     7.11470     6.56048     0.55422
  -1.83851  -1.54269   3.42281    11.44828    10.49374     0.95454
   1.83851  -1.54269   3.42281    11.44828    10.49374     0.95454
   2.07846  -1.20000   3.42281     7.11470     6.56048     0.55422
   2.25526  -0.82085   3.42281     3.93950     3.76850     0.17101
   2.36354  -0.41676   3.42281     2.00803     2.11026    -0.10223
   2.36354  -0.00000   3.00605     0.42984     0.04603     0.38381
   2.32556   0.42203   3.00605     1.00966     0.51644     0.49322
   2.21283   0.83049   3.00605     2.74975     1.95278     0.79697
   2.02898   1.21226   3.00605     5.65261     4.43211     1.22050
   1.77991   1.55506   3.00605     9.72389     8.08611     1.63778
  -1.91214   1.38925   3.00605     7.54141     6.10200     1.43941
  -2.12947   1.02550   3.00605     4.05622     3.05512     1.00110
  -2.27836   0.62879   3.00605     1.73444     1.11031     0.62413
  -2.35402   0.21187   3.00605     0.57480     0.16325     0.41155
  -2.35402  -0.21187   3.00605     0.57480     0.16325     0.41155
  -2.27836  -0.62879   3.00605     1.73444     1.11031     0.62413
  -2.12947  -1.02550   3.00605     4.05622     3.05512     1.00110
  -1.91214  -1.38925   3.00605     7.54141     6.10200     1.43941
   1.77991  -1.55506   3.00605     9.72389     8.08611     1.63778
   2.02898  -1.21226   3.00605     5.65261     4.43211     1.22050
   2.21283  -0.83049   3.00605     2.74975     1.95278     0.79697
   2.32556  -0.42203   3.00605     1.00966     0.51644     0.49322
  -0.00000   0.84850   5.85699    25.38966    24.60099     0.78867
   0.42724   0.84850   5.80885    24.94664    24.23447     0.71217
   0.21362   1.21850   5.80885    25.35452    24.95800     0.39652
  -0.21362   1.21850   5.80885    25.35452    24.95800     0.39652
  -0.42724   0.84850   5.80885    24.94664    24.23447     0.71217
  -0.21362   0.47850   5.80885    25.61557    24.31776     1.29780
   0.21362   0.47850   5.80885    25.61557    24.31776     1.29780
   0.83306   0.84850   5.66685    23.62448    23.13511     0.48937
   0.72145   1.26503   5.66685    24.38439    24.17726     0.20713
   0.41653   1.56995   5.66685    25.36080    25.23026     0.13054
   0.00000   1.68156   5.66685    25.77370    25.65145     0.12225
  -0.41653   1.56995   5.66685    25.36080    25.23026     0.13054
  -0.72145   1.26503   5.66685    24.38439    24.17726     0.20713
  -0.83306   0.84850   5.66685    23.62448    23.13511     0.48937
   1.19710   0.84850   5.43811    21.44827    21.30570     0.14257
   1.12491   1.25793   5.43811    22.61670    22.65316    -0.03646
   0.91703   1.61798   5.43811    24.08570    24.14080    -0.05510
   0.59855   1.88522   5.43811    25.31875    25.33589    -0.01713
   0.20787   2.02741   5.43811    26.00713    25.99127     0.01586
  -0.20787   2.02741   5.43811    26.00713    25.99127     0.01586
  -0.59855   1.88522   5.43811    25.31875    25.33589    -0.01713
  -0.91703   1.61798   5.43811    24.08570    24.14080    -0.05510
  -1.12491   1.25793   5.43811    22.61670    22.65316    -0.03646
  -1.19710   0.84850   5.43811    21.44827    21.30570     0.14257
   1.50112   0.84850   5.13409    18.47827    18.75916    -0.28088
   1.44031   1.27141   5.13409    20.33696    20.64936    -0.31240
   1.26282   1.66007   5.13409    22.39832    22.62902    -0.23070
   0.98302   1.98297   5.13409    24.22563    24.34714    -0.12151
   0.62359   2.21397   5.13409    25.56850    25.59904    -0.03054
   0.21363   2.33434   5.13409    26.27822    26.25776     0.02046
  -0.21363   2.33434   5.13409    26.27822    26.25776     0.02046
  -0.62359   2.21397   5.13409    25.56850    25.59904    -0.03054
  -0.98302   1.98297   5.13409    24.22563    24.34714    -0.12151
  -1.26282   1.66007   5.13409    22.39832    22.62902    -0.23070
  -1.44031   1.27141   5.13409    20.33696    20.64936    -0.31240
  -1.50112   0.84850   5.13409    18.47827    18.75916    -0.28088
   1.67959   1.26248   4.77005    17.49559    18.02708    -0.53148
   1.53171   1.65241   4.77005    20.15435    20.49517    -0.34082
   1.29482   1.99561   4.77005    22.52508    22.69234    -0.16726
   0.98267   2.27215   4.77005    24.44463    24.47509    -0.03046
   0.61342   2.46595   4.77005    25.80068    25.73686     0.06382
   0.20851   2.56575   4.77005    26.50475    26.39290     0.11185
  -0.20851   2.56575   4.77005    26.50475    26.39290     0.11185
  -0.61342   2.46595   4.77005    25.80068    25.73686     0.06382
  -0.98267   2.27215   4.77005    24.44463    24.47509    -0.03046
  -1.29482   1.99561   4.77005    22.52508    22.69234    -0.16726
  -1.53171   1.65241   4.77005    20.15435    20.49517    -0.34082
  -1.67959   1.26248   4.77005    17.49559    18.02708    -0.53148
   1.82493   1.26503   4.36423    14.50676    15.05429    -0.54752
   1.68649   1.66067   4.36423    17.92795    18.18329    -0.25534
   1.46348   2.01559   4.36423    20.91301    20.95591    -0.04291
   1.16709   2.31198   4.36423    23.38351    23.28143     0.10208
   0.81217   2.53499   4.36423    25.26541    25.06576     0.19966
   0.41653   2.67343   4.36423    26.46019    26.20069     0.25950
   0.00000   2.72036   4.36423    26.87184    26.59176     0.28008
  -0.41653   2.67343   4.36423    26.46019    26.20069     0.25950
  -0.81217   2.53499   4.36423    25.26541    25.06576     0.19966
  -1.16709   2.31198   4.36423    23.38351    23.28143     0.10208
  -1.46348   2.01559   4.36423    20.91301    20.95591    -0.04291
  -1.68649   1.66067   4.36423    17.92795    18.18329    -0.25534
  -1.82493   1.26503   4.36423    14.50676    15.05429    -0.54752
   1.74255   1.65469   3.93699    15.81073    15.65697     0.15376
   1.52850   2.01044   3.93699    19.40950    19.08946     0.32003
   1.24298   2.31185   3.93699    22.45668    22.05801     0.39867
   0.89934   2.54484   3.93699    24.91464    24.46947     0.44517
   0.51365   2.69852   3.93699    26.64092    26.15521     0.48571
   0.10395   2.76568   3.93699    27.43472    26.92425     0.51047
  -0.31062   2.74321   3.93699    27.16614    26.66442     0.50172
  -0.71066   2.63214   3.93699    25.88163    25.41554     0.46609
  -1.07748   2.43766   3.93699    23.76567    23.34244     0.42323
  -1.39391   2.16888   3.93699    21.00212    20.63564     0.36648
  -1.64517   1.83836   3.93699    17.68008    17.42843     0.25165
   1.46348   2.01559   3.50975    18.70857    17.73446     0.97411
   1.16709   2.31198   3.50975    22.50500    21.64839     0.85661
  -1.16709   2.31198   3.50975    22.50500    21.64839     0.85661
  -1.46348   2.01559   3.50975    18.70857    17.73446     0.97411
  -0.00000  -0.84850   5.85699    25.38966    24.60099     0.78867
   0.42724  -0.84850   5.80885    24.94664    24.23447     0.71217
   0.21362  -0.47850   5.80885    25.61557    24.31776     1.29780
  -0.21362  -0.47850   5.80885    25.61557    24.31776     1.29780
  -0.42724  -0.84850   5.80885    24.94664    24.23447     0.71217
  -0.21362  -1.21850   5.80885    25.35452    24.95800     0.39652
   0.21362  -1.21850   5.80885    25.35452    24.95800     0.39652
   0.83306  -0.84850   5.66685    23.62448    23.13511     0.48937
  -0.83306  -0.84850   5.66685    23.62448    23.13511     0.48937
  -0.72145  -1.26503   5.66685    24.38439    24.17726     0.20713
  -0.41653  -1.56995   5.66685    25.36080    25.23026     0.13054
  -0.00000  -1.68156   5.66685    25.77370    25.65145     0.12225
   0.41653  -1.56995   5.66685    25.36080    25.23026     0.13054
   0.72145  -1.26503   5.66685    24.38439    24.17726     0.20713
   1.19710  -0.84850   5.43811    21.44827    21.30570     0.14257
  -1.19710  -0.84850   5.43811    21.44827    21.30570     0.14257
  -1.12491  -1.25793   5.43811    22.61670    22.65316    -0.03646
  -0.91703  -1.61798   5.43811    24.08570    24.14080    -0.05510
  -0.59855  -1.88522   5.43811    25.31875    25.33589    -0.01713
  -0.20787  -2.02741   5.43811    26.00713    25.99127     0.01586
   0.20787  -2.02741   5.43811    26.00713    25.99127     0.01586
   0.59855  -1.88522   5.43811    25.31875    25.33589    -0.01713
   0.91703  -1.61798   5.43811    24.08570    24.14080    -0.05510
   1.12491  -1.25793   5.43811    22.61670    22.65316    -0.03646
   1.50112  -0.84850   5.13409    18.47827    18.75916    -0.28088
  -1.50112  -0.84850   5.13409    18.47827    18.75916    -0.28088
  -1.44031  -1.27141   5.13409    20.33696    20.64936    -0.31240
  -1.26282  -1.66007   5.13409    22.39832    22.62902    -0.23070
  -0.98302  -1.98297   5.13409    24.22563    24.34714    -0.12151
  -0.62359  -2.21397   5.13409    25.56850    25.59904    -0.03054
  -0.21363  -2.33434   5.13409    26.27822    26.25776     0.02046
   0.21363  -2.33434   5.13409    26.27822    26.25776     0.02046
   0.62359  -2.21397   5.13409    25.56850    25.59904    -0.03054
   0.98302  -1.98297   5.13409    24.22563    24.34714    -0.12151
   1.26282  -1.66007   5.13409    22.39832    22.62902    -0.23070
   1.44031  -1.27141   5.13409    20.33696    20.64936    -0.31240
  -1.67959  -1.26248   4.77005    17.49559    18.02708    -0.53148
  -1.53171  -1.65241   4.77005    20.15435    20.49517    -0.34082
  -1.29482  -1.99561   4.77005    22.52508    22.69234    -0.16726
  -0.98267  -2.27215   4.77005    24.44463    24.47509    -0.03046
  -0.61342  -2.46595   4.77005    25.80068    25.73686     0.06382
  -0.20851  -2.56575   4.77005    26.50475    26.39290     0.11185
   0.20851  -2.56575   4.77005    26.50475    26.39290     0.11185
   0.61342  -2.46595   4.77005    25.80068    25.73686     0.06382
   0.98267  -2.27215   4.77005    24.44463    24.47509    -0.03046
   1.29482  -1.99561   4.77005    22.52508    22.69234    -0.16726
   1.53171  -1.65241   4.77005    20.15435    20.49517    -0.34082
   1.67959  -1.26248   4.77005    17.49559    18.02708    -0.53148
  -1.82493  -1.26503   4.36423    14.50676    15.05429    -0.54752
  -1.68649  -1.66067   4.36423    17.92795    18.18329    -0.25534
  -1.46348  -2.01559   4.36423    20.91301    20.95591    -0.04291
  -1.16709  -2.31198   4.36423    23.38351    23.28143     0.10208
  -0.81217  -2.53499   4.36423    25.26541    25.06576     0.19966
  -0.41653  -2.67343   4.36423    26.46019    26.20069     0.25950
  -0.00000  -2.72036   4.36423    26.87184    26.59176     0.28008
   0.41653  -2.67343   4.36423    26.46019    26.20069     0.25950
   0.81217  -2.53499   4.36423    25.26541    25.06576     0.19966
   1.16709  -2.31198   4.36423    23.38351    23.28143     0.10208
   1.46348  -2.01559   4.36423    20.91301    20.95591    -0.04291
   1.68649  -1.66067   4.36423    17.92795    18.18329    -0.25534
   1.82493  -1.26503   4.36423    14.50676    15.05429    -0.54752
  -1.64517  -1.83836   3.93699    17.68008    17.42843     0.25165
  -1.39391  -2.16888   3.93699    21.00212    20.63564     0.36648
  -1.07748  -2.43766   3.93699    23.76567    23.34244     0.42323
  -0.71066  -2.63214   3.93699    25.88163    25.41554     0.46609
  -0.31062  -2.74321   3.93699    27.16614    26.66442     0.50172
   0.10395  -2.76568   3.93699    27.43472    26.92425     0.51047
   0.51365  -2.69852   3.93699    26.64092    26.15521     0.48571
   0.89934  -2.54484   3.93699    24.91464    24.46947     0.44517
   1.24298  -2.31185   3.93699    22.45668    22.05801     0.39867
   1.52850  -2.01044   3.93699    19.40950    19.08946     0.32003
   1.74255  -1.65469   3.93699    15.81073    15.65697     0.15376
  -1.46348  -2.01559   3.50975    18.70857    17.73446     0.97411
  -1.16709  -2.31198   3.50975    22.50500    21.64839     0.85661
   1.16709  -2.31198   3.50975    22.50500    21.64839     0.85661
   1.46348  -2.01559   3.50975    18.70857    17.73446     0.97411
   1.96135   1.47428  -1.71522    -7.15424    -7.06640    -0.08783
   1.83181   1.87296  -1.71522    -8.56864    -7.91356    -0.65508
   1.62221   2.23599  -1.71522    -8.80772    -7.62101    -1.18671
  -1.62221   2.23599  -1.71522    -8.80772    -7.62101    -1.18671
  -1.83181   1.87296  -1.71522    -8.56864    -7.91356    -0.65508
  -1.96135   1.47428  -1.71522    -7.15424    -7.06640    -0.08783
   2.15449   1.05739  -2.10067    -7.91038    -8.46313     0.55275
   2.11309   1.47771  -2.10067   -10.39971   -10.44493     0.04522
   1.99049   1.88187  -2.10067   -11.99108   -11.60136    -0.38971
   1.79139   2.25436  -2.10067   -12.74911   -12.01690    -0.73221
   1.52345   2.58084  -2.10067   -12.75476   -11.82008    -0.93468
   1.19697   2.84878  -2.10067   -12.16051   -11.19805    -0.96245
   0.82449   3.04788  -2.10067   -11.24560   -10.40815    -0.83745
  -0.82449   3.04788  -2.10067   -11.24560   -10.40815    -0.83745
  -1.19697   2.84878  -2.10067   -12.16051   -11.19805    -0.96245
  -1.52345   2.58084  -2.10067   -12.75476   -11.82008    -0.93468
  -1.79139   2.25436  -2.10067   -12.74911   -12.01690    -0.73221
  -1.99049   1.88187  -2.10067   -11.99108   -11.60136    -0.38971
  -2.11309   1.47771  -2.10067   -10.39971   -10.44493     0.04522
  -2.15449   1.05739  -2.10067    -7.91038    -8.46313     0.55275
   2.23045   1.05739  -2.50700   -11.40059   -12.08180     0.68120
   2.19014   1.47950  -2.50700   -13.50400   -13.73847     0.23446
   2.07067   1.88636  -2.50700   -14.94351   -14.88026    -0.06325
   1.87637   2.26326  -2.50700   -15.76053   -15.52873    -0.23180
   1.61425   2.59657  -2.50700   -16.03789   -15.75674    -0.28114
   1.29378   2.87425  -2.50700   -15.90360   -15.67601    -0.22759
   0.92656   3.08627  -2.50700   -15.53776   -15.42875    -0.10901
   0.52585   3.22496  -2.50700   -15.15247   -15.16956     0.01709
   0.10613   3.28530  -2.50700   -14.94414   -15.03050     0.08636
  -0.31742   3.26513  -2.50700   -15.01693   -15.07884     0.06191
  -0.72951   3.16516  -2.50700   -15.33382   -15.29136    -0.04246
  -1.11522   2.98901  -2.50700   -15.73668   -15.56349    -0.17319
  -1.46063   2.74304  -2.50700   -16.01216   -15.74665    -0.26551
  -1.75325   2.43616  -2.50700   -15.96008   -15.68914    -0.27093
  -1.98250   2.07944  -2.50700   -15.42607   -15.26259    -0.16347
  -2.14010   1.68578  -2.50700   -14.30533   -14.37383     0.06850
  -2.22035   1.26940  -2.50700   -12.53576   -12.97310     0.43735
  -2.22035   0.84537  -2.50700   -10.10353   -11.07598     0.97245
   2.23045   1.05739  -2.92036   -14.84938   -15.56059     0.71120
   2.19014   1.47950  -2.92036   -16.45455   -16.82876     0.37420
   2.07067   1.88636  -2.92036   -17.59160   -17.81543     0.22383
   1.87637   2.26326  -2.92036   -18.26241   -18.48388     0.22147
   1.61425   2.59657  -2.92036   -18.52973   -18.86024     0.33051
   1.29378   2.87425  -2.92036   -18.50086   -19.00777     0.50690
   0.92656   3.08627  -2.92036   -18.31010   -19.01061     0.70051
   0.52585   3.22496  -2.92036   -18.09800   -18.95717     0.85917
   0.10613   3.28530  -2.92036   -17.98317   -18.91949     0.93632
  -0.31742   3.26513  -2.92036   -18.02270   -18.93308     0.91038
  -0.72951   3.16516  -2.92036   -18.19840   -18.98578     0.78738
  -1.11522   2.98901  -2.92036   -18.41678   -19.02162     0.60484
  -1.46063   2.74304  -2.92036   -18.54479   -18.95765     0.41286
  -1.75325   2.43616  -2.92036   -18.44062   -18.70528     0.26466
  -1.98250   2.07944  -2.92036   -17.98254   -18.18889     0.20635
  -2.14010   1.68578  -2.92036   -17.08332   -17.36149     0.27817
  -2.22035   1.26940  -2.92036   -15.70719   -16.22394     0.51675
  -2.22035   0.84537  -2.92036   -13.90122   -14.86200     0.96078
   2.19014   0.63527  -2.92036   -12.89407   -14.16552     1.27145
   2.15449   1.05739  -3.32668   -18.13816   -18.75106     0.61290
   2.11309   1.47771  -3.32668   -19.22438   -19.63623     0.41185
   1.99049   1.88187  -3.32668   -20.00375   -20.41706     0.41331
   1.79139   2.25436  -3.32668   -20.44175   -21.00969     0.56794
   1.52345   2.58084  -3.32668   -20.58231   -21.40349     0.82118
   1.19697   2.84878  -3.32668   -20.51768   -21.62809     1.11041
   0.82449   3.04788  -3.32668   -20.35704   -21.73261     1.37557
   0.42032   3.17048  -3.32668   -20.20832   -21.76892     1.56060
   0.00000   3.21188  -3.32668   -20.14870   -21.77618     1.62747
  -0.42032   3.17048  -3.32668   -20.20832   -21.76892     1.56060
  -0.82449   3.04788  -3.32668   -20.35704   -21.73261     1.37557
  -1.19697   2.84878  -3.32668   -20.51768   -21.62809     1.11041
  -1.52345   2.58084  -3.32668   -20.58231   -21.40349     0.82118
  -1.79139   2.25436  -3.32668   -20.44175   -21.00969     0.56794
  -1.99049   1.88187  -3.32668   -20.00375   -20.41706     0.41331
  -2.11309   1.47771  -3.32668   -19.22438   -19.63623     0.41185
  -2.15449   1.05739  -3.32668   -18.13816   -18.75106     0.61290
  -2.11309   0.63707  -3.32668   -16.93272   -17.98132     1.04860
   2.11309   0.63707  -3.32668   -16.93272   -17.98132     1.04860
   2.00517   1.05739  -3.71213   -21.19162   -21.56986     0.37823
   1.96135   1.47428  -3.71213   -21.78776   -22.11158     0.32383
   1.83181   1.87296  -3.71213   -22.20882   -22.68167     0.47286
   1.62221   2.23599  -3.71213   -22.39205   -23.16034     0.76829
   1.34172   2.54752  -3.71213   -22.37197   -23.50883     1.13686
   1.00258   2.79391  -3.71213   -22.23015   -23.73253     1.50238
   0.61963   2.96441  -3.71213   -22.06323   -23.85693     1.79370
   0.20960   3.05157  -3.71213   -21.95530   -23.91026     1.95496
  -0.20960   3.05157  -3.71213   -21.95530   -23.91026     1.95496
  -0.61963   2.96441  -3.71213   -22.06323   -23.85693     1.79370
  -1.00258   2.79391  -3.71213   -22.23015   -23.73253     1.50238
  -1.34172   2.54752  -3.71213   -22.37197   -23.50883     1.13686
  -1.62221   2.23599  -3.71213   -22.39205   -23.16034     0.76829
  -1.83181   1.87296  -3.71213   -22.20882   -22.68167     0.47286
  -1.96135   1.47428  -3.71213   -21.78776   -22.11158     0.32383
  -2.00517   1.05739  -3.71213   -21.19162   -21.56986     0.37823
  -1.96135   0.64049  -3.71213   -20.65887   -21.32065     0.66179
  -1.83181   0.24181  -3.71213   -20.76366   -21.88328     1.11962
   1.83181   0.24181  -3.71213   -20.76366   -21.88328     1.11962
   1.96135   0.64049  -3.71213   -20.65887   -21.32065     0.66179
   1.78756   1.05739  -4.06358   -23.95016   -23.97383     0.02368
   1.73937   1.46963  -4.06358   -24.11080   -24.22656     0.11576
   1.59742   1.85964  -4.06358   -24.20430   -24.60450     0.40020
   1.36935   2.20641  -4.06358   -24.15347   -24.96064     0.80717
   1.06746   2.49123  -4.06358   -23.98969   -25.23473     1.24505
   0.70802   2.69875  -4.06358   -23.79265   -25.41423     1.62158
   0.31041   2.81779  -4.06358   -23.64832   -25.50749     1.85917
  -0.10394   2.84192  -4.06358   -23.61632   -25.52546     1.90914
  -0.51268   2.76985  -4.06358   -23.70919   -25.47086     1.76166
  -0.89378   2.60546  -4.06358   -23.88991   -25.33602     1.44611
  -1.22670   2.35761  -4.06358   -24.08130   -25.10949     1.02818
  -1.49348   2.03967  -4.06358   -24.19677   -24.79057     0.59381
  -1.67976   1.66877  -4.06358   -24.17418   -24.41167     0.23749
  -1.77547   1.26491  -4.06358   -24.02734   -24.07054     0.04320
  -1.77547   0.84986  -4.06358   -23.91878   -23.97782     0.05904
  -1.67976   0.44601  -4.06358   -24.26705   -24.52452     0.25748
  -1.49348   0.07511  -4.06358   -25.90234   -26.35469     0.45235
   1.59742   0.25513  -4.06358   -24.85126   -25.22797     0.37671
   1.73937   0.64515  -4.06358   -23.99534   -24.13759     0.14226
   1.50908   1.05739  -4.36906   -26.34975   -25.94362    -0.40613
   1.44795   1.48254  -4.36906   -26.13514   -25.97364    -0.16151
   1.26952   1.87326  -4.36906   -25.94375   -26.20470     0.26095
   0.98824   2.19787  -4.36906   -25.69651   -26.45096     0.75445
   0.62689   2.43009  -4.36906   -25.44802   -26.63221     1.18419
   0.21476   2.55110  -4.36906   -25.29114   -26.72433     1.43319
  -0.21476   2.55110  -4.36906   -25.29114   -26.72433     1.43319
  -0.62689   2.43009  -4.36906   -25.44802   -26.63221     1.18419
  -0.98824   2.19787  -4.36906   -25.69651   -26.45096     0.75445
  -1.26952   1.87326  -4.36906   -25.94375   -26.20470     0.26095
  -1.44795   1.48254  -4.36906   -26.13514   -25.97364    -0.16151
  -1.50908   1.05739  -4.36906   -26.34975   -25.94362    -0.40613
  -1.44795   0.63223  -4.36906   -26.91263   -26.46094    -0.45169
  -1.26952   0.24152  -4.36906   -28.49207   -28.04292    -0.44915
   1.26952   0.24152  -4.36906   -28.49207   -28.04292    -0.44915
   1.44795   0.63223  -4.36906   -26.91263   -26.46094    -0.45169
   1.17921   1.05739  -4.61816   -28.32139   -27.47305    -0.84833
   1.09958   1.48337  -4.61816   -27.79804   -27.32431    -0.47373
   0.87145   1.85181  -4.61816   -27.40146   -27.42812     0.02667
   0.52562   2.11297  -4.61816   -27.08143   -27.56342     0.48199
   0.10880   2.23157  -4.61816   -26.91702   -27.63341     0.71639
  -0.32271   2.19158  -4.61816   -26.97412   -27.60942     0.63529
  -0.71063   1.99842  -4.61816   -27.22826   -27.50009     0.27182
  -1.00258   1.67816  -4.61816   -27.59222   -27.36205    -0.23017
  -1.15913   1.27407  -4.61816   -28.03085   -27.34706    -0.68379
  -1.15913   0.84071  -4.61816   -28.71985   -27.75406    -0.96580
  -1.00258   0.43661  -4.61816   -30.12297   -28.98872    -1.13424
  -0.71063   0.11636  -4.61816   -32.64995   -31.20732    -1.44263
   0.52562   0.00180  -4.61816   -34.17166   -32.47461    -1.69705
   0.87145   0.26296  -4.61816   -31.24935   -29.99527    -1.25408
   1.09958   0.63141  -4.61816   -29.29591   -28.24471    -1.05120
   0.80918   1.05739  -4.80241   -29.79290   -28.56244    -1.23045
   0.70077   1.46198  -4.80241   -29.07503   -28.29216    -0.78286
   0.40459   1.75816  -4.80241   -28.62698   -28.29129    -0.33569
   0.00000   1.86657  -4.80241   -28.46132   -28.31585    -0.14547
  -0.40459   1.75816  -4.80241   -28.62698   -28.29129    -0.33569
  -0.70077   1.46198  -4.80241   -29.07503   -28.29216    -0.78286
  -0.80918   1.05739  -4.80241   -29.79290   -28.56244    -1.23045
  -0.70077   0.65280  -4.80241   -30.98203   -29.43589    -1.54613
  -0.40459   0.35661  -4.80241   -32.62861   -30.81697    -1.81165
  -0.00000   0.24821  -4.80241   -33.54540   -31.58137    -1.96403
   0.40459   0.35661  -4.80241   -32.62861   -30.81697    -1.81165
   0.70077   0.65280  -4.80241   -30.98203   -29.43589    -1.54613
   0.41160   1.05739  -4.91554   -30.70404   -29.21443    -1.48961
   0.20580   1.41384  -4.91554   -29.94224   -28.89278    -1.04947
  -0.20580   1.41384  -4.91554   -29.94224   -28.89278    -1.04947
  -0.41160   1.05739  -4.91554   -30.70404   -29.21443    -1.48961
  -0.20580   0.70093  -4.91554   -31.85740   -30.01918    -1.83822
   0.20580   0.70093  -4.91554   -31.85740   -30.01918    -1.83822
   0.00000   1.05739  -4.95368   -31.01277   -29.43145    -1.58133
  -1.96135  -1.47428  -1.71522    -7.15424    -7.06640    -0.08783
  -1.83181  -1.87296  -1.71522    -8.56864    -7.91356    -0.65508
  -1.62221  -2.23599  -1.71522    -8.80772    -7.62101    -1.18671
   1.62221  -2.23599  -1.71522    -8.80772    -7.62101    -1.18671
   1.83181  -1.87296  -1.71522    -8.56864    -7.91356    -0.65508
   1.96135  -1.47428  -1.71522    -7.15424    -7.06640    -0.08783
   2.15449  -1.05739  -2.10067    -7.91038    -8.46313     0.55275
  -2.15449  -1.05739  -2.10067    -7.91038    -8.46313     0.55275
  -2.11309  -1.47771  -2.10067   -10.39971   -10.44493     0.04522
  -1.99049  -1.88187  -2.10067   -11.99108   -11.60136    -0.38971
  -1.79139  -2.25436  -2.10067   -12.74911   -12.01690    -0.73221
  -1.52345  -2.58084  -2.10067   -12.75476   -11.82008    -0.93468
  -1.19697  -2.84878  -2.10067   -12.16051   -11.19805    -0.96245
  -0.82449  -3.04788  -2.10067   -11.24560   -10.40815    -0.83745
   0.82449  -3.04788  -2.10067   -11.24560   -10.40815    -0.83745
   1.19697  -2.84878  -2.10067   -12.16051   -11.19805    -0.96245
   1.52345  -2.58084  -2.10067   -12.75476   -11.82008    -0.93468
   1.79139  -2.25436  -2.10067   -12.74911   -12.01690    -0.73221
   1.99049  -1.88187  -2.10067   -11.99108   -11.60136    -0.38971
   2.11309  -1.47771  -2.10067   -10.39971   -10.44493     0.04522
   2.23045  -1.05739  -2.50700   -11.40059   -12.08180     0.68120
  -2.22035  -0.84537  -2.50700   -10.10353   -11.07598     0.97245
  -2.22035  -1.26940  -2.50700   -12.53576   -12.97310     0.43735
  -2.14010  -1.68578  -2.50700   -14.30533   -14.37383     0.06850
  -1.98250  -2.07944  -2.50700   -15.42607   -15.26259    -0.16347
  -1.75325  -2.43616  -2.50700   -15.96008   -15.68914    -0.27093
  -1.46063  -2.74304  -2.50700   -16.01216   -15.74665    -0.26551
  -1.11522  -2.98901  -2.50700   -15.73668   -15.56349    -0.17319
  -0.72951  -3.16516  -2.50700   -15.33382   -15.29136    -0.04246
  -0.31742  -3.26513  -2.50700   -15.01693   -15.07884     0.06191
   0.10613  -3.28530  -2.50700   -14.94414   -15.03050     0.08636
   0.52585  -3.22496  -2.50700   -15.15247   -15.16956     0.01709
   0.92656  -3.08627  -2.50700   -15.53776   -15.42875    -0.10901
   1.29378  -2.87425  -2.50700   -15.90360   -15.67601    -0.22759
   1.61425  -2.59657  -2.50700   -16.03789   -15.75674    -0.28114
   1.87637  -2.26326  -2.50700   -15.76053   -15.52873    -0.23180
   2.07067  -1.88636  -2.50700   -14.94351   -14.88026    -0.06325
   2.19014  -1.47950  -2.50700   -13.50400   -13.73847     0.23446
   2.23045  -1.05739  -2.92036   -14.84938   -15.56059     0.71120
   2.19014  -0.63527  -2.92036   -12.89407   -14.16552     1.27145
  -2.22035  -0.84537  -2.92036   -13.90122   -14.86200     0.96078
  -2.22035  -1.26940  -2.92036   -15.70719   -16.22394     0.51675
  -2.14010  -1.68578  -2.92036   -17.08332   -17.36149     0.27817
  -1.98250  -2.07944  -2.92036   -17.98254   -18.18889     0.20635
  -1.75325  -2.43616  -2.92036   -18.44062   -18.70528     0.26466
  -1.46063  -2.74304  -2.92036   -18.54479   -18.95765     0.41286
  -1.11522  -2.98901  -2.92036   -18.41678   -19.02162     0.60484
  -0.72951  -3.16516  -2.92036   -18.19840   -18.98578     0.78738
  -0.31742  -3.26513  -2.92036   -18.02270   -18.93308     0.91038
   0.10613  -3.28530  -2.92036   -17.98317   -18.91949     0.93632
   0.52585  -3.22496  -2.92036   -18.09800   -18.95717     0.85917
   0.92656  -3.08627  -2.92036   -18.31010   -19.01061     0.70051
   1.29378  -2.87425  -2.92036   -18.50086   -19.00777     0.50690
   1.61425  -2.59657  -2.92036   -18.52973   -18.86024     0.33051
   1.87637  -2.26326  -2.92036   -18.26241   -18.48388     0.22147
   2.07067  -1.88636  -2.92036   -17.59160   -17.81543     0.22383
   2.19014  -1.47950  -2.92036   -16.45455   -16.82876     0.37420
   2.15449  -1.05739  -3.32668   -18.13816   -18.75106     0.61290
   2.11309  -0.63707  -3.32668   -16.93272   -17.98132     1.04860
  -2.11309  -0.63707  -3.32668   -16.93272   -17.98132     1.04860
  -2.15449  -1.05739  -3.32668   -18.13816   -18.75106     0.61290
  -2.11309  -1.47771  -3.32668   -19.22438   -19.63623     0.41185
  -1.99049  -1.88187  -3.32668   -20.00375   -20.41706     0.41331
  -1.79139  -2.25436  -3.32668   -20.44175   -21.00969     0.56794
  -1.52345  -2.58084  -3.32668   -20.58231   -21.40349     0.82118
  -1.19697  -2.84878  -3.32668   -20.51768   -21.62809     1.11041
  -0.82449  -3.04788  -3.32668   -20.35704   -21.73261     1.37557
  -0.42032  -3.17048  -3.32668   -20.20832   -21.76892     1.56060
  -0.00000  -3.21188  -3.32668   -20.14870   -21.77618     1.62747
   0.42032  -3.17048  -3.32668   -20.20832   -21.76892     1.56060
   0.82449  -3.04788  -3.32668   -20.35704   -21.73261     1.37557
   1.19697  -2.84878  -3.32668   -20.51768   -21.62809     1.11041
   1.52345  -2.58084  -3.32668   -20.58231   -21.40349     0.82118
   1.79139  -2.25436  -3.32668   -20.44175   -21.00969     0.56794
   1.99049  -1.88187  -3.32668   -20.00375   -20.41706     0.41331
   2.11309  -1.47771  -3.32668   -19.22438   -19.63623     0.41185
   2.00517  -1.05739  -3.71213   -21.19162   -21.56986     0.37823
   1.96135  -0.64049  -3.71213   -20.65887   -21.32065     0.66179
   1.83181  -0.24181  -3.71213   -20.76366   -21.88328     1.11962
  -1.83181  -0.24181  -3.71213   -20.76366   -21.88328     1.11962
  -1.96135  -0.64049  -3.71213   -20.65887   -21.32065     0.66179
  -2.00517  -1.05739  -3.71213   -21.19162   -21.56986     0.37823
  -1.96135  -1.47428  -3.71213   -21.78776   -22.11158     0.32383
  -1.83181  -1.87296  -3.71213   -22.20882   -22.68167     0.47286
  -1.62221  -2.23599  -3.71213   -22.39205   -23.16034     0.76829
  -1.34172  -2.54752  -3.71213   -22.37197   -23.50883     1.13686
  -1.00258  -2.79391  -3.71213   -22.23015   -23.73253     1.50238
  -0.61963  -2.96441  -3.71213   -22.06323   -23.85693     1.79370
  -0.20960  -3.05157  -3.71213   -21.95530   -23.91026     1.95496
   0.20960  -3.05157  -3.71213   -21.95530   -23.91026     1.95496
   0.61963  -2.96441  -3.71213   -22.06323   -23.85693     1.79370
   1.00258  -2.79391  -3.71213   -22.23015   -23.73253     1.50238
   1.34172  -2.54752  -3.71213   -22.37197   -23.50883     1.13686
   1.62221  -2.23599  -3.71213   -22.39205   -23.16034     0.76829
   1.83181  -1.87296  -3.71213   -22.20882   -22.68167     0.47286
   1.96135  -1.47428  -3.71213   -21.78776   -22.11158     0.32383
   1.78756  -1.05739  -4.06358   -23.95016   -23.97383     0.02368
   1.73937  -0.64515  -4.06358   -23.99534   -24.13759     0.14226
   1.59742  -0.25513  -4.06358   -24.85126   -25.22797     0.37671
  -1.49348  -0.07511  -4.06358   -25.90234   -26.35469     0.45235
  -1.67976  -0.44601  -4.06358   -24.26705   -24.52452     0.25748
  -1.77547  -0.84986  -4.06358   -23.91878   -23.97782     0.05904
  -1.77547  -1.26491  -4.06358   -24.02734   -24.07054     0.04320
  -1.67976  -1.66877  -4.06358   -24.17418   -24.41167     0.23749
  -1.49348  -2.03967  -4.06358   -24.19677   -24.79057     0.59381
  -1.22670  -2.35761  -4.06358   -24.08130   -25.10949     1.02818
  -0.89378  -2.60546  -4.06358   -23.88991   -25.33602     1.44611
  -0.51268  -2.76985  -4.06358   -23.70919   -25.47086     1.76166
  -0.10394  -2.84192  -4.06358   -23.61632   -25.52546     1.90914
   0.31041  -2.81779  -4.06358   -23.64832   -25.50749     1.85917
   0.70802  -2.69875  -4.06358   -23.79265   -25.41423     1.62158
   1.06746  -2.49123  -4.06358   -23.98969   -25.23473     1.24505
   1.36935  -2.20641  -4.06358   -24.15347   -24.96064     0.80717
   1.59742  -1.85964  -4.06358   -24.20430   -24.60450     0.40020
   1.73937  -1.46963  -4.06358   -24.11080   -24.22656     0.11576
   1.50908  -1.05739  -4.36906   -26.34975   -25.94362    -0.40613
   1.44795  -0.63223  -4.36906   -26.91263   -26.46094    -0.45169
   1.26952  -0.24152  -4.36906   -28.49207   -28.04292    -0.44915
  -1.26952  -0.24152  -4.36906   -28.49207   -28.04292    -0.44915
  -1.44795  -0.63223  -4.36906   -26.91263   -26.46094    -0.45169
  -1.50908  -1.05739  -4.36906   -26.34975   -25.94362    -0.40613
  -1.44795  -1.48254  -4.36906   -26.13514   -25.97364    -0.16151
  -1.26952  -1.87326  -4.36906   -25.94375   -26.20470     0.26095
  -0.98824  -2.19787  -4.36906   -25.69651   -26.45096     0.75445
  -0.62689  -2.43009  -4.36906   -25.44802   -26.63221     1.18419
  -0.21476  -2.55110  -4.36906   -25.29114   -26.72433     1.43319
   0.21476  -2.55110  -4.36906   -25.29114   -26.72433     1.43319
   0.62689  -2.43009  -4.36906   -25.44802   -26.63221     1.18419
   0.98824  -2.19787  -4.36906   -25.69651   -26.45096     0.75445
   1.26952  -1.87326  -4.36906   -25.94375   -26.20470     0.26095
   1.44795  -1.48254  -4.36906   -26.13514   -25.97364    -0.16151
   1.17921  -1.05739  -4.61816   -28.32139   -27.47305    -0.84833
   1.09958  -0.63141  -4.61816   -29.29591   -28.24471    -1.05120
   0.87145  -0.26296  -4.61816   -31.24935   -29.99527    -1.25408
   0.52562  -0.00180  -4.61816   -34.17166   -32.47461    -1.69705
  -0.71063  -0.11636  -4.61816   -32.64995   -31.20732    -1.44263
  -1.00258  -0.43661  -4.61816   -30.12297   -28.98872    -1.13424
  -1.15913  -0.84071  -4.61816   -28.71985   -27.75406    -0.96580
  -1.15913  -1.27407  -4.61816   -28.03085   -27.34706    -0.68379
  -1.00258  -1.67816  -4.61816   -27.59222   -27.36205    -0.23017
  -0.71063  -1.99842  -4.61816   -27.22826   -27.50009     0.27182
  -0.32271  -2.19158  -4.61816   -26.97412   -27.60942     0.63529
   0.10880  -2.23157  -4.61816   -26.91702   -27.63341     0.71639
   0.52562  -2.11297  -4.61816   -27.08143   -27.56342     0.48199
   0.87145  -1.85181  -4.61816   -27.40146   -27.42812     0.02667
   1.09958  -1.48337  -4.61816   -27.79804   -27.32431    -0.47373
   0.80918  -1.05739  -4.80241   -29.79290   -28.56244    -1.23045
   0.70077  -0.65280  -4.80241   -30.98203   -29.43589    -1.54613
   0.40459  -0.35661  -4.80241   -32.62861   -30.81697    -1.81165
  -0.00000  -0.24821  -4.80241   -33.54540   -31.58137    -1.96403
  -0.40459  -0.35661  -4.80241   -32.62861   -30.81697    -1.81165
  -0.70077  -0.65280  -4.80241   -30.98203   -29.43589    -1.54613
  -0.80918  -1.05739  -4.80241   -29.79290   -28.56244    -1.23045
  -0.70077  -1.46198  -4.80241   -29.07503   -28.29216    -0.78286
  -0.40459  -1.75816  -4.80241   -28.62698   -28.29129    -0.33569
  -0.00000  -1.86657  -4.80241   -28.46132   -28.31585    -0.14547
   0.40459  -1.75816  -4.80241   -28.62698   -28.29129    -0.33569
   0.70077  -1.46198  -4.80241   -29.07503   -28.29216    -0.78286
   0.41160  -1.05739  -4.91554   -30.70404   -29.21443    -1.48961
   0.20580  -0.70093  -4.91554   -31.85740   -30.01918    -1.83822
  -0.20580  -0.70093  -4.91554   -31.85740   -30.01918    -1.83822
  -0.41160  -1.05739  -4.91554   -30.70404   -29.21443    -1.48961
  -0.20580  -1.41384  -4.91554   -29.94224   -28.89278    -1.04947
   0.20580  -1.41384  -4.91554   -29.94224   -28.89278    -1.04947
   0.00000  -1.05739  -4.95368   -31.01277   -29.43145    -1.58133
   2.66676   1.20532   0.39813    -3.50590    -3.29817    -0.20773
   2.63393   1.62249   0.39813    -2.59663    -2.32839    -0.26824
   2.53624   2.02939   0.39813    -1.39182    -1.12657    -0.26525
   2.37610   2.41600   0.39813     0.11044     0.32277    -0.21233
   2.15745   2.77280   0.39813     1.88629     1.99668    -0.11038
   1.88568   3.09100   0.39813     3.87738     3.83104     0.04635
   1.56748   3.36277   0.39813     5.97828     5.71573     0.26256
  -1.56748   3.36277   0.39813     5.97828     5.71573     0.26256
  -1.88568   3.09100   0.39813     3.87738     3.83104     0.04635
  -2.15745   2.77280   0.39813     1.88629     1.99668    -0.11038
  -2.37610   2.41600   0.39813     0.11044     0.32277    -0.21233
  -2.53624   2.02939   0.39813    -1.39182    -1.12657    -0.26525
  -2.63393   1.62249   0.39813    -2.59663    -2.32839    -0.26824
  -2.66676   1.20532   0.39813    -3.50590    -3.29817    -0.20773
  -2.63393   0.78814   0.39813    -4.15223    -4.09328    -0.05895
  -2.53624   0.38124   0.39813    -4.61910    -4.82661     0.20751
   2.53624   0.38124   0.39813    -4.61910    -4.82661     0.20751
   2.63393   0.78814   0.39813    -4.15223    -4.09328    -0.05895
   2.70000   1.20532  -0.02424    -3.49774    -3.34135    -0.15639
   2.66836   1.61747  -0.02424    -2.68951    -2.53080    -0.15871
   2.57417   2.01996  -0.02424    -1.65976    -1.49186    -0.16790
   2.41965   2.40336  -0.02424    -0.38215    -0.20665    -0.17550
   2.20841   2.75868  -0.02424     1.15022     1.31023    -0.16000
   1.94541   3.07759  -0.02424     2.91478     3.00821    -0.09343
  -1.79638   3.22101  -0.02424     3.86609     3.89803    -0.03195
  -2.08302   2.92317  -0.02424     2.00615     2.14130    -0.13515
  -2.32084   2.58507  -0.02424     0.35266     0.52508    -0.17242
  -2.50426   2.21462  -0.02424    -1.05296    -0.87991    -0.17305
  -2.62898   1.82052  -0.02424    -2.20444    -2.04175    -0.16269
  -2.69208   1.41200  -0.02424    -3.11872    -2.96223    -0.15649
  -2.69208   0.99863  -0.02424    -3.83157    -3.67563    -0.15595
  -2.62898   0.59011  -0.02424    -4.40135    -4.25228    -0.14907
   2.66836   0.79316  -0.02424    -4.12964    -3.97503    -0.15461
   2.66676   1.20532  -0.44661    -3.61571    -3.39667    -0.21904
   2.63393   1.62249  -0.44661    -2.94176    -2.77563    -0.16614
   2.53624   2.02939  -0.44661    -2.06011    -1.87332    -0.18680
   2.37610   2.41600  -0.44661    -0.92181    -0.67507    -0.24674
   2.15745   2.77280  -0.44661     0.50703     0.80169    -0.29466
  -2.15745   2.77280  -0.44661     0.50703     0.80169    -0.29466
  -2.37610   2.41600  -0.44661    -0.92181    -0.67507    -0.24674
  -2.53624   2.02939  -0.44661    -2.06011    -1.87332    -0.18680
  -2.63393   1.62249  -0.44661    -2.94176    -2.77563    -0.16614
  -2.66676   1.20532  -0.44661    -3.61571    -3.39667    -0.21904
  -2.63393   0.78814  -0.44661    -4.14407    -3.78206    -0.36201
   2.63393   0.78814  -0.44661    -4.14407    -3.78206    -0.36201
   2.56785   1.20532  -0.85859    -3.86169    -3.58280    -0.27889
   2.53283   1.62797  -0.85859    -3.47389    -3.25848    -0.21541
   2.42872   2.03910  -0.85859    -2.81815    -2.54426    -0.27388
   2.25836   2.42748  -0.85859    -1.82856    -1.43983    -0.38873
  -2.25836   2.42748  -0.85859    -1.82856    -1.43983    -0.38873
  -2.42872   2.03910  -0.85859    -2.81815    -2.54426    -0.27388
  -2.53283   1.62797  -0.85859    -3.47389    -3.25848    -0.21541
  -2.56785   1.20532  -0.85859    -3.86169    -3.58280    -0.27889
   2.40572   1.20532  -1.25001    -4.31162    -4.09437    -0.21724
   2.36917   1.62306  -1.25001    -4.50050    -4.26216    -0.23834
   2.26063   2.02812  -1.25001    -4.25451    -3.87003    -0.38448
   2.08341   2.40818  -1.25001    -3.52409    -2.95639    -0.56771
  -2.08341   2.40818  -1.25001    -3.52409    -2.95639    -0.56771
  -2.26063   2.02812  -1.25001    -4.25451    -3.87003    -0.38448
  -2.36917   1.62306  -1.25001    -4.50050    -4.26216    -0.23834
  -2.40572   1.20532  -1.25001    -4.31162    -4.09437    -0.21724
   2.66676  -1.20532   0.39813    -3.50590    -3.29817    -0.20773
   2.63393  -0.78814   0.39813    -4.15223    -4.09328    -0.05895
   2.53624  -0.38124   0.39813    -4.61910    -4.82661     0.20751
  -2.53624  -0.38124   0.39813    -4.61910    -4.82661     0.20751
  -2.63393  -0.78814   0.39813    -4.15223    -4.09328    -0.05895
  -2.66676  -1.20532   0.39813    -3.50590    -3.29817    -0.20773
  -2.63393  -1.62249   0.39813    -2.59663    -2.32839    -0.26824
  -2.53624  -2.02939   0.39813    -1.39182    -1.12657    -0.26525
  -2.37610  -2.41600   0.39813     0.11044     0.32277    -0.21233
  -2.15745  -2.77280   0.39813     1.88629     1.99668    -0.11038
  -1.88568  -3.09100   0.39813     3.87738     3.83104     0.04635
  -1.56748  -3.36277   0.39813     5.97828     5.71573     0.26256
   1.56748  -3.36277   0.39813     5.97828     5.71573     0.26256
   1.88568  -3.09100   0.39813     3.87738     3.83104     0.04635
   2.15745  -2.77280   0.39813     1.88629     1.99668    -0.11038
   2.37610  -2.41600   0.39813     0.11044     0.32277    -0.21233
   2.53624  -2.02939   0.39813    -1.39182    -1.12657    -0.26525
   2.63393  -1.62249   0.39813    -2.59663    -2.32839    -0.26824
   2.70000  -1.20532  -0.02424    -3.49774    -3.34135    -0.15639
   2.66836  -0.79316  -0.02424    -4.12964    -3.97503    -0.15461
  -2.62898  -0.59011  -0.02424    -4.40135    -4.25228    -0.14907
  -2.69208  -0.99863  -0.02424    -3.83157    -3.67563    -0.15595
  -2.69208  -1.41200  -0.02424    -3.11872    -2.96223    -0.15649
  -2.62898  -1.82052  -0.02424    -2.20444    -2.04175    -0.16269
  -2.50426  -2.21462  -0.02424    -1.05296    -0.87991    -0.17305
  -2.32084  -2.58507  -0.02424     0.35266     0.52508    -0.17242
  -2.08302  -2.92317  -0.02424     2.00615     2.14130    -0.13515
  -1.79638  -3.22101  -0.02424     3.86609     3.89803    -0.03195
   1.94541  -3.07759  -0.02424     2.91478     3.00821    -0.09343
   2.20841  -2.75868  -0.02424     1.15022     1.31023    -0.16000
   2.41965  -2.40336  -0.02424    -0.38215    -0.20665    -0.17550
   2.57417  -2.01996  -0.02424    -1.65976    -1.49186    -0.16790
   2.66836  -1.61747  -0.02424    -2.68951    -2.53080    -0.15871
   2.66676  -1.20532  -0.44661    -3.61571    -3.39667    -0.21904
   2.63393  -0.78814  -0.44661    -4.14407    -3.78206    -0.36201
  -2.63393  -0.78814  -0.44661    -4.14407    -3.78206    -0.36201
  -2.66676  -1.20532  -0.44661    -3.61571    -3.39667    -0.21904
  -2.63393  -1.62249  -0.44661    -2.94176    -2.77563    -0.16614
  -2.53624  -2.02939  -0.44661    -2.06011    -1.87332    -0.18680
  -2.37610  -2.41600  -0.44661    -0.92181    -0.67507    -0.24674
  -2.15745  -2.77280  -0.44661     0.50703     0.80169    -0.29466
   2.15745  -2.77280  -0.44661     0.50703     0.80169    -0.29466
   2.37610  -2.41600  -0.44661    -0.92181    -0.67507    -0.24674
   2.53624  -2.02939  -0.44661    -2.06011    -1.87332    -0.18680
   2.63393  -1.62249  -0.44661    -2.94176    -2.77563    -0.16614
   2.56785  -1.20532  -0.85859    -3.86169    -3.58280    -0.27889
  -2.56785  -1.20532  -0.85859    -3.86169    -3.58280    -0.27889
  -2.53283  -1.62797  -0.85859    -3.47389    -3.25848    -0.21541
  -2.42872  -2.03910  -0.85859    -2.81815    -2.54426    -0.27388
  -2.25836  -2.42748  -0.85859    -1.82856    -1.43983    -0.38873
   2.25836  -2.42748  -0.85859    -1.82856    -1.43983    -0.38873
   2.42872  -2.03910  -0.85859    -2.81815    -2.54426    -0.27388
   2.53283  -1.62797  -0.85859    -3.47389    -3.25848    -0.21541
   2.40572  -1.20532  -1.25001    -4.31162    -4.09437    -0.21724
  -2.40572  -1.20532  -1.25001    -4.31162    -4.09437    -0.21724
  -2.36917  -1.62306  -1.25001    -4.50050    -4.26216    -0.23834
  -2.26063  -2.02812  -1.25001    -4.25451    -3.87003    -0.38448
  -2.08341  -2.40818  -1.25001    -3.52409    -2.95639    -0.56771
   2.08341  -2.40818  -1.25001    -3.52409    -2.95639    -0.56771
   2.26063  -2.02812  -1.25001    -4.25451    -3.87003    -0.38448
   2.36917  -1.62306  -1.25001    -4.50050    -4.26216    -0.23834
   2.14487   1.62044   2.93732     7.11721     6.64767     0.46954
   2.02788   2.01889   2.93732     9.29342     9.14440     0.14902
  -1.94152   2.20798   2.93732    10.39030    10.39490    -0.00460
  -2.09587   1.82246   2.93732     8.20845     7.89865     0.30980
   2.40572   1.20705   2.57607     2.85831     2.71066     0.14765
   2.36917   1.62480   2.57607     4.40135     4.48242    -0.08107
   2.26063   2.02986   2.57607     6.10880     6.42576    -0.31696
   2.08341   2.40991   2.57607     8.01894     8.55256    -0.53362
  -2.08341   2.40991   2.57607     8.01894     8.55256    -0.53362
  -2.26063   2.02986   2.57607     6.10880     6.42576    -0.31696
  -2.36917   1.62480   2.57607     4.40135     4.48242    -0.08107
  -2.40572   1.20705   2.57607     2.85831     2.71066     0.14765
   2.56785   1.20705   2.18464     1.02974     1.38220    -0.35246
   2.53283   1.62971   2.18464     2.21385     2.70652    -0.49267
   2.42872   2.04083   2.18464     3.66277     4.29635    -0.63358
   2.25836   2.42922   2.18464     5.37964     6.13830    -0.75866
  -2.25836   2.42922   2.18464     5.37964     6.13830    -0.75866
  -2.42872   2.04083   2.18464     3.66277     4.29635    -0.63358
  -2.53283   1.62971   2.18464     2.21385     2.70652    -0.49267
  -2.56785   1.20705   2.18464     1.02974     1.38220    -0.35246
   2.66676   1.20705   1.77267    -0.60304     0.02222    -0.62526
   2.63393   1.62423   1.77267     0.39533     1.09996    -0.70463
   2.53624   2.03113   1.77267     1.68424     2.44961    -0.76538
   2.37610   2.41774   1.77267     3.25552     4.05743    -0.80191
   2.15745   2.77454   1.77267     5.09538     5.89209    -0.79672
  -2.15745   2.77454   1.77267     5.09538     5.89209    -0.79672
  -2.37610   2.41774   1.77267     3.25552     4.05743    -0.80191
  -2.53624   2.03113   1.77267     1.68424     2.44961    -0.76538
  -2.63393   1.62423   1.77267     0.39533     1.09996    -0.70463
  -2.66676   1.20705   1.77267    -0.60304     0.02222    -0.62526
  -2.63393   0.78988   1.77267    -1.31212    -0.78231    -0.52981
   2.63393   0.78988   1.77267    -1.31212    -0.78231    -0.52981
   2.70000   1.20705   1.35030    -1.97540    -1.31766    -0.65774
   2.66836   1.61921   1.35030    -1.05296    -0.33299    -0.71997
   2.57417   2.02170   1.35030     0.17319     0.90467    -0.73148
   2.41965   2.40510   1.35030     1.69239     2.38945    -0.69706
   2.20841   2.76041   1.35030     3.47578     4.09229    -0.61651
   1.94541   3.07932   1.35030     5.47502     5.95519    -0.48017
  -1.79638   3.22275   1.35030     6.52986     6.91853    -0.38866
  -2.08302   2.92491   1.35030     4.45281     5.00872    -0.55591
  -2.32084   2.58680   1.35030     2.55334     3.21646    -0.66312
  -2.50426   2.21636   1.35030     0.89734     1.61740    -0.72006
  -2.62898   1.82226   1.35030    -0.47753     0.25407    -0.73161
  -2.69208   1.41374   1.35030    -1.55246    -0.85645    -0.69600
  -2.69208   1.00037   1.35030    -2.32555    -1.71959    -0.60596
  -2.62898   0.59185   1.35030    -2.83697    -2.36880    -0.46817
   2.66836   0.79490   1.35030    -2.60918    -2.06733    -0.54186
   2.66676   1.20705   0.92793    -3.05032    -2.54959    -0.50073
   2.63393   1.62423   0.92793    -2.11282    -1.53690    -0.57593
   2.53624   2.03113   0.92793    -0.83584    -0.27418    -0.56167
   2.37610   2.41774   0.92793     0.76431     1.24195    -0.47765
   2.15745   2.77454   0.92793     2.64621     2.98083    -0.33463
   1.88568   3.09274   0.92793     4.73958     4.87405    -0.13447
   1.56748   3.36451   0.92793     6.92708     6.80942     0.11766
  -1.56748   3.36451   0.92793     6.92708     6.80942     0.11766
  -1.88568   3.09274   0.92793     4.73958     4.87405    -0.13447
  -2.15745   2.77454   0.92793     2.64621     2.98083    -0.33463
  -2.37610   2.41774   0.92793     0.76431     1.24195    -0.47765
  -2.53624   2.03113   0.92793    -0.83584    -0.27418    -0.56167
  -2.63393   1.62423   0.92793    -2.11282    -1.53690    -0.57593
  -2.66676   1.20705   0.92793    -3.05032    -2.54959    -0.50073
  -2.63393   0.78988   0.92793    -3.67093    -3.35357    -0.31737
  -2.53624   0.38298   0.92793    -4.06940    -4.04582    -0.02358
   2.53624   0.38298   0.92793    -4.06940    -4.04582    -0.02358
   2.63393   0.78988   0.92793    -3.67093    -3.35357    -0.31737
  -2.09587  -1.82246   2.93732     8.20845     7.89865     0.30980
  -1.94152  -2.20798   2.93732    10.39030    10.39490    -0.00460
   2.02788  -2.01889   2.93732     9.29342     9.14440     0.14902
   2.14487  -1.62044   2.93732     7.11721     6.64767     0.46954
   2.40572  -1.20705   2.57607     2.85831     2.71066     0.14765
  -2.40572  -1.20705   2.57607     2.85831     2.71066     0.14765
  -2.36917  -1.62480   2.57607     4.40135     4.48242    -0.08107
  -2.26063  -2.02986   2.57607     6.10880     6.42576    -0.31696
  -2.08341  -2.40991   2.57607     8.01894     8.55256    -0.53362
   2.08341  -2.40991   2.57607     8.01894     8.55256    -0.53362
   2.26063  -2.02986   2.57607     6.10880     6.42576    -0.31696
   2.36917  -1.62480   2.57607     4.40135     4.48242    -0.08107
   2.56785  -1.20705   2.18464     1.02974     1.38220    -0.35246
  -2.56785  -1.20705   2.18464     1.02974     1.38220    -0.35246
  -2.53283  -1.62971   2.18464     2.21385     2.70652    -0.49267
  -2.42872  -2.04083   2.18464     3.66277     4.29635    -0.63358
  -2.25836  -2.42922   2.18464     5.37964     6.13830    -0.75866
   2.25836  -2.42922   2.18464     5.37964     6.13830    -0.75866
   2.42872  -2.04083   2.18464     3.66277     4.29635    -0.63358
   2.53283  -1.62971   2.18464     2.21385     2.70652    -0.49267
   2.66676  -1.20705   1.77267    -0.60304     0.02222    -0.62526
   2.63393  -0.78988   1.77267    -1.31212    -0.78231    -0.52981
  -2.63393  -0.78988   1.77267    -1.31212    -0.78231    -0.52981
  -2.66676  -1.20705   1.77267    -0.60304     0.02222    -0.62526
  -2.63393  -1.62423   1.77267     0.39533     1.09996    -0.70463
  -2.53624  -2.03113   1.77267     1.68424     2.44961    -0.76538
  -2.37610  -2.41774   1.77267     3.25552     4.05743    -0.80191
  -2.15745  -2.77454   1.77267     5.09538     5.89209    -0.79672
   2.15745  -2.77454   1.77267     5.09538     5.89209    -0.79672
   2.37610  -2.41774   1.77267     3.25552     4.05743    -0.80191
   2.53624  -2.03113   1.77267     1.68424     2.44961    -0.76538
   2.63393  -1.62423   1.77267     0.39533     1.09996    -0.70463
   2.70000  -1.20705   1.35030    -1.97540    -1.31766    -0.65774
   2.66836  -0.79490   1.35030    -2.60918    -2.06733    -0.54186
  -2.62898  -0.59185   1.35030    -2.83697    -2.36880    -0.46817
  -2.69208  -1.00037   1.35030    -2.32555    -1.71959    -0.60596
  -2.69208  -1.41374   1.35030    -1.55246    -0.85645    -0.69600
  -2.62898  -1.82226   1.35030    -0.47753     0.25407    -0.73161
  -2.50426  -2.21636   1.35030     0.89734     1.61740    -0.72006
  -2.32084  -2.58680   1.35030     2.55334     3.21646    -0.66312
  -2.08302  -2.92491   1.35030     4.45281     5.00872    -0.55591
  -1.79638  -3.22275   1.35030     6.52986     6.91853    -0.38866
   1.94541  -3.07932   1.35030     5.47502     5.95519    -0.48017
   2.20841  -2.76041   1.35030     3.47578     4.09229    -0.61651
   2.41965  -2.40510   1.35030     1.69239     2.38945    -0.69706
   2.57417  -2.02170   1.35030     0.17319     0.90467    -0.73148
   2.66836  -1.61921   1.35030    -1.05296    -0.33299    -0.71997
   2.66676  -1.20705   0.92793    -3.05032    -2.54959    -0.50073
   2.63393  -0.78988   0.92793    -3.67093    -3.35357    -0.31737
   2.53624  -0.38298   0.92793    -4.06940    -4.04582    -0.02358
  -2.53624  -0.38298   0.92793    -4.06940    -4.04582    -0.02358
  -2.63393  -0.78988   0.92793    -3.67093    -3.35357    -0.31737
  -2.66676  -1.20705   0.92793    -3.05032    -2.54959    -0.50073
  -2.63393  -1.62423   0.92793    -2.11282    -1.53690    -0.57593
  -2.53624  -2.03113   0.92793    -0.83584    -0.27418    -0.56167
  -2.37610  -2.41774   0.92793     0.76431     1.24195    -0.47765
  -2.15745  -2.77454   0.92793     2.64621     2.98083    -0.33463
  -1.88568  -3.09274   0.92793     4.73958     4.87405    -0.13447
  -1.56748  -3.36451   0.92793     6.92708     6.80942     0.11766
   1.56748  -3.36451   0.92793     6.92708     6.80942     0.11766
   1.88568  -3.09274   0.92793     4.73958     4.87405    -0.13447
   2.15745  -2.77454   0.92793     2.64621     2.98083    -0.33463
   2.37610  -2.41774   0.92793     0.76431     1.24195    -0.47765
   2.53624  -2.03113   0.92793    -0.83584    -0.27418    -0.56167
   2.63393  -1.62423   0.92793    -2.11282    -1.53690    -0.57593
   2.66676  -0.00000   2.48566     0.56037     0.47910     0.08126
   2.63393   0.41717   2.48566     0.75678     0.67412     0.08265
   2.53624   0.82407   2.48566     1.36672     1.28128     0.08544
  -2.53624   0.82407   2.48566     1.36672     1.28128     0.08544
  -2.63393   0.41717   2.48566     0.75678     0.67412     0.08265
  -2.66676   0.00000   2.48566     0.56037     0.47910     0.08126
  -2.63393  -0.41717   2.48566     0.75678     0.67412     0.08265
  -2.53624  -0.82407   2.48566     1.36672     1.28128     0.08544
   2.53624  -0.82407   2.48566     1.36672     1.28128     0.08544
   2.63393  -0.41717   2.48566     0.75678     0.67412     0.08265
   2.70000  -0.00000   2.06329    -0.52585    -0.33137    -0.19449
   2.66836   0.41215   2.06329    -0.46687    -0.23271    -0.23415
  -2.62898   0.61520   2.06329    -0.38592    -0.10422    -0.28170
  -2.69208   0.20668   2.06329    -0.51142    -0.30704    -0.20438
  -2.69208  -0.20668   2.06329    -0.51142    -0.30704    -0.20438
  -2.62898  -0.61520   2.06329    -0.38592    -0.10422    -0.28170
   2.66836  -0.41215   2.06329    -0.46687    -0.23271    -0.23415
   2.66676  -0.00000   1.64092    -1.90073    -1.53644    -0.36428
   2.63393   0.41717   1.64092    -1.96285    -1.51851    -0.44434
  -2.63393   0.41717   1.64092    -1.96285    -1.51851    -0.44434
  -2.66676   0.00000   1.64092    -1.90073    -1.53644    -0.36428
  -2.63393  -0.41717   1.64092    -1.96285    -1.51851    -0.44434
   2.63393  -0.41717   1.64092    -1.96285    -1.51851    -0.44434
   2.56785  -0.00000   1.22894    -3.30949    -3.09885    -0.21063
  -2.56785   0.00000   1.22894    -3.30949    -3.09885    -0.21063
   2.40572  -0.00000   0.83752    -4.52874    -4.92527     0.39653
  -2.40572   0.00000   0.83752    -4.52874    -4.92527     0.39653
   2.40572   0.00000   0.51537    -4.88704    -5.47431     0.58727
  -2.40572   0.00000   0.51537    -4.88704    -5.47431     0.58727
   2.56785   0.00000   0.12394    -4.70318    -4.73593     0.03275
  -2.56785   0.00000   0.12394    -4.70318    -4.73593     0.03275
   2.66676   0.00000  -0.28803    -4.49736    -4.07381    -0.42355
   2.63393   0.41717  -0.28803    -4.46787    -4.08111    -0.38676
  -2.63393   0.41717  -0.28803    -4.46787    -4.08111    -0.38676
  -2.66676   0.00000  -0.28803    -4.49736    -4.07381    -0.42355
  -2.63393  -0.41717  -0.28803    -4.46787    -4.08111    -0.38676
   2.63393  -0.41717  -0.28803    -4.46787    -4.08111    -0.38676
   2.70000   0.00000  -0.71041    -4.23569    -3.60871    -0.62698
   2.66836   0.41215  -0.71041    -4.20996    -3.62565    -0.58431
  -2.62898   0.61520  -0.71041    -4.16792    -3.63677    -0.53115
  -2.69208   0.20668  -0.71041    -4.23004    -3.61361    -0.61644
  -2.69208  -0.20668  -0.71041    -4.23004    -3.61361    -0.61644
  -2.62898  -0.61520  -0.71041    -4.16792    -3.63677    -0.53115
   2.66836  -0.41215  -0.71041    -4.20996    -3.62565    -0.58431
   2.66676   0.00000  -1.13278    -3.93888    -3.41984    -0.51903
   2.63393   0.41717  -1.13278    -3.97276    -3.49161    -0.48115
   2.53624   0.82407  -1.13278    -4.04242    -3.66265    -0.37977
  -2.53624   0.82407  -1.13278    -4.04242    -3.66265    -0.37977
  -2.63393   0.41717  -1.13278    -3.97276    -3.49161    -0.48115
  -2.66676   0.00000  -1.13278    -3.93888    -3.41984    -0.51903
  -2.63393  -0.41717  -1.13278    -3.97276    -3.49161    -0.48115
  -2.53624  -0.82407  -1.13278    -4.04242    -3.66265    -0.37977
   2.53624  -0.82407  -1.13278    -4.04242    -3.66265    -0.37977
   2.63393  -0.41717  -1.13278    -3.97276    -3.49161    -0.48115
   0.71135   3.77620   0.62967    10.54781     9.67868     0.86913
   0.31187   3.89580   0.62967    11.22301    10.25904     0.96397
  -0.10443   3.92004   0.62967    11.35792    10.37401     0.98392
  -0.51509   3.84763   0.62967    10.95255    10.02800     0.92456
  -0.89799   3.68247   0.62967    10.00815     9.20770     0.80045
   1.33530   3.61011   0.25624     6.93775     6.59027     0.34748
   0.99779   3.85533   0.25624     8.06601     7.56448     0.50152
   0.61667   4.02501   0.25624     8.82843     8.20394     0.62449
   0.20859   4.11175   0.25624     9.21247     8.52066     0.69181
  -0.20859   4.11175   0.25624     9.21247     8.52066     0.69181
  -0.61667   4.02501   0.25624     8.82843     8.20394     0.62449
  -0.99779   3.85533   0.25624     8.06601     7.56448     0.50152
  -1.33530   3.61011   0.25624     6.93775     6.59027     0.34748
   1.76147   3.30408  -0.14896     3.83220     3.89854    -0.06634
   1.49800   3.62511  -0.14896     5.08785     5.00185     0.08599
   1.17697   3.88857  -0.14896     6.10880     5.85787     0.25093
   0.81071   4.08434  -0.14896     6.86056     6.46722     0.39334
   0.41330   4.20490  -0.14896     7.31990     6.83172     0.48818
   0.00000   4.24560  -0.14896     7.47427     6.95301     0.52125
  -0.41330   4.20490  -0.14896     7.31990     6.83172     0.48818
  -0.81071   4.08434  -0.14896     6.86056     6.46722     0.39334
  -1.17697   3.88857  -0.14896     6.10880     5.85787     0.25093
  -1.49800   3.62511  -0.14896     5.08785     5.00185     0.08599
  -1.76147   3.30408  -0.14896     3.83220     3.89854    -0.06634
   2.00528   2.92990  -0.57036     1.03225     1.38397    -0.35172
   1.81711   3.29489  -0.57036     2.24335     2.49014    -0.24679
   1.56327   3.61768  -0.57036     3.34965     3.43498    -0.08534
   1.25292   3.88659  -0.57036     4.28463     4.19550     0.08913
   0.89730   4.09191  -0.57036     5.00188     4.75926     0.24262
   0.50924   4.22622  -0.57036     5.47126     5.12003     0.35123
   0.10278   4.28466  -0.57036     5.67520     5.27504     0.40016
  -0.30740   4.26512  -0.57036     5.60680     5.22334     0.38345
  -0.70647   4.16831  -0.57036     5.26857     4.96524     0.30333
  -1.08000   3.99772  -0.57036     4.67244     4.50247     0.16997
  -1.41450   3.75953  -0.57036     3.84224     3.83925     0.00299
  -1.69787   3.46233  -0.57036     2.81438     2.98448    -0.17010
  -1.91989   3.11688  -0.57036     1.64596     1.95521    -0.30925
   1.95723   2.93782  -0.99175    -0.64696    -0.16109    -0.48587
   1.76147   3.30408  -0.99175     0.48444     0.83682    -0.35238
   1.49800   3.62511  -0.99175     1.53677     1.70835    -0.17158
   1.17697   3.88857  -0.99175     2.42532     2.41211     0.01322
   0.81071   4.08434  -0.99175     3.09299     2.92563     0.16737
   0.41330   4.20490  -0.99175     3.50652     3.23729     0.26924
   0.00000   4.24560  -0.99175     3.64646     3.34170     0.30476
  -0.41330   4.20490  -0.99175     3.50652     3.23729     0.26924
  -0.81071   4.08434  -0.99175     3.09299     2.92563     0.16737
  -1.17697   3.88857  -0.99175     2.42532     2.41211     0.01322
  -1.49800   3.62511  -0.99175     1.53677     1.70835    -0.17158
  -1.76147   3.30408  -0.99175     0.48444     0.83682    -0.35238
  -1.95723   2.93782  -0.99175    -0.64696    -0.16109    -0.48587
   1.95197   2.54201  -1.39696    -4.15662    -3.48113    -0.67549
   1.82305   2.93878  -1.39696    -3.01205    -2.41994    -0.59211
   1.61446   3.30008  -1.39696    -1.81476    -1.39285    -0.42191
   1.33530   3.61011  -1.39696    -0.72477    -0.50522    -0.21955
   0.99779   3.85533  -1.39696     0.15750     0.18873    -0.03122
   0.61667   4.02501  -1.39696     0.77372     0.66172     0.11200
   0.20859   4.11175  -1.39696     1.08936     0.90079     0.18857
  -0.20859   4.11175  -1.39696     1.08936     0.90079     0.18857
  -0.61667   4.02501  -1.39696     0.77372     0.66172     0.11200
  -0.99779   3.85533  -1.39696     0.15750     0.18873    -0.03122
  -1.33530   3.61011  -1.39696    -0.72477    -0.50522    -0.21955
  -1.61446   3.30008  -1.39696    -1.81476    -1.39285    -0.42191
  -1.82305   2.93878  -1.39696    -3.01205    -2.41994    -0.59211
  -1.95197   2.54201  -1.39696    -4.15662    -3.48113    -0.67549
   1.60494   2.93314  -1.77039    -6.36483    -5.67000    -0.69483
   1.37580   3.28154  -1.77039    -4.89332    -4.42290    -0.47042
   1.07248   3.56770  -1.77039    -3.66466    -3.41835    -0.24630
   0.71135   3.77620  -1.77039    -2.77171    -2.70570    -0.06601
   0.31187   3.89580  -1.77039    -2.26217    -2.30542     0.04325
  -0.10443   3.92004  -1.77039    -2.15926    -2.22507     0.06580
  -0.51509   3.84763  -1.77039    -2.46674    -2.46584    -0.00090
  -0.89799   3.68247  -1.77039    -3.17269    -3.02383    -0.14886
  -1.23247   3.43345  -1.77039    -4.24196    -3.88627    -0.35570
  -1.50052   3.11401  -1.77039    -5.60680    -5.02108    -0.58571
  -1.68766   2.74137  -1.77039    -7.14231    -6.35338    -0.78893
   0.70268   3.48322  -2.09771    -7.54643    -7.30568    -0.24074
   0.31075   3.62251  -2.09771    -6.75388    -6.65138    -0.10250
  -0.10423   3.65090  -2.09771    -6.59450    -6.52090    -0.07360
  -0.51148   3.56627  -2.09771    -7.07140    -6.91275    -0.15866
  -0.88079   3.37491  -2.09771    -8.17708    -7.83097    -0.34611
  -0.89799  -3.68247   0.62967    10.00815     9.20770     0.80045
  -0.51509  -3.84763   0.62967    10.95255    10.02800     0.92456
  -0.10443  -3.92004   0.62967    11.35792    10.37401     0.98392
   0.31187  -3.89580   0.62967    11.22301    10.25904     0.96397
   0.71135  -3.77620   0.62967    10.54781     9.67868     0.86913
  -1.33530  -3.61011   0.25624     6.93775     6.59027     0.34748
  -0.99779  -3.85533   0.25624     8.06601     7.56448     0.50152
  -0.61667  -4.02501   0.25624     8.82843     8.20394     0.62449
  -0.20859  -4.11175   0.25624     9.21247     8.52066     0.69181
   0.20859  -4.11175   0.25624     9.21247     8.52066     0.69181
   0.61667  -4.02501   0.25624     8.82843     8.20394     0.62449
   0.99779  -3.85533   0.25624     8.06601     7.56448     0.50152
   1.33530  -3.61011   0.25624     6.93775     6.59027     0.34748
  -1.76147  -3.30408  -0.14896     3.83220     3.89854    -0.06634
  -1.49800  -3.62511  -0.14896     5.08785     5.00185     0.08599
  -1.17697  -3.88857  -0.14896     6.10880     5.85787     0.25093
  -0.81071  -4.08434  -0.14896     6.86056     6.46722     0.39334
  -0.41330  -4.20490  -0.14896     7.31990     6.83172     0.48818
  -0.00000  -4.24560  -0.14896     7.47427     6.95301     0.52125
   0.41330  -4.20490  -0.14896     7.31990     6.83172     0.48818
   0.81071  -4.08434  -0.14896     6.86056     6.46722     0.39334
   1.17697  -3.88857  -0.14896     6.10880     5.85787     0.25093
   1.49800  -3.62511  -0.14896     5.08785     5.00185     0.08599
   1.76147  -3.30408  -0.14896     3.83220     3.89854    -0.06634
  -1.91989  -3.11688  -0.57036     1.64596     1.95521    -0.30925
  -1.69787  -3.46233  -0.57036     2.81438     2.98448    -0.17010
  -1.41450  -3.75953  -0.57036     3.84224     3.83925     0.00299
  -1.08000  -3.99772  -0.57036     4.67244     4.50247     0.16997
  -0.70647  -4.16831  -0.57036     5.26857     4.96524     0.30333
  -0.30740  -4.26512  -0.57036     5.60680     5.22334     0.38345
   0.10278  -4.28466  -0.57036     5.67520     5.27504     0.40016
   0.50924  -4.22622  -0.57036     5.47126     5.12003     0.35123
   0.89730  -4.09191  -0.57036     5.00188     4.75926     0.24262
   1.25292  -3.88659  -0.57036     4.28463     4.19550     0.08913
   1.56327  -3.61768  -0.57036     3.34965     3.43498    -0.08534
   1.81711  -3.29489  -0.57036     2.24335     2.49014    -0.24679
   2.00528  -2.92990  -0.57036     1.03225     1.38397    -0.35172
  -1.95723  -2.93782  -0.99175    -0.64696    -0.16109    -0.48587
  -1.76147  -3.30408  -0.99175     0.48444     0.83682    -0.35238
  -1.49800  -3.62511  -0.99175     1.53677     1.70835    -0.17158
  -1.17697  -3.88857  -0.99175     2.42532     2.41211     0.01322
  -0.81071  -4.08434  -0.99175     3.09299     2.92563     0.16737
  -0.41330  -4.20490  -0.99175     3.50652     3.23729     0.26924
  -0.00000  -4.24560  -0.99175     3.64646     3.34170     0.30476
   0.41330  -4.20490  -0.99175     3.50652     3.23729     0.26924
   0.81071  -4.08434  -0.99175     3.09299     2.92563     0.16737
   1.17697  -3.88857  -0.99175     2.42532     2.41211     0.01322
   1.49800  -3.62511  -0.99175     1.53677     1.70835    -0.17158
   1.76147  -3.30408  -0.99175     0.48444     0.83682    -0.35238
   1.95723  -2.93782  -0.99175    -0.64696    -0.16109    -0.48587
  -1.95197  -2.54201  -1.39696    -4.15662    -3.48113    -0.67549
  -1.82305  -2.93878  -1.39696    -3.01205    -2.41994    -0.59211
  -1.61446  -3.30008  -1.39696    -1.81476    -1.39285    -0.42191
  -1.33530  -3.61011  -1.39696    -0.72477    -0.50522    -0.21955
  -0.99779  -3.85533  -1.39696     0.15750     0.18873    -0.03122
  -0.61667  -4.02501  -1.39696     0.77372     0.66172     0.11200
  -0.20859  -4.11175  -1.39696     1.08936     0.90079     0.18857
   0.20859  -4.11175  -1.39696     1.08936     0.90079     0.18857
   0.61667  -4.02501  -1.39696     0.77372     0.66172     0.11200
   0.99779  -3.85533  -1.39696     0.15750     0.18873    -0.03122
   1.33530  -3.61011  -1.39696    -0.72477    -0.50522    -0.21955
   1.61446  -3.30008  -1.39696    -1.81476    -1.39285    -0.42191
   1.82305  -2.93878  -1.39696    -3.01205    -2.41994    -0.59211
   1.95197  -2.54201  -1.39696    -4.15662    -3.48113    -0.67549
  -1.68766  -2.74137  -1.77039    -7.14231    -6.35338    -0.78893
  -1.50052  -3.11401  -1.77039    -5.60680    -5.02108    -0.58571
  -1.23247  -3.43345  -1.77039    -4.24196    -3.88627    -0.35570
  -0.89799  -3.68247  -1.77039    -3.17269    -3.02383    -0.14886
  -0.51509  -3.84763  -1.77039    -2.46674    -2.46584    -0.00090
  -0.10443  -3.92004  -1.77039    -2.15926    -2.22507     0.06580
   0.31187  -3.89580  -1.77039    -2.26217    -2.30542     0.04325
   0.71135  -3.77620  -1.77039    -2.77171    -2.70570    -0.06601
   1.07248  -3.56770  -1.77039    -3.66466    -3.41835    -0.24630
   1.37580  -3.28154  -1.77039    -4.89332    -4.42290    -0.47042
   1.60494  -2.93314  -1.77039    -6.36483    -5.67000    -0.69483
  -0.88079  -3.37491  -2.09771    -8.17708    -7.83097    -0.34611
  -0.51148  -3.56627  -2.09771    -7.07140    -6.91275    -0.15866
  -0.10423  -3.65090  -2.09771    -6.59450    -6.52090    -0.07360
   0.31075  -3.62251  -2.09771    -6.75388    -6.65138    -0.10250
   0.70268  -3.48322  -2.09771    -7.54643    -7.30568    -0.24074
   0.91928   2.91176   3.67994    20.73103    20.50270     0.22833
   0.60002   3.17965   3.67994    20.29240    20.12223     0.17017
   0.20838   3.32219   3.67994    20.13552    19.96935     0.16617
  -0.20838   3.32219   3.67994    20.13552    19.96935     0.16617
  -0.60002   3.17965   3.67994    20.29240    20.12223     0.17017
  -0.91928   2.91176   3.67994    20.73103    20.50270     0.22833
   1.47071   2.55246   3.41132    16.94527    16.73419     0.21108
   1.30500   2.93398   3.41132    16.94464    16.93304     0.01160
   1.04250   3.25663   3.41132    17.07014    17.09432    -0.02418
   0.70268   3.49650   3.41132    17.22388    17.21747     0.00641
   0.31075   3.63579   3.41132    17.33307    17.29084     0.04223
  -0.10423   3.66418   3.41132    17.35691    17.30597     0.05095
  -0.51148   3.57955   3.41132    17.28726    17.26104     0.02622
  -0.88079   3.38819   3.41132    17.14921    17.16139    -0.01218
  -1.18478   3.10428   3.41132    16.99798    17.01784    -0.01987
  -1.40090   2.74889   3.41132    16.92268    16.83962     0.08305
  -1.51312   2.34836   3.41132    17.02308    16.60699     0.41609
   1.74756   2.55457   3.08400    13.00576    13.11662    -0.11086
   1.60494   2.94642   3.08400    13.66339    13.91424    -0.25085
   1.37580   3.29482   3.08400    14.26517    14.50377    -0.23860
   1.07248   3.58098   3.08400    14.77157    14.93314    -0.16157
   0.71135   3.78948   3.08400    15.14620    15.22271    -0.07651
   0.31187   3.90908   3.08400    15.36269    15.38143    -0.01874
  -0.10443   3.93333   3.08400    15.40724    15.41300    -0.00576
  -0.51509   3.86091   3.08400    15.27546    15.31810    -0.04264
  -0.89799   3.69575   3.08400    14.97740    15.09468    -0.11729
  -1.23247   3.44673   3.08400    14.53312    14.73683    -0.20371
  -1.50052   3.12729   3.08400    13.97401    14.23106    -0.25705
  -1.68766   2.75465   3.08400    13.33960    13.54637    -0.20678
  -1.78383   2.34889   3.08400    12.66440    12.60766     0.05674
   1.95197   2.55529   2.71056     9.76907    10.24752    -0.47845
   1.82305   2.95206   2.71056    10.87976    11.39913    -0.51937
   1.61446   3.31336   2.71056    11.85177    12.29201    -0.44024
   1.33530   3.62339   2.71056    12.65812    12.97003    -0.31190
   0.99779   3.86861   2.71056    13.27998    13.46006    -0.18008
   0.61667   4.03830   2.71056    13.70230    13.77874    -0.07644
   0.20859   4.12504   2.71056    13.91565    13.93581    -0.02016
  -0.20859   4.12504   2.71056    13.91565    13.93581    -0.02016
  -0.61667   4.03830   2.71056    13.70230    13.77874    -0.07644
  -0.99779   3.86861   2.71056    13.27998    13.46006    -0.18008
  -1.33530   3.62339   2.71056    12.65812    12.97003    -0.31190
  -1.61446   3.31336   2.71056    11.85177    12.29201    -0.44024
  -1.82305   2.95206   2.71056    10.87976    11.39913    -0.51937
  -1.95197   2.55529   2.71056     9.76907    10.24752    -0.47845
   1.95723   2.95110   2.30536     8.54166     9.26921    -0.72756
   1.76147   3.31736   2.30536     9.81801    10.39705    -0.57904
   1.49800   3.63839   2.30536    10.87599    11.27846    -0.40246
   1.17697   3.90185   2.30536    11.70619    11.93897    -0.23278
   0.81071   4.09762   2.30536    12.30295    12.39778    -0.09483
   0.41330   4.21818   2.30536    12.66251    12.66800    -0.00549
   0.00000   4.25889   2.30536    12.78237    12.75725     0.02512
  -0.41330   4.21818   2.30536    12.66251    12.66800    -0.00549
  -0.81071   4.09762   2.30536    12.30295    12.39778    -0.09483
  -1.17697   3.90185   2.30536    11.70619    11.93897    -0.23278
  -1.49800   3.63839   2.30536    10.87599    11.27846    -0.40246
  -1.76147   3.31736   2.30536     9.81801    10.39705    -0.57904
  -1.95723   2.95110   2.30536     8.54166     9.26921    -0.72756
   2.00528   2.94318   1.88397     6.63842     7.43686    -0.79843
   1.81711   3.30817   1.88397     8.18649     8.78076    -0.59427
   1.56327   3.63096   1.88397     9.46096     9.84454    -0.38357
   1.25292   3.89987   1.88397    10.46309    10.65405    -0.19095
   0.89730   4.10519   1.88397    11.19602    11.23075    -0.03473
   0.50924   4.23950   1.88397    11.66164    11.59037     0.07127
   0.10278   4.29794   1.88397    11.86118    11.74275     0.11844
  -0.30740   4.27840   1.88397    11.79467    11.69207     0.10260
  -0.70647   4.18159   1.88397    11.46209    11.43694     0.02515
  -1.08000   4.01100   1.88397    10.86282    10.97038    -0.10756
  -1.41450   3.77281   1.88397     9.99560    10.27961    -0.28401
  -1.69787   3.47561   1.88397     8.85792     9.34598    -0.48805
  -1.91989   3.13016   1.88397     7.44666     8.14552    -0.69887
   1.76147   3.31736   1.46257     7.18938     7.60018    -0.41080
   1.49800   3.63839   1.46257     8.65900     8.84606    -0.18705
   1.17697   3.90185   1.46257     9.78727     9.77895     0.00831
   0.81071   4.09762   1.46257    10.58734    10.42609     0.16125
   0.41330   4.21818   1.46257    11.06488    10.80676     0.25811
   0.00000   4.25889   1.46257    11.22426    10.93240     0.29186
  -0.41330   4.21818   1.46257    11.06488    10.80676     0.25811
  -0.81071   4.09762   1.46257    10.58734    10.42609     0.16125
  -1.17697   3.90185   1.46257     9.78727     9.77895     0.00831
  -1.49800   3.63839   1.46257     8.65900     8.84606    -0.18705
  -1.76147   3.31736   1.46257     7.18938     7.60018    -0.41080
   1.33530   3.62339   1.05737     8.52660     8.34586     0.18074
   0.99779   3.86861   1.05737     9.72765     9.37221     0.35544
   0.61667   4.03830   1.05737    10.52208    10.03712     0.48496
   0.20859   4.12504   1.05737    10.91741    10.36387     0.55354
  -0.20859   4.12504   1.05737    10.91741    10.36387     0.55354
  -0.61667   4.03830   1.05737    10.52208    10.03712     0.48496
  -0.99779   3.86861   1.05737     9.72765     9.37221     0.35544
  -1.33530   3.62339   1.05737     8.52660     8.34586     0.18074
   0.71135   3.78948   0.68394    10.58420     9.74346     0.84074
   0.31187   3.90908   0.68394    11.24309    10.31008     0.93301
  -0.10443   3.93333   0.68394    11.37486    10.42218     0.95268
  -0.51509   3.86091   0.68394    10.97953    10.08465     0.89488
  -0.89799   3.69575   0.68394    10.05584     9.28280     0.77304
  -0.91928  -2.91176   3.67994    20.73103    20.50270     0.22833
  -0.60002  -3.17965   3.67994    20.29240    20.12223     0.17017
  -0.20838  -3.32219   3.67994    20.13552    19.96935     0.16617
   0.20838  -3.32219   3.67994    20.13552    19.96935     0.16617
   0.60002  -3.17965   3.67994    20.29240    20.12223     0.17017
   0.91928  -2.91176   3.67994    20.73103    20.50270     0.22833
  -1.51312  -2.34836   3.41132    17.02308    16.60699     0.41609
  -1.40090  -2.74889   3.41132    16.92268    16.83962     0.08305
  -1.18478  -3.10428   3.41132    16.99798    17.01784    -0.01987
  -0.88079  -3.38819   3.41132    17.14921    17.16139    -0.01218
  -0.51148  -3.57955   3.41132    17.28726    17.26104     0.02622
  -0.10423  -3.66418   3.41132    17.35691    17.30597     0.05095
   0.31075  -3.63579   3.41132    17.33307    17.29084     0.04223
   0.70268  -3.49650   3.41132    17.22388    17.21747     0.00641
   1.04250  -3.25663   3.41132    17.07014    17.09432    -0.02418
   1.30500  -2.93398   3.41132    16.94464    16.93304     0.01160
   1.47071  -2.55246   3.41132    16.94527    16.73419     0.21108
  -1.78383  -2.34889   3.08400    12.66440    12.60766     0.05674
  -1.68766  -2.75465   3.08400    13.33960    13.54637    -0.20678
  -1.50052  -3.12729   3.08400    13.97401    14.23106    -0.25705
  -1.23247  -3.44673   3.08400    14.53312    14.73683    -0.20371
  -0.89799  -3.69575   3.08400    14.97740    15.09468    -0.11729
  -0.51509  -3.86091   3.08400    15.27546    15.31810    -0.04264
  -0.10443  -3.93333   3.08400    15.40724    15.41300    -0.00576
   0.31187  -3.90908   3.08400    15.36269    15.38143    -0.01874
   0.71135  -3.78948   3.08400    15.14620    15.22271    -0.07651
   1.07248  -3.58098   3.08400    14.77157    14.93314    -0.16157
   1.37580  -3.29482   3.08400    14.26517    14.50377    -0.23860
   1.60494  -2.94642   3.08400    13.66339    13.91424    -0.25085
   1.74756  -2.55457   3.08400    13.00576    13.11662    -0.11086
  -1.95197  -2.55529   2.71056     9.76907    10.24752    -0.47845
  -1.82305  -2.95206   2.71056    10.87976    11.39913    -0.51937
  -1.61446  -3.31336   2.71056    11.85177    12.29201    -0.44024
  -1.33530  -3.62339   2.71056    12.65812    12.97003    -0.31190
  -0.99779  -3.86861   2.71056    13.27998    13.46006    -0.18008
  -0.61667  -4.03830   2.71056    13.70230    13.77874    -0.07644
  -0.20859  -4.12504   2.71056    13.91565    13.93581    -0.02016
   0.20859  -4.12504   2.71056    13.91565    13.93581    -0.02016
   0.61667  -4.03830   2.71056    13.70230    13.77874    -0.07644
   0.99779  -3.86861   2.71056    13.27998    13.46006    -0.18008
   1.33530  -3.62339   2.71056    12.65812    12.97003    -0.31190
   1.61446  -3.31336   2.71056    11.85177    12.29201    -0.44024
   1.82305  -2.95206   2.71056    10.87976    11.39913    -0.51937
   1.95197  -2.55529   2.71056     9.76907    10.24752    -0.47845
  -1.95723  -2.95110   2.30536     8.54166     9.26921    -0.72756
  -1.76147  -3.31736   2.30536     9.81801    10.39705    -0.57904
  -1.49800  -3.63839   2.30536    10.87599    11.27846    -0.40246
  -1.17697  -3.90185   2.30536    11.70619    11.93897    -0.23278
  -0.81071  -4.09762   2.30536    12.30295    12.39778    -0.09483
  -0.41330  -4.21818   2.30536    12.66251    12.66800    -0.00549
  -0.00000  -4.25889   2.30536    12.78237    12.75725     0.02512
   0.41330  -4.21818   2.30536    12.66251    12.66800    -0.00549
   0.81071  -4.09762   2.30536    12.30295    12.39778    -0.09483
   1.17697  -3.90185   2.30536    11.70619    11.93897    -0.23278
   1.49800  -3.63839   2.30536    10.87599    11.27846    -0.40246
   1.76147  -3.31736   2.30536     9.81801    10.39705    -0.57904
   1.95723  -2.95110   2.30536     8.54166     9.26921    -0.72756
  -1.91989  -3.13016   1.88397     7.44666     8.14552    -0.69887
  -1.69787  -3.47561   1.88397     8.85792     9.34598    -0.48805
  -1.41450  -3.77281   1.88397     9.99560    10.27961    -0.28401
  -1.08000  -4.01100   1.88397    10.86282    10.97038    -0.10756
  -0.70647  -4.18159   1.88397    11.46209    11.43694     0.02515
  -0.30740  -4.27840   1.88397    11.79467    11.69207     0.10260
   0.10278  -4.29794   1.88397    11.86118    11.74275     0.11844
   0.50924  -4.23950   1.88397    11.66164    11.59037     0.07127
   0.89730  -4.10519   1.88397    11.19602    11.23075    -0.03473
   1.25292  -3.89987   1.88397    10.46309    10.65405    -0.19095
   1.56327  -3.63096   1.88397     9.46096     9.84454    -0.38357
   1.81711  -3.30817   1.88397     8.18649     8.78076    -0.59427
   2.00528  -2.94318   1.88397     6.63842     7.43686    -0.79843
  -1.76147  -3.31736   1.46257     7.18938     7.60018    -0.41080
  -1.49800  -3.63839   1.46257     8.65900     8.84606    -0.18705
  -1.17697  -3.90185   1.46257     9.78727     9.77895     0.00831
  -0.81071  -4.09762   1.46257    10.58734    10.42609     0.16125
  -0.41330  -4.21818   1.46257    11.06488    10.80676     0.25811
  -0.00000  -4.25889   1.46257    11.22426    10.93240     0.29186
   0.41330  -4.21818   1.46257    11.06488    10.80676     0.25811
   0.81071  -4.09762   1.46257    10.58734    10.42609     0.16125
   1.17697  -3.90185   1.46257     9.78727     9.77895     0.00831
   1.49800  -3.63839   1.46257     8.65900     8.84606    -0.18705
   1.76147  -3.31736   1.46257     7.18938     7.60018    -0.41080
  -1.33530  -3.62339   1.05737     8.52660     8.34586     0.18074
  -0.99779  -3.86861   1.05737     9.72765     9.37221     0.35544
  -0.61667  -4.03830   1.05737    10.52208    10.03712     0.48496
  -0.20859  -4.12504   1.05737    10.91741    10.36387     0.55354
   0.20859  -4.12504   1.05737    10.91741    10.36387     0.55354
   0.61667  -4.03830   1.05737    10.52208    10.03712     0.48496
   0.99779  -3.86861   1.05737     9.72765     9.37221     0.35544
   1.33530  -3.62339   1.05737     8.52660     8.34586     0.18074
  -0.89799  -3.69575   0.68394    10.05584     9.28280     0.77304
  -0.51509  -3.86091   0.68394    10.97953    10.08465     0.89488
  -0.10443  -3.93333   0.68394    11.37486    10.42218     0.95268
   0.31187  -3.90908   0.68394    11.24309    10.31008     0.93301
   0.71135  -3.78948   0.68394    10.58420     9.74346     0.84074
   2.66676   0.00000  -1.73077    -4.35052    -4.49233     0.14180
   2.63393   0.41717  -1.73077    -4.55195    -4.69355     0.14160
   2.53624   0.82407  -1.73077    -5.14307    -5.26968     0.12662
   2.37610   1.21068  -1.73077    -6.08057    -6.13195     0.05139
  -2.37610   1.21068  -1.73077    -6.08057    -6.13195     0.05139
  -2.53624   0.82407  -1.73077    -5.14307    -5.26968     0.12662
  -2.63393   0.41717  -1.73077    -4.55195    -4.69355     0.14160
  -2.66676   0.00000  -1.73077    -4.35052    -4.49233     0.14180
  -2.63393  -0.41717  -1.73077    -4.55195    -4.69355     0.14160
  -2.53624  -0.82407  -1.73077    -5.14307    -5.26968     0.12662
  -2.37610  -1.21068  -1.73077    -6.08057    -6.13195     0.05139
   2.37610  -1.21068  -1.73077    -6.08057    -6.13195     0.05139
   2.53624  -0.82407  -1.73077    -5.14307    -5.26968     0.12662
   2.63393  -0.41717  -1.73077    -4.55195    -4.69355     0.14160
   2.70000   0.00000  -2.15314    -5.90737    -6.45978     0.55241
   2.66836   0.41215  -2.15314    -6.20732    -6.73488     0.52756
   2.57417   0.81465  -2.15314    -7.10153    -7.54698     0.44546
  -2.50426   1.00931  -2.15314    -7.76480    -8.14229     0.37748
  -2.62898   0.61520  -2.15314    -6.58132    -7.07571     0.49439
  -2.69208   0.20668  -2.15314    -5.98268    -6.52876     0.54608
  -2.69208  -0.20668  -2.15314    -5.98268    -6.52876     0.54608
  -2.62898  -0.61520  -2.15314    -6.58132    -7.07571     0.49439
  -2.50426  -1.00931  -2.15314    -7.76480    -8.14229     0.37748
   2.57417  -0.81465  -2.15314    -7.10153    -7.54698     0.44546
   2.66836  -0.41215  -2.15314    -6.20732    -6.73488     0.52756
   2.66676   0.00000  -2.57552    -8.14068    -8.96204     0.82136
   2.63393   0.41717  -2.57552    -8.55233    -9.33114     0.77881
   2.53624   0.82407  -2.57552    -9.78036   -10.43400     0.65364
  -2.53624   0.82407  -2.57552    -9.78036   -10.43400     0.65364
  -2.63393   0.41717  -2.57552    -8.55233    -9.33114     0.77881
  -2.66676   0.00000  -2.57552    -8.14068    -8.96204     0.82136
  -2.63393  -0.41717  -2.57552    -8.55233    -9.33114     0.77881
  -2.53624  -0.82407  -2.57552    -9.78036   -10.43400     0.65364
   2.53624  -0.82407  -2.57552    -9.78036   -10.43400     0.65364
   2.63393  -0.41717  -2.57552    -8.55233    -9.33114     0.77881
   2.56785   0.00000  -2.98749   -10.89670   -11.85323     0.95653
   2.53283   0.42266  -2.98749   -11.42883   -12.32932     0.90048
  -2.53283   0.42266  -2.98749   -11.42883   -12.32932     0.90048
  -2.56785   0.00000  -2.98749   -10.89670   -11.85323     0.95653
  -2.53283  -0.42266  -2.98749   -11.42883   -12.32932     0.90048
   2.53283  -0.42266  -2.98749   -11.42883   -12.32932     0.90048
   2.40572   0.00000  -3.37892   -14.04241   -14.99644     0.95403
   2.36917   0.41775  -3.37892   -14.67933   -15.56470     0.88537
  -2.36917   0.41775  -3.37892   -14.67933   -15.56470     0.88537
  -2.40572   0.00000  -3.37892   -14.04241   -14.99644     0.95403
  -2.36917  -0.41775  -3.37892   -14.67933   -15.56470     0.88537
   2.36917  -0.41775  -3.37892   -14.67933   -15.56470     0.88537
   2.18435   0.00000  -3.74016   -17.45355   -18.24930     0.79575
  -2.17445   0.20764  -3.74016   -17.64243   -18.41565     0.77322
  -2.17445  -0.20764  -3.74016   -17.64243   -18.41565     0.77322
   1.90919   0.00000  -4.06233   -20.98831   -21.45530     0.46699
  -1.90919   0.00000  -4.06233   -20.98831   -21.45530     0.46699
   0.00000  -0.00000   6.12281    21.78901    20.78624     1.00277
   0.42237  -0.00000   6.08956    21.37799    20.44345     0.93454
   0.21119   0.36579   6.08956    22.00174    21.08110     0.92064
  -0.21119   0.36579   6.08956    22.00174    21.08110     0.92064
  -0.42237   0.00000   6.08956    21.37799    20.44345     0.93454
  -0.21119  -0.36579   6.08956    22.00174    21.08110     0.92064
   0.21119  -0.36579   6.08956    22.00174    21.08110     0.92064
   0.83435  -0.00000   5.99066    20.18824    19.44709     0.74115
   0.72257   0.41717   5.99066    20.96886    20.24375     0.72511
  -0.72257   0.41717   5.99066    20.96886    20.24375     0.72511
  -0.83435   0.00000   5.99066    20.18824    19.44709     0.74115
  -0.72257  -0.41717   5.99066    20.96886    20.24375     0.72511
   0.72257  -0.41717   5.99066    20.96886    20.24375     0.72511
   1.22577  -0.00000   5.82852    18.34148    17.88726     0.45422
   1.15185   0.41924   5.82852    19.08005    18.63876     0.44129
  -1.15185   0.41924   5.82852    19.08005    18.63876     0.44129
  -1.22577   0.00000   5.82852    18.34148    17.88726     0.45422
  -1.15185  -0.41924   5.82852    19.08005    18.63876     0.44129
   1.15185  -0.41924   5.82852    19.08005    18.63876     0.44129
   1.58702  -0.00000   5.60715    16.01844    15.89631     0.12213
   1.53294   0.41075   5.60715    16.67042    16.55591     0.11450
   1.37440   0.79351   5.60715    18.52408    18.42604     0.09804
  -1.37440   0.79351   5.60715    18.52408    18.42604     0.09804
  -1.53294   0.41075   5.60715    16.67042    16.55591     0.11450
  -1.58702   0.00000   5.60715    16.01844    15.89631     0.12213
  -1.53294  -0.41075   5.60715    16.67042    16.55591     0.11450
  -1.37440  -0.79351   5.60715    18.52408    18.42604     0.09804
   1.37440  -0.79351   5.60715    18.52408    18.42604     0.09804
   1.53294  -0.41075   5.60715    16.67042    16.55591     0.11450
   1.90919  -0.00000   5.33199    13.42933    13.62828    -0.19895
   1.86132   0.42483   5.33199    14.06500    14.26445    -0.19945
   1.72012   0.82837   5.33199    15.91552    16.11466    -0.19913
  -1.72012   0.82837   5.33199    15.91552    16.11466    -0.19913
  -1.86132   0.42483   5.33199    14.06500    14.26445    -0.19945
  -1.90919   0.00000   5.33199    13.42933    13.62828    -0.19895
  -1.86132  -0.42483   5.33199    14.06500    14.26445    -0.19945
  -1.72012  -0.82837   5.33199    15.91552    16.11466    -0.19913
   1.72012  -0.82837   5.33199    15.91552    16.11466    -0.19913
   1.86132  -0.42483   5.33199    14.06500    14.26445    -0.19945
   2.18435  -0.00000   5.00983    10.78814    11.23905    -0.45091
   2.14487   0.41339   5.00983    11.33408    11.77656    -0.44248
   2.02788   0.81184   5.00983    12.94427    13.36357    -0.41931
  -1.94152   1.00093   5.00983    14.12398    14.52600    -0.40202
  -2.09587   0.61540   5.00983    12.00990    12.44265    -0.43274
  -2.17445   0.20764   5.00983    10.92494    11.37380    -0.44886
  -2.17445  -0.20764   5.00983    10.92494    11.37380    -0.44886
  -2.09587  -0.61540   5.00983    12.00990    12.44265    -0.43274
  -1.94152  -1.00093   5.00983    14.12398    14.52600    -0.40202
   2.02788  -0.81184   5.00983    12.94427    13.36357    -0.41931
   2.14487  -0.41339   5.00983    11.33408    11.77656    -0.44248
   2.40572  -0.00000   4.64858     8.28626     8.87096    -0.58470
   2.36917   0.41775   4.64858     8.79329     9.35943    -0.56614
   2.26063   0.82280   4.64858    10.29618    10.81135    -0.51517
   2.08341   1.20286   4.64858    12.73844    13.17674    -0.43830
  -2.08341   1.20286   4.64858    12.73844    13.17674    -0.43830
  -2.26063   0.82280   4.64858    10.29618    10.81135    -0.51517
  -2.36917   0.41775   4.64858     8.79329     9.35943    -0.56614
  -2.40572   0.00000   4.64858     8.28626     8.87096    -0.58470
  -2.36917  -0.41775   4.64858     8.79329     9.35943    -0.56614
  -2.26063  -0.82280   4.64858    10.29618    10.81135    -0.51517
  -2.08341  -1.20286   4.64858    12.73844    13.17674    -0.43830
   2.08341  -1.20286   4.64858    12.73844    13.17674    -0.43830
   2.26063  -0.82280   4.64858    10.29618    10.81135    -0.51517
   2.36917  -0.41775   4.64858     8.79329     9.35943    -0.56614
   2.56785  -0.00000   4.25715     6.07053     6.64286    -0.57233
   2.53283   0.42266   4.25715     6.54492     7.08832    -0.54339
   2.42872   0.83378   4.25715     7.95682     8.41810    -0.46128
   2.25836   1.22216   4.25715    10.26292    10.60508    -0.34216
   2.02640   1.57721   4.25715    13.37411    13.57851    -0.20440
  -2.02640   1.57721   4.25715    13.37411    13.57851    -0.20440
  -2.25836   1.22216   4.25715    10.26292    10.60508    -0.34216
  -2.42872   0.83378   4.25715     7.95682     8.41810    -0.46128
  -2.53283   0.42266   4.25715     6.54492     7.08832    -0.54339
  -2.56785   0.00000   4.25715     6.07053     6.64286    -0.57233
  -2.53283  -0.42266   4.25715     6.54492     7.08832    -0.54339
  -2.42872  -0.83378   4.25715     7.95682     8.41810    -0.46128
  -2.25836  -1.22216   4.25715    10.26292    10.60508    -0.34216
  -2.02640  -1.57721   4.25715    13.37411    13.57851    -0.20440
   2.02640  -1.57721   4.25715    13.37411    13.57851    -0.20440
   2.25836  -1.22216   4.25715    10.26292    10.60508    -0.34216
   2.42872  -0.83378   4.25715     7.95682     8.41810    -0.46128
   2.53283  -0.42266   4.25715     6.54492     7.08832    -0.54339
   2.66676  -0.00000   3.84518     4.22753     4.64439    -0.41686
   2.63393   0.41717   3.84518     4.65298     5.03197    -0.37899
   2.53624   0.82407   3.84518     5.91930     6.19384    -0.27454
   2.37610   1.21068   3.84518     7.99949     8.12240    -0.12291
   2.15745   1.56748   3.84518    10.83270    10.78747     0.04522
  -2.15745   1.56748   3.84518    10.83270    10.78747     0.04522
  -2.37610   1.21068   3.84518     7.99949     8.12240    -0.12291
  -2.53624   0.82407   3.84518     5.91930     6.19384    -0.27454
  -2.63393   0.41717   3.84518     4.65298     5.03197    -0.37899
  -2.66676   0.00000   3.84518     4.22753     4.64439    -0.41686
  -2.63393  -0.41717   3.84518     4.65298     5.03197    -0.37899
  -2.53624  -0.82407   3.84518     5.91930     6.19384    -0.27454
  -2.37610  -1.21068   3.84518     7.99949     8.12240    -0.12291
  -2.15745  -1.56748   3.84518    10.83270    10.78747     0.04522
   2.15745  -1.56748   3.84518    10.83270    10.78747     0.04522
   2.37610  -1.21068   3.84518     7.99949     8.12240    -0.12291
   2.53624  -0.82407   3.84518     5.91930     6.19384    -0.27454
   2.63393  -0.41717   3.84518     4.65298     5.03197    -0.37899
   2.70000  -0.00000   3.42281     2.76983     2.93195    -0.16213
   2.66836   0.41215   3.42281     3.14884     3.26921    -0.12037
   2.57417   0.81465   3.42281     4.28150     4.28572    -0.00423
   2.41965   1.19804   3.42281     6.15399     5.99320     0.16079
   2.20841   1.55336   3.42281     8.73681     8.40148     0.33533
   1.94541   1.87227   3.42281    11.97539    11.49953     0.47587
  -1.79638   2.01569   3.42281    13.81337    13.28937     0.52399
  -2.08302   1.71785   3.42281    10.27861     9.86664     0.41196
  -2.32084   1.37975   3.42281     7.35943     7.10961     0.24982
  -2.50426   1.00931   3.42281     5.12675     5.05227     0.07448
  -2.62898   0.61520   3.42281     3.62136     3.69192    -0.07057
  -2.69208   0.20668   3.42281     2.86458     3.01619    -0.15161
  -2.69208  -0.20668   3.42281     2.86458     3.01619    -0.15161
  -2.62898  -0.61520   3.42281     3.62136     3.69192    -0.07057
  -2.50426  -1.00931   3.42281     5.12675     5.05227     0.07448
  -2.32084  -1.37975   3.42281     7.35943     7.10961     0.24982
  -2.08302  -1.71785   3.42281    10.27861     9.86664     0.41196
  -1.79638  -2.01569   3.42281    13.81337    13.28937     0.52399
   1.94541  -1.87227   3.42281    11.97539    11.49953     0.47587
   2.20841  -1.55336   3.42281     8.73681     8.40148     0.33533
   2.41965  -1.19804   3.42281     6.15399     5.99320     0.16079
   2.57417  -0.81465   3.42281     4.28150     4.28572    -0.00423
   2.66836  -0.41215   3.42281     3.14884     3.26921    -0.12037
   2.66676  -0.00000   3.00043     1.61835     1.52281     0.09553
   2.63393   0.41717   3.00043     1.95971     1.82418     0.13553
   2.53624   0.82407   3.00043     2.98632     2.74145     0.24487
   2.37610   1.21068   3.00043     4.70820     4.31534     0.39286
   2.15745   1.56748   3.00043     7.14106     6.61717     0.52389
  -2.15745   1.56748   3.00043     7.14106     6.61717     0.52389
  -2.37610   1.21068   3.00043     4.70820     4.31534     0.39286
  -2.53624   0.82407   3.00043     2.98632     2.74145     0.24487
  -2.63393   0.41717   3.00043     1.95971     1.82418     0.13553
  -2.66676   0.00000   3.00043     1.61835     1.52281     0.09553
  -2.63393  -0.41717   3.00043     1.95971     1.82418     0.13553
  -2.53624  -0.82407   3.00043     2.98632     2.74145     0.24487
  -2.37610  -1.21068   3.00043     4.70820     4.31534     0.39286
  -2.15745  -1.56748   3.00043     7.14106     6.61717     0.52389
   2.15745  -1.56748   3.00043     7.14106     6.61717     0.52389
   2.37610  -1.21068   3.00043     4.70820     4.31534     0.39286
   2.53624  -0.82407   3.00043     2.98632     2.74145     0.24487
   2.63393  -0.41717   3.00043     1.95971     1.82418     0.13553
  -0.00000   0.84850   6.09699    22.06700    21.46555     0.60145
   0.42139   0.84850   6.05549    21.78085    21.22560     0.55525
   0.21070   1.21344   6.05549    21.88690    21.53525     0.35165
  -0.21070   1.21344   6.05549    21.88690    21.53525     0.35165
  -0.42139   0.84850   6.05549    21.78085    21.22560     0.55525
   0.82660   0.84850   5.93257    20.92744    20.50672     0.42072
   0.71585   1.26180   5.93257    21.22488    20.99537     0.22951
   0.41330   1.56435   5.93257    21.77772    21.61662     0.16109
   0.00000   1.67510   5.93257    22.02872    21.88078     0.14794
  -0.41330   1.56435   5.93257    21.77772    21.61662     0.16109
  -0.71585   1.26180   5.93257    21.22488    20.99537     0.22951
  -0.82660   0.84850   5.93257    20.92744    20.50672     0.42072
   1.20003   0.84850   5.73296    19.52057    19.31269     0.20787
   1.12766   1.25894   5.73296    20.05081    19.97898     0.07183
   0.91928   1.61987   5.73296    20.90234    20.87051     0.03183
   0.60002   1.88776   5.73296    21.67794    21.64231     0.03563
   0.20838   2.03030   5.73296    22.12661    22.07992     0.04669
  -0.20838   2.03030   5.73296    22.12661    22.07992     0.04669
  -0.60002   1.88776   5.73296    21.67794    21.64231     0.03563
  -0.91928   1.61987   5.73296    20.90234    20.87051     0.03183
  -1.12766   1.25894   5.73296    20.05081    19.97898     0.07183
  -1.20003   0.84850   5.73296    19.52057    19.31269     0.20787
   1.47071   1.26057   5.46434    18.46698    18.58634    -0.11936
   1.30500   1.64209   5.46434    19.63226    19.73904    -0.10677
   1.04250   1.96474   5.46434    20.77182    20.83624    -0.06442
   0.70268   2.20461   5.46434    21.67983    21.70019    -0.02036
   0.31075   2.34391   5.46434    22.22639    22.21686     0.00952
  -0.10423   2.37229   5.46434    22.33934    22.32338     0.01595
  -0.51148   2.28766   5.46434    22.00425    22.00702    -0.00278
  -0.88079   2.09630   5.46434    21.26441    21.30576    -0.04135
  -1.18478   1.81239   5.46434    20.22024    20.30746    -0.08722
  -1.40090   1.45700   5.46434    19.03613    19.15527    -0.11914
  -1.51312   1.05648   5.46434    17.96811    18.06995    -0.10184
   1.74756   1.26268   5.13702    16.53299    16.83823    -0.30524
   1.60494   1.65453   5.13702    18.07604    18.30182    -0.22578
   1.37580   2.00293   5.13702    19.57202    19.71088    -0.13885
   1.07248   2.28909   5.13702    20.85779    20.91940    -0.06162
   0.71135   2.49759   5.13702    21.82227    21.82499    -0.00272
   0.31187   2.61719   5.13702    22.38515    22.35398     0.03116
  -0.10443   2.64144   5.13702    22.50061    22.46210     0.03851
  -0.51509   2.56903   5.13702    22.15736    22.14008     0.01728
  -0.89799   2.40386   5.13702    21.38552    21.41531    -0.02979
  -1.23247   2.15485   5.13702    20.24910    20.34737    -0.09826
  -1.50052   1.83540   5.13702    18.84160    19.02362    -0.18202
  -1.68766   1.46276   5.13702    17.29730    17.56515    -0.26785
   1.82305   1.66018   4.76359    16.32842    16.60855    -0.28012
   1.61446   2.02147   4.76359    18.20719    18.35973    -0.15254
   1.33530   2.33151   4.76359    19.85942    19.91101    -0.05159
   0.99779   2.57672   4.76359    21.19727    21.17335     0.02392
   0.61667   2.74641   4.76359    22.14418    22.06935     0.07483
   0.20859   2.83315   4.76359    22.63741    22.53579     0.10161
  -0.20859   2.83315   4.76359    22.63741    22.53579     0.10161
  -0.61667   2.74641   4.76359    22.14418    22.06935     0.07483
  -0.99779   2.57672   4.76359    21.19727    21.17335     0.02392
  -1.33530   2.33151   4.76359    19.85942    19.91101    -0.05159
  -1.61446   2.02147   4.76359    18.20719    18.35973    -0.15254
  -1.82305   1.66018   4.76359    16.32842    16.60855    -0.28012
   1.95723   1.65921   4.35839    14.51116    14.72219    -0.21103
   1.76147   2.02547   4.35839    16.79780    16.86183    -0.06403
   1.49800   2.34650   4.35839    18.82842    18.79241     0.03601
   1.17697   2.60997   4.35839    20.54278    20.43704     0.10573
   0.81071   2.80574   4.35839    21.86557    21.71014     0.15543
   0.41330   2.92629   4.35839    22.71082    22.52235     0.18847
   0.00000   2.96700   4.35839    23.00262    22.80232     0.20030
  -0.41330   2.92629   4.35839    22.71082    22.52235     0.18847
  -0.81071   2.80574   4.35839    21.86557    21.71014     0.15543
  -1.17697   2.60997   4.35839    20.54278    20.43704     0.10573
  -1.49800   2.34650   4.35839    18.82842    18.79241     0.03601
  -1.76147   2.02547   4.35839    16.79780    16.86183    -0.06403
  -1.95723   1.65921   4.35839    14.51116    14.72219    -0.21103
   1.81711   2.01629   3.93699    15.47313    15.31437     0.15876
   1.56327   2.33907   3.93699    17.90724    17.69646     0.21078
   1.25292   2.60798   3.93699    20.04579    19.80910     0.23669
   0.89730   2.81331   3.93699    21.80658    21.54354     0.26304
   0.50924   2.94761   3.93699    23.04968    22.75604     0.29364
   0.10278   3.00605   3.93699    23.62071    23.30723     0.31348
  -0.30740   2.98651   3.93699    23.42744    23.12120     0.30624
  -0.70647   2.88970   3.93699    22.50312    22.22451     0.27861
  -1.08000   2.71912   3.93699    20.98078    20.73206     0.24872
  -1.41450   2.48092   3.93699    19.01730    18.79221     0.22509
  -1.69787   2.18372   3.93699    16.72438    16.53404     0.19034
  -1.91989   1.83827   3.93699    14.15599    14.04461     0.11138
   1.49800   2.34650   3.51559    17.60227    17.17884     0.42343
  -1.49800   2.34650   3.51559    17.60227    17.17884     0.42343
  -0.00000  -0.84850   6.09699    22.06700    21.46555     0.60145
   0.42139  -0.84850   6.05549    21.78085    21.22560     0.55525
  -0.42139  -0.84850   6.05549    21.78085    21.22560     0.55525
  -0.21070  -1.21344   6.05549    21.88690    21.53525     0.35165
   0.21070  -1.21344   6.05549    21.88690    21.53525     0.35165
   0.82660  -0.84850   5.93257    20.92744    20.50672     0.42072
  -0.82660  -0.84850   5.93257    20.92744    20.50672     0.42072
  -0.71585  -1.26180   5.93257    21.22488    20.99537     0.22951
  -0.41330  -1.56435   5.93257    21.77772    21.61662     0.16109
  -0.00000  -1.67510   5.93257    22.02872    21.88078     0.14794
   0.41330  -1.56435   5.93257    21.77772    21.61662     0.16109
   0.71585  -1.26180   5.93257    21.22488    20.99537     0.22951
   1.20003  -0.84850   5.73296    19.52057    19.31269     0.20787
  -1.20003  -0.84850   5.73296    19.52057    19.31269     0.20787
  -1.12766  -1.25894   5.73296    20.05081    19.97898     0.07183
  -0.91928  -1.61987   5.73296    20.90234    20.87051     0.03183
  -0.60002  -1.88776   5.73296    21.67794    21.64231     0.03563
  -0.20838  -2.03030   5.73296    22.12661    22.07992     0.04669
   0.20838  -2.03030   5.73296    22.12661    22.07992     0.04669
   0.60002  -1.88776   5.73296    21.67794    21.64231     0.03563
   0.91928  -1.61987   5.73296    20.90234    20.87051     0.03183
   1.12766  -1.25894   5.73296    20.05081    19.97898     0.07183
  -1.51312  -1.05648   5.46434    17.96811    18.06995    -0.10184
  -1.40090  -1.45700   5.46434    19.03613    19.15527    -0.11914
  -1.18478  -1.81239   5.46434    20.22024    20.30746    -0.08722
  -0.88079  -2.09630   5.46434    21.26441    21.30576    -0.04135
  -0.51148  -2.28766   5.46434    22.00425    22.00702    -0.00278
  -0.10423  -2.37229   5.46434    22.33934    22.32338     0.01595
   0.31075  -2.34391   5.46434    22.22639    22.21686     0.00952
   0.70268  -2.20461   5.46434    21.67983    21.70019    -0.02036
   1.04250  -1.96474   5.46434    20.77182    20.83624    -0.06442
   1.30500  -1.64209   5.46434    19.63226    19.73904    -0.10677
   1.47071  -1.26057   5.46434    18.46698    18.58634    -0.11936
  -1.68766  -1.46276   5.13702    17.29730    17.56515    -0.26785
  -1.50052  -1.83540   5.13702    18.84160    19.02362    -0.18202
  -1.23247  -2.15485   5.13702    20.24910    20.34737    -0.09826
  -0.89799  -2.40386   5.13702    21.38552    21.41531    -0.02979
  -0.51509  -2.56903   5.13702    22.15736    22.14008     0.01728
  -0.10443  -2.64144   5.13702    22.50061    22.46210     0.03851
   0.31187  -2.61719   5.13702    22.38515    22.35398     0.03116
   0.71135  -2.49759   5.13702    21.82227    21.82499    -0.00272
   1.07248  -2.28909   5.13702    20.85779    20.91940    -0.06162
   1.37580  -2.00293   5.13702    19.57202    19.71088    -0.13885
   1.60494  -1.65453   5.13702    18.07604    18.30182    -0.22578
   1.74756  -1.26268   5.13702    16.53299    16.83823    -0.30524
  -1.82305  -1.66018   4.76359    16.32842    16.60855    -0.28012
  -1.61446  -2.02147   4.76359    18.20719    18.35973    -0.15254
  -1.33530  -2.33151   4.76359    19.85942    19.91101    -0.05159
  -0.99779  -2.57672   4.76359    21.19727    21.17335     0.02392
  -0.61667  -2.74641   4.76359    22.14418    22.06935     0.07483
  -0.20859  -2.83315   4.76359    22.63741    22.53579     0.10161
   0.20859  -2.83315   4.76359    22.63741    22.53579     0.10161
   0.61667  -2.74641   4.76359    22.14418    22.06935     0.07483
   0.99779  -2.57672   4.76359    21.19727    21.17335     0.02392
   1.33530  -2.33151   4.76359    19.85942    19.91101    -0.05159
   1.61446  -2.02147   4.76359    18.20719    18.35973    -0.15254
   1.82305  -1.66018   4.76359    16.32842    16.60855    -0.28012
  -1.95723  -1.65921   4.35839    14.51116    14.72219    -0.21103
  -1.76147  -2.02547   4.35839    16.79780    16.86183    -0.06403
  -1.49800  -2.34650   4.35839    18.82842    18.79241     0.03601
  -1.17697  -2.60997   4.35839    20.54278    20.43704     0.10573
  -0.81071  -2.80574   4.35839    21.86557    21.71014     0.15543
  -0.41330  -2.92629   4.35839    22.71082    22.52235     0.18847
  -0.00000  -2.96700   4.35839    23.00262    22.80232     0.20030
   0.41330  -2.92629   4.35839    22.71082    22.52235     0.18847
   0.81071  -2.80574   4.35839    21.86557    21.71014     0.15543
   1.17697  -2.60997   4.35839    20.54278    20.43704     0.10573
   1.49800  -2.34650   4.35839    18.82842    18.79241     0.03601
   1.76147  -2.02547   4.35839    16.79780    16.86183    -0.06403
   1.95723  -1.65921   4.35839    14.51116    14.72219    -0.21103
  -1.91989  -1.83827   3.93699    14.15599    14.04461     0.11138
  -1.69787  -2.18372   3.93699    16.72438    16.53404     0.19034
  -1.41450  -2.48092   3.93699    19.01730    18.79221     0.22509
  -1.08000  -2.71912   3.93699    20.98078    20.73206     0.24872
  -0.70647  -2.88970   3.93699    22.50312    22.22451     0.27861
  -0.30740  -2.98651   3.93699    23.42744    23.12120     0.30624
   0.10278  -3.00605   3.93699    23.62071    23.30723     0.31348
   0.50924  -2.94761   3.93699    23.04968    22.75604     0.29364
   0.89730  -2.81331   3.93699    21.80658    21.54354     0.26304
   1.25292  -2.60798   3.93699    20.04579    19.80910     0.23669
   1.56327  -2.33907   3.93699    17.90724    17.69646     0.21078
   1.81711  -2.01629   3.93699    15.47313    15.31437     0.15876
  -1.49800  -2.34650   3.51559    17.60227    17.17884     0.42343
   1.49800  -2.34650   3.51559    17.60227    17.17884     0.42343
   2.26846   1.48143  -1.70140    -6.69490    -6.59763    -0.09726
   2.15191   1.89104  -1.70140    -7.42595    -7.04609    -0.37985
   1.96209   2.27226  -1.70140    -7.50627    -6.83220    -0.67407
  -1.96209   2.27226  -1.70140    -7.50627    -6.83220    -0.67407
  -2.15191   1.89104  -1.70140    -7.42595    -7.04609    -0.37985
  -2.26846   1.48143  -1.70140    -6.69490    -6.59763    -0.09726
   2.40578   1.48159  -2.09505    -9.00288    -9.07188     0.06900
   2.29556   1.89290  -2.09505    -9.89959    -9.72101    -0.17858
   2.11560   2.27883  -2.09505   -10.32002    -9.93700    -0.38302
   1.87136   2.62765  -2.09505   -10.28363    -9.76436    -0.51927
   1.57026   2.92875  -2.09505    -9.84813    -9.28707    -0.56106
   1.22144   3.17299  -2.09505    -9.13403    -8.63205    -0.50198
  -1.22144   3.17299  -2.09505    -9.13403    -8.63205    -0.50198
  -1.57026   2.92875  -2.09505    -9.84813    -9.28707    -0.56106
  -1.87136   2.62765  -2.09505   -10.28363    -9.76436    -0.51927
  -2.11560   2.27883  -2.09505   -10.32002    -9.93700    -0.38302
  -2.29556   1.89290  -2.09505    -9.89959    -9.72101    -0.17858
  -2.40578   1.48159  -2.09505    -9.00288    -9.07188     0.06900
   2.51139   1.05739  -2.50558   -10.15750   -10.64365     0.48615
   2.47527   1.48181  -2.50558   -11.33972   -11.55740     0.21768
   2.36794   1.89403  -2.50558   -12.18937   -12.21257     0.02320
   2.19248   2.28218  -2.50558   -12.68636   -12.58491    -0.10145
   1.95395   2.63509  -2.50558   -12.84888   -12.69258    -0.15631
   1.65921   2.94262  -2.50558   -12.72966   -12.58500    -0.14466
   1.31674   3.19591  -2.50558   -12.41465   -12.33683    -0.07782
   0.93639   3.38768  -2.50558   -12.02183   -12.04037     0.01854
   0.52910   3.51241  -2.50558   -11.68297   -11.79153     0.10856
   0.10659   3.56652  -2.50558   -11.51354   -11.66873     0.15518
  -0.31899   3.54844  -2.50558   -11.57190   -11.71079     0.13889
  -0.73539   3.45870  -2.50558   -11.83734   -11.90441     0.06707
  -1.13064   3.29987  -2.50558   -12.21949   -12.18851    -0.03099
  -1.49336   3.07654  -2.50558   -12.58972   -12.47300    -0.11672
  -1.81311   2.79512  -2.50558   -12.82002   -12.66155    -0.15846
  -2.08071   2.46370  -2.50558   -12.80684   -12.66939    -0.13745
  -2.28845   2.09183  -2.50558   -12.48179   -12.43377    -0.04802
  -2.43036   1.69020  -2.50558   -11.80847   -11.92002     0.11155
  -2.50235   1.27037  -2.50558   -10.78689   -11.12913     0.34224
   2.51139   1.05739  -2.92178   -12.72150   -13.25880     0.53730
   2.47527   1.48181  -2.92178   -13.63327   -13.94838     0.31510
   2.36794   1.89403  -2.92178   -14.32792   -14.51660     0.18868
   2.19248   2.28218  -2.92178   -14.76530   -14.91124     0.14595
   1.95395   2.63509  -2.92178   -14.95355   -15.12692     0.17336
   1.65921   2.94262  -2.92178   -14.93410   -15.18843     0.25433
   1.31674   3.19591  -2.92178   -14.77408   -15.14061     0.36653
   0.93639   3.38768  -2.92178   -14.55634   -15.03930     0.48297
   0.52910   3.51241  -2.92178   -14.36495   -14.94081     0.57587
   0.10659   3.56652  -2.92178   -14.26894   -14.88964     0.62070
  -0.31899   3.54844  -2.92178   -14.30157   -14.90731     0.60575
  -0.73539   3.45870  -2.92178   -14.45217   -14.98650     0.53433
  -1.13064   3.29987  -2.92178   -14.66741   -15.09300     0.42559
  -1.49336   3.07654  -2.92178   -14.86696   -15.17484     0.30788
  -1.81311   2.79512  -2.92178   -14.96610   -15.17451     0.20841
  -2.08071   2.46370  -2.92178   -14.88829   -15.04047     0.15218
  -2.28845   2.09183  -2.92178   -14.57956   -14.73681     0.15726
  -2.43036   1.69020  -2.92178   -14.01166   -14.25229     0.24063
  -2.50235   1.27037  -2.92178   -13.19903   -13.61294     0.41391
  -2.50235   0.84441  -2.92178   -12.21824   -12.90501     0.68677
   2.44289   1.05739  -3.33230   -15.21836   -15.71760     0.49924
   2.40578   1.48159  -3.33230   -15.82955   -16.17368     0.34412
   2.29556   1.89290  -3.33230   -16.32027   -16.61574     0.29547
   2.11560   2.27883  -3.33230   -16.63151   -16.96731     0.33580
   1.87136   2.62765  -3.33230   -16.76015   -17.20348     0.44333
   1.57026   2.92875  -3.33230   -16.73819   -17.33085     0.59266
   1.22144   3.17299  -3.33230   -16.62147   -17.37493     0.75346
   0.83552   3.35295  -3.33230   -16.47338   -17.37016     0.89678
   0.42420   3.46316  -3.33230   -16.35541   -17.35054     0.99513
   0.00000   3.50028  -3.33230   -16.31023   -17.34096     1.03074
  -0.42420   3.46316  -3.33230   -16.35541   -17.35054     0.99513
  -0.83552   3.35295  -3.33230   -16.47338   -17.37016     0.89678
  -1.22144   3.17299  -3.33230   -16.62147   -17.37493     0.75346
  -1.57026   2.92875  -3.33230   -16.73819   -17.33085     0.59266
  -1.87136   2.62765  -3.33230   -16.76015   -17.20348     0.44333
  -2.11560   2.27883  -3.33230   -16.63151   -16.96731     0.33580
  -2.29556   1.89290  -3.33230   -16.32027   -16.61574     0.29547
  -2.40578   1.48159  -3.33230   -15.82955   -16.17368     0.34412
  -2.44289   1.05739  -3.33230   -15.21836   -15.71760     0.49924
  -2.40578   0.63318  -3.33230   -14.64858   -15.41057     0.76199
   2.40578   0.63318  -3.33230   -14.64858   -15.41057     0.76199
   2.30775   1.05739  -3.72595   -17.57717   -17.95095     0.37378
   2.26846   1.48143  -3.72595   -17.88841   -18.18688     0.29846
   2.15191   1.89104  -3.72595   -18.16201   -18.49305     0.33105
   1.96209   2.27226  -3.72595   -18.32014   -18.77286     0.45272
   1.70545   2.61211  -3.72595   -18.35214   -18.98539     0.63324
   1.39073   2.89901  -3.72595   -18.28374   -19.12349     0.83975
   1.02865   3.12320  -3.72595   -18.16452   -19.19921     1.03470
   0.63155   3.27704  -3.72595   -18.04592   -19.23283     1.18691
   0.21293   3.35529  -3.72595   -17.97375   -19.24380     1.27004
  -0.21293   3.35529  -3.72595   -17.97375   -19.24380     1.27004
  -0.63155   3.27704  -3.72595   -18.04592   -19.23283     1.18691
  -1.02865   3.12320  -3.72595   -18.16452   -19.19921     1.03470
  -1.39073   2.89901  -3.72595   -18.28374   -19.12349     0.83975
  -1.70545   2.61211  -3.72595   -18.35214   -18.98539     0.63324
  -1.96209   2.27226  -3.72595   -18.32014   -18.77286     0.45272
  -2.15191   1.89104  -3.72595   -18.16201   -18.49305     0.33105
  -2.26846   1.48143  -3.72595   -17.88841   -18.18688     0.29846
  -2.30775   1.05739  -3.72595   -17.57717   -17.95095     0.37378
  -2.26846   0.63334  -3.72595   -17.41715   -17.97334     0.55618
   2.26846   0.63334  -3.72595   -17.41715   -17.97334     0.55618
   2.10966   1.05739  -4.09199   -19.74647   -19.91812     0.17165
   2.06647   1.48206  -4.09199   -19.77722   -19.95848     0.18127
   1.93869   1.88934  -4.09199   -19.83997   -20.13557     0.29560
   1.73153   2.26257  -4.09199   -19.84311   -20.33535     0.49225
   1.45349   2.58645  -4.09199   -19.77157   -20.50365     0.73208
   1.11593   2.84774  -4.09199   -19.64983   -20.62277     0.97294
   0.73270   3.03572  -4.09199   -19.52370   -20.69489     1.17119
   0.31946   3.14272  -4.09199   -19.43585   -20.72990     1.29404
  -0.10685   3.16434  -4.09199   -19.41640   -20.73640     1.32000
  -0.52879   3.09970  -4.09199   -19.47225   -20.71639     1.24414
  -0.92908   2.95145  -4.09199   -19.58457   -20.66414     1.07957
  -1.29133   2.72566  -4.09199   -19.71447   -20.56952     0.85506
  -1.60072   2.43156  -4.09199   -19.81549   -20.42518     0.60968
  -1.84457   2.08121  -4.09199   -19.85126   -20.23709     0.38583
  -2.01291   1.68894  -4.09199   -19.81236   -20.03881     0.22645
  -2.09884   1.27082  -4.09199   -19.74835   -19.91090     0.16255
  -2.09884   0.84396  -4.09199   -19.80357   -20.00932     0.20575
  -2.01291   0.42583  -4.09199   -20.27797   -20.60562     0.32765
   1.93869   0.22543  -4.09199   -20.82892   -21.21933     0.39041
   2.06647   0.63272  -4.09199   -19.96108   -20.22239     0.26131
   1.85402   1.05739  -4.42043   -21.68296   -21.59643    -0.08653
   1.80405   1.48495  -4.42043   -21.46020   -21.47001     0.00981
   1.65682   1.88947  -4.42043   -21.33156   -21.53405     0.20249
   1.42027   2.24913  -4.42043   -21.19602   -21.65731     0.46129
   1.10715   2.54454  -4.42043   -21.03851   -21.77373     0.73522
   0.73434   2.75978  -4.42043   -20.88854   -21.85728     0.96874
   0.32195   2.88324  -4.42043   -20.78688   -21.90264     1.11576
  -0.10780   2.90827  -4.42043   -20.76492   -21.91150     1.14659
  -0.53174   2.83352  -4.42043   -20.82892   -21.88466     1.05574
  -0.92701   2.66302  -4.42043   -20.96007   -21.82025     0.86017
  -1.27231   2.40596  -4.42043   -21.11883   -21.71869     0.59985
  -1.54902   2.07619  -4.42043   -21.26692   -21.59361     0.32668
  -1.74221   1.69150  -4.42043   -21.39305   -21.48829     0.09523
  -1.84149   1.27263  -4.42043   -21.54930   -21.49786    -0.05145
  -1.84149   0.84215  -4.42043   -21.89569   -21.79719    -0.09850
  -1.74221   0.42327  -4.42043   -22.75663   -22.66898    -0.08765
  -1.54902   0.03858  -4.42043   -24.65736   -24.50661    -0.15075
   1.65682   0.22530  -4.42043   -23.53663   -23.43959    -0.09704
   1.80405   0.62982  -4.42043   -22.23392   -22.13916    -0.09476
   1.54782   1.05739  -4.70231   -23.34461   -22.97434    -0.37027
   1.49042   1.47498  -4.70231   -22.91225   -22.71418    -0.19807
   1.32248   1.86161  -4.70231   -22.62862   -22.67927     0.05065
   1.05647   2.18859  -4.70231   -22.39644   -22.73013     0.33369
   0.71210   2.43167  -4.70231   -22.20317   -22.79238     0.58921
   0.31491   2.57283  -4.70231   -22.07892   -22.83329     0.75437
  -0.10563   2.60160  -4.70231   -22.05194   -22.84185     0.78991
  -0.51833   2.51583  -4.70231   -22.13038   -22.81650     0.68613
  -0.89260   2.32191  -4.70231   -22.29353   -22.76259     0.46906
  -1.20066   2.03420  -4.70231   -22.50814   -22.69988     0.19174
  -1.41967   1.67404  -4.70231   -22.76102   -22.67908    -0.08195
  -1.53340   1.26815  -4.70231   -23.09925   -22.80429    -0.29496
  -1.53340   0.84663  -4.70231   -23.68095   -23.25445    -0.42650
  -1.41967   0.44073  -4.70231   -24.80545   -24.28291    -0.52254
  -1.20066   0.08058  -4.70231   -26.85678   -26.14194    -0.71484
   1.32248   0.25317  -4.70231   -25.69338   -25.09794    -0.59544
   1.49042   0.63979  -4.70231   -24.15159   -23.67883    -0.47276
   1.19939   1.05739  -4.92995   -24.68999   -24.04689    -0.64310
   1.12706   1.46760  -4.92995   -24.09511   -23.68732    -0.40779
   0.91878   1.82834  -4.92995   -23.70605   -23.58056    -0.12549
   0.59969   2.09609  -4.92995   -23.43936   -23.57457     0.13521
   0.20827   2.23855  -4.92995   -23.29504   -23.58767     0.29263
  -0.20827   2.23855  -4.92995   -23.29504   -23.58767     0.29263
  -0.59969   2.09609  -4.92995   -23.43936   -23.57457     0.13521
  -0.91878   1.82834  -4.92995   -23.70605   -23.58056    -0.12549
  -1.12706   1.46760  -4.92995   -24.09511   -23.68732    -0.40779
  -1.19939   1.05739  -4.92995   -24.68999   -24.04689    -0.64310
  -1.12706   0.64717  -4.92995   -25.69589   -24.86834    -0.82755
  -0.91878   0.28644  -4.92995   -27.33494   -26.29599    -1.03895
  -0.59969   0.01869  -4.92995   -29.47287   -28.11482    -1.35804
   0.59969   0.01869  -4.92995   -29.47287   -28.11482    -1.35804
   0.91878   0.28644  -4.92995   -27.33494   -26.29599    -1.03895
   1.12706   0.64717  -4.92995   -25.69589   -24.86834    -0.82755
   0.81824   1.05739  -5.09714   -25.68271   -24.81263    -0.87008
   0.70862   1.46651  -5.09714   -24.96484   -24.38194    -0.58290
   0.40912   1.76601  -5.09714   -24.56198   -24.24239    -0.31959
   0.00000   1.87563  -5.09714   -24.42581   -24.21585    -0.20996
  -0.40912   1.76601  -5.09714   -24.56198   -24.24239    -0.31959
  -0.70862   1.46651  -5.09714   -24.96484   -24.38194    -0.58290
  -0.81824   1.05739  -5.09714   -25.68271   -24.81263    -0.87008
  -0.70862   0.64827  -5.09714   -26.84423   -25.72544    -1.11879
  -0.40912   0.34877  -5.09714   -28.27997   -26.92951    -1.35046
  -0.00000   0.23914  -5.09714   -29.01416   -27.54365    -1.47050
   0.40912   0.34877  -5.09714   -28.27997   -26.92951    -1.35046
   0.70862   0.64827  -5.09714   -26.84423   -25.72544    -1.11879
   0.41478   1.05739  -5.19931   -26.29139   -25.27172    -1.01967
   0.20739   1.41660  -5.19931   -25.58042   -24.83813    -0.74229
  -0.20739   1.41660  -5.19931   -25.58042   -24.83813    -0.74229
  -0.41478   1.05739  -5.19931   -26.29139   -25.27172    -1.01967
  -0.20739   0.69818  -5.19931   -27.35753   -26.08431    -1.27322
   0.20739   0.69818  -5.19931   -27.35753   -26.08431    -1.27322
   0.00000   1.05739  -5.23368   -26.49722   -25.42466    -1.07255
  -2.26846  -1.48143  -1.70140    -6.69490    -6.59763    -0.09726
  -2.15191  -1.89104  -1.70140    -7.42595    -7.04609    -0.37985
  -1.96209  -2.27226  -1.70140    -7.50627    -6.83220    -0.67407
   1.96209  -2.27226  -1.70140    -7.50627    -6.83220    -0.67407
   2.15191  -1.89104  -1.70140    -7.42595    -7.04609    -0.37985
   2.26846  -1.48143  -1.70140    -6.69490    -6.59763    -0.09726
  -2.40578  -1.48159  -2.09505    -9.00288    -9.07188     0.06900
  -2.29556  -1.89290  -2.09505    -9.89959    -9.72101    -0.17858
  -2.11560  -2.27883  -2.09505   -10.32002    -9.93700    -0.38302
  -1.87136  -2.62765  -2.09505   -10.28363    -9.76436    -0.51927
  -1.57026  -2.92875  -2.09505    -9.84813    -9.28707    -0.56106
  -1.22144  -3.17299  -2.09505    -9.13403    -8.63205    -0.50198
   1.22144  -3.17299  -2.09505    -9.13403    -8.63205    -0.50198
   1.57026  -2.92875  -2.09505    -9.84813    -9.28707    -0.56106
   1.87136  -2.62765  -2.09505   -10.28363    -9.76436    -0.51927
   2.11560  -2.27883  -2.09505   -10.32002    -9.93700    -0.38302
   2.29556  -1.89290  -2.09505    -9.89959    -9.72101    -0.17858
   2.40578  -1.48159  -2.09505    -9.00288    -9.07188     0.06900
   2.51139  -1.05739  -2.50558   -10.15750   -10.64365     0.48615
  -2.50235  -1.27037  -2.50558   -10.78689   -11.12913     0.34224
  -2.43036  -1.69020  -2.50558   -11.80847   -11.92002     0.11155
  -2.28845  -2.09183  -2.50558   -12.48179   -12.43377    -0.04802
  -2.08071  -2.46370  -2.50558   -12.80684   -12.66939    -0.13745
  -1.81311  -2.79512  -2.50558   -12.82002   -12.66155    -0.15846
  -1.49336  -3.07654  -2.50558   -12.58972   -12.47300    -0.11672
  -1.13064  -3.29987  -2.50558   -12.21949   -12.18851    -0.03099
  -0.73539  -3.45870  -2.50558   -11.83734   -11.90441     0.06707
  -0.31899  -3.54844  -2.50558   -11.57190   -11.71079     0.13889
   0.10659  -3.56652  -2.50558   -11.51354   -11.66873     0.15518
   0.52910  -3.51241  -2.50558   -11.68297   -11.79153     0.10856
   0.93639  -3.38768  -2.50558   -12.02183   -12.04037     0.01854
   1.31674  -3.19591  -2.50558   -12.41465   -12.33683    -0.07782
   1.65921  -2.94262  -2.50558   -12.72966   -12.58500    -0.14466
   1.95395  -2.63509  -2.50558   -12.84888   -12.69258    -0.15631
   2.19248  -2.28218  -2.50558   -12.68636   -12.58491    -0.10145
   2.36794  -1.89403  -2.50558   -12.18937   -12.21257     0.02320
   2.47527  -1.48181  -2.50558   -11.33972   -11.55740     0.21768
   2.51139  -1.05739  -2.92178   -12.72150   -13.25880     0.53730
  -2.50235  -0.84441  -2.92178   -12.21824   -12.90501     0.68677
  -2.50235  -1.27037  -2.92178   -13.19903   -13.61294     0.41391
  -2.43036  -1.69020  -2.92178   -14.01166   -14.25229     0.24063
  -2.28845  -2.09183  -2.92178   -14.57956   -14.73681     0.15726
  -2.08071  -2.46370  -2.92178   -14.88829   -15.04047     0.15218
  -1.81311  -2.79512  -2.92178   -14.96610   -15.17451     0.20841
  -1.49336  -3.07654  -2.92178   -14.86696   -15.17484     0.30788
  -1.13064  -3.29987  -2.92178   -14.66741   -15.09300     0.42559
  -0.73539  -3.45870  -2.92178   -14.45217   -14.98650     0.53433
  -0.31899  -3.54844  -2.92178   -14.30157   -14.90731     0.60575
   0.10659  -3.56652  -2.92178   -14.26894   -14.88964     0.62070
   0.52910  -3.51241  -2.92178   -14.36495   -14.94081     0.57587
   0.93639  -3.38768  -2.92178   -14.55634   -15.03930     0.48297
   1.31674  -3.19591  -2.92178   -14.77408   -15.14061     0.36653
   1.65921  -2.94262  -2.92178   -14.93410   -15.18843     0.25433
   1.95395  -2.63509  -2.92178   -14.95355   -15.12692     0.17336
   2.19248  -2.28218  -2.92178   -14.76530   -14.91124     0.14595
   2.36794  -1.89403  -2.92178   -14.32792   -14.51660     0.18868
   2.47527  -1.48181  -2.92178   -13.63327   -13.94838     0.31510
   2.44289  -1.05739  -3.33230   -15.21836   -15.71760     0.49924
   2.40578  -0.63318  -3.33230   -14.64858   -15.41057     0.76199
  -2.40578  -0.63318  -3.33230   -14.64858   -15.41057     0.76199
  -2.44289  -1.05739  -3.33230   -15.21836   -15.71760     0.49924
  -2.40578  -1.48159  -3.33230   -15.82955   -16.17368     0.34412
  -2.29556  -1.89290  -3.33230   -16.32027   -16.61574     0.29547
  -2.11560  -2.27883  -3.33230   -16.63151   -16.96731     0.33580
  -1.87136  -2.62765  -3.33230   -16.76015   -17.20348     0.44333
  -1.57026  -2.92875  -3.33230   -16.73819   -17.33085     0.59266
  -1.22144  -3.17299  -3.33230   -16.62147   -17.37493     0.75346
  -0.83552  -3.35295  -3.33230   -16.47338   -17.37016     0.89678
  -0.42420  -3.46316  -3.33230   -16.35541   -17.35054     0.99513
  -0.00000  -3.50028  -3.33230   -16.31023   -17.34096     1.03074
   0.42420  -3.46316  -3.33230   -16.35541   -17.35054     0.99513
   0.83552  -3.35295  -3.33230   -16.47338   -17.37016     0.89678
   1.22144  -3.17299  -3.33230   -16.62147   -17.37493     0.75346
   1.57026  -2.92875  -3.33230   -16.73819   -17.33085     0.59266
   1.87136  -2.62765  -3.33230   -16.76015   -17.20348     0.44333
   2.11560  -2.27883  -3.33230   -16.63151   -16.96731     0.33580
   2.29556  -1.89290  -3.33230   -16.32027   -16.61574     0.29547
   2.40578  -1.48159  -3.33230   -15.82955   -16.17368     0.34412
   2.30775  -1.05739  -3.72595   -17.57717   -17.95095     0.37378
   2.26846  -0.63334  -3.72595   -17.41715   -17.97334     0.55618
  -2.26846  -0.63334  -3.72595   -17.41715   -17.97334     0.55618
  -2.30775  -1.05739  -3.72595   -17.57717   -17.95095     0.37378
  -2.26846  -1.48143  -3.72595   -17.88841   -18.18688     0.29846
  -2.15191  -1.89104  -3.72595   -18.16201   -18.49305     0.33105
  -1.96209  -2.27226  -3.72595   -18.32014   -18.77286     0.45272
  -1.70545  -2.61211  -3.72595   -18.35214   -18.98539     0.63324
  -1.39073  -2.89901  -3.72595   -18.28374   -19.12349     0.83975
  -1.02865  -3.12320  -3.72595   -18.16452   -19.19921     1.03470
  -0.63155  -3.27704  -3.72595   -18.04592   -19.23283     1.18691
  -0.21293  -3.35529  -3.72595   -17.97375   -19.24380     1.27004
   0.21293  -3.35529  -3.72595   -17.97375   -19.24380     1.27004
   0.63155  -3.27704  -3.72595   -18.04592   -19.23283     1.18691
   1.02865  -3.12320  -3.72595   -18.16452   -19.19921     1.03470
   1.39073  -2.89901  -3.72595   -18.28374   -19.12349     0.83975
   1.70545  -2.61211  -3.72595   -18.35214   -18.98539     0.63324
   1.96209  -2.27226  -3.72595   -18.32014   -18.77286     0.45272
   2.15191  -1.89104  -3.72595   -18.16201   -18.49305     0.33105
   2.26846  -1.48143  -3.72595   -17.88841   -18.18688     0.29846
   2.10966  -1.05739  -4.09199   -19.74647   -19.91812     0.17165
   2.06647  -0.63272  -4.09199   -19.96108   -20.22239     0.26131
   1.93869  -0.22543  -4.09199   -20.82892   -21.21933     0.39041
  -2.01291  -0.42583  -4.09199   -20.27797   -20.60562     0.32765
  -2.09884  -0.84396  -4.09199   -19.80357   -20.00932     0.20575
  -2.09884  -1.27082  -4.09199   -19.74835   -19.91090     0.16255
  -2.01291  -1.68894  -4.09199   -19.81236   -20.03881     0.22645
  -1.84457  -2.08121  -4.09199   -19.85126   -20.23709     0.38583
  -1.60072  -2.43156  -4.09199   -19.81549   -20.42518     0.60968
  -1.29133  -2.72566  -4.09199   -19.71447   -20.56952     0.85506
  -0.92908  -2.95145  -4.09199   -19.58457   -20.66414     1.07957
  -0.52879  -3.09970  -4.09199   -19.47225   -20.71639     1.24414
  -0.10685  -3.16434  -4.09199   -19.41640   -20.73640     1.32000
   0.31946  -3.14272  -4.09199   -19.43585   -20.72990     1.29404
   0.73270  -3.03572  -4.09199   -19.52370   -20.69489     1.17119
   1.11593  -2.84774  -4.09199   -19.64983   -20.62277     0.97294
   1.45349  -2.58645  -4.09199   -19.77157   -20.50365     0.73208
   1.73153  -2.26257  -4.09199   -19.84311   -20.33535     0.49225
   1.93869  -1.88934  -4.09199   -19.83997   -20.13557     0.29560
   2.06647  -1.48206  -4.09199   -19.77722   -19.95848     0.18127
   1.85402  -1.05739  -4.42043   -21.68296   -21.59643    -0.08653
   1.80405  -0.62982  -4.42043   -22.23392   -22.13916    -0.09476
   1.65682  -0.22530  -4.42043   -23.53663   -23.43959    -0.09704
  -1.54902  -0.03858  -4.42043   -24.65736   -24.50661    -0.15075
  -1.74221  -0.42327  -4.42043   -22.75663   -22.66898    -0.08765
  -1.84149  -0.84215  -4.42043   -21.89569   -21.79719    -0.09850
  -1.84149  -1.27263  -4.42043   -21.54930   -21.49786    -0.05145
  -1.74221  -1.69150  -4.42043   -21.39305   -21.48829     0.09523
  -1.54902  -2.07619  -4.42043   -21.26692   -21.59361     0.32668
  -1.27231  -2.40596  -4.42043   -21.11883   -21.71869     0.59985
  -0.92701  -2.66302  -4.42043   -20.96007   -21.82025     0.86017
  -0.53174  -2.83352  -4.42043   -20.82892   -21.88466     1.05574
  -0.10780  -2.90827  -4.42043   -20.76492   -21.91150     1.14659
   0.32195  -2.88324  -4.42043   -20.78688   -21.90264     1.11576
   0.73434  -2.75978  -4.42043   -20.88854   -21.85728     0.96874
   1.10715  -2.54454  -4.42043   -21.03851   -21.77373     0.73522
   1.42027  -2.24913  -4.42043   -21.19602   -21.65731     0.46129
   1.65682  -1.88947  -4.42043   -21.33156   -21.53405     0.20249
   1.80405  -1.48495  -4.42043   -21.46020   -21.47001     0.00981
   1.54782  -1.05739  -4.70231   -23.34461   -22.97434    -0.37027
   1.49042  -0.63979  -4.70231   -24.15159   -23.67883    -0.47276
   1.32248  -0.25317  -4.70231   -25.69338   -25.09794    -0.59544
  -1.20066  -0.08058  -4.70231   -26.85678   -26.14194    -0.71484
  -1.41967  -0.44073  -4.70231   -24.80545   -24.28291    -0.52254
  -1.53340  -0.84663  -4.70231   -23.68095   -23.25445    -0.42650
  -1.53340  -1.26815  -4.70231   -23.09925   -22.80429    -0.29496
  -1.41967  -1.67404  -4.70231   -22.76102   -22.67908    -0.08195
  -1.20066  -2.03420  -4.70231   -22.50814   -22.69988     0.19174
  -0.89260  -2.32191  -4.70231   -22.29353   -22.76259     0.46906
  -0.51833  -2.51583  -4.70231   -22.13038   -22.81650     0.68613
  -0.10563  -2.60160  -4.70231   -22.05194   -22.84185     0.78991
   0.31491  -2.57283  -4.70231   -22.07892   -22.83329     0.75437
   0.71210  -2.43167  -4.70231   -22.20317   -22.79238     0.58921
   1.05647  -2.18859  -4.70231   -22.39644   -22.73013     0.33369
   1.32248  -1.86161  -4.70231   -22.62862   -22.67927     0.05065
   1.49042  -1.47498  -4.70231   -22.91225   -22.71418    -0.19807
   1.19939  -1.05739  -4.92995   -24.68999   -24.04689    -0.64310
   1.12706  -0.64717  -4.92995   -25.69589   -24.86834    -0.82755
   0.91878  -0.28644  -4.92995   -27.33494   -26.29599    -1.03895
   0.59969  -0.01869  -4.92995   -29.47287   -28.11482    -1.35804
  -0.59969  -0.01869  -4.92995   -29.47287   -28.11482    -1.35804
  -0.91878  -0.28644  -4.92995   -27.33494   -26.29599    -1.03895
  -1.12706  -0.64717  -4.92995   -25.69589   -24.86834    -0.82755
  -1.19939  -1.05739  -4.92995   -24.68999   -24.04689    -0.64310
  -1.12706  -1.46760  -4.92995   -24.09511   -23.68732    -0.40779
  -0.91878  -1.82834  -4.92995   -23.70605   -23.58056    -0.12549
  -0.59969  -2.09609  -4.92995   -23.43936   -23.57457     0.13521
  -0.20827  -2.23855  -4.92995   -23.29504   -23.58767     0.29263
   0.20827  -2.23855  -4.92995   -23.29504   -23.58767     0.29263
   0.59969  -2.09609  -4.92995   -23.43936   -23.57457     0.13521
   0.91878  -1.82834  -4.92995   -23.70605   -23.58056    -0.12549
   1.12706  -1.46760  -4.92995   -24.09511   -23.68732    -0.40779
   0.81824  -1.05739  -5.09714   -25.68271   -24.81263    -0.87008
   0.70862  -0.64827  -5.09714   -26.84423   -25.72544    -1.11879
   0.40912  -0.34877  -5.09714   -28.27997   -26.92951    -1.35046
  -0.00000  -0.23914  -5.09714   -29.01416   -27.54365    -1.47050
  -0.40912  -0.34877  -5.09714   -28.27997   -26.92951    -1.35046
  -0.70862  -0.64827  -5.09714   -26.84423   -25.72544    -1.11879
  -0.81824  -1.05739  -5.09714   -25.68271   -24.81263    -0.87008
  -0.70862  -1.46651  -5.09714   -24.96484   -24.38194    -0.58290
  -0.40912  -1.76601  -5.09714   -24.56198   -24.24239    -0.31959
  -0.00000  -1.87563  -5.09714   -24.42581   -24.21585    -0.20996
   0.40912  -1.76601  -5.09714   -24.56198   -24.24239    -0.31959
   0.70862  -1.46651  -5.09714   -24.96484   -24.38194    -0.58290
   0.41478  -1.05739  -5.19931   -26.29139   -25.27172    -1.01967
   0.20739  -0.69818  -5.19931   -27.35753   -26.08431    -1.27322
  -0.20739  -0.69818  -5.19931   -27.35753   -26.08431    -1.27322
  -0.41478  -1.05739  -5.19931   -26.29139   -25.27172    -1.01967
  -0.20739  -1.41660  -5.19931   -25.58042   -24.83813    -0.74229
   0.20739  -1.41660  -5.19931   -25.58042   -24.83813    -0.74229
   0.00000  -1.05739  -5.23368   -26.49722   -25.42466    -1.07255
   2.93725   1.20532   0.58613    -2.61232    -2.32060    -0.29172
   2.90867   1.61410   0.58613    -1.90135    -1.56590    -0.33545
   2.82347   2.01493   0.58613    -0.99900    -0.65879    -0.34020
   2.68331   2.40000   0.58613     0.09852     0.40820    -0.30968
   2.49093   2.76182   0.58613     1.37613     1.62277    -0.24664
   2.25007   3.09335   0.58613     2.80246     2.95250    -0.15004
   1.96541   3.38812   0.58613     4.32417     4.34337    -0.01920
   1.64249   3.64041   0.58613     5.86219     5.71925     0.14295
   1.28761   3.84530   0.58613     7.30672     6.98453     0.32219
  -1.10031   3.92869   0.58613     7.95306     7.54241     0.41064
  -1.46863   3.74905   0.58613     6.60391     6.37227     0.23164
  -1.80835   3.51990   0.58613     5.09726     5.03877     0.05849
  -2.11288   3.24570   0.58613     3.55610     3.64454    -0.08845
  -2.37629   2.93179   0.58613     2.07329     2.27610    -0.20280
  -2.59344   2.58427   0.58613     0.71599     0.99857    -0.28259
  -2.76011   2.20992   0.58613    -0.47377    -0.14497    -0.32880
  -2.87307   1.81601   0.58613    -1.47465    -1.13234    -0.34231
  -2.93010   1.41021   0.58613    -2.27974    -1.96104    -0.31871
  -2.93010   1.00042   0.58613    -2.90160    -2.64898    -0.25262
  -2.87307   0.59463   0.58613    -3.37788    -3.23853    -0.13936
  -2.76011   0.20072   0.58613    -3.78890    -3.80561     0.01671
   2.82347   0.39570   0.58613    -3.58433    -3.51842    -0.06591
   2.90867   0.79653   0.58613    -3.15386    -2.95225    -0.20162
   2.99301   1.20532   0.18049    -2.85517    -2.64226    -0.21291
   2.96388   1.62186   0.18049    -2.20570    -1.97596    -0.22973
   2.87706   2.03030   0.18049    -1.39558    -1.16180    -0.23378
   2.73425   2.42268   0.18049    -0.41227    -0.19051    -0.22176
   2.53821   2.79137   0.18049     0.73858     0.92803    -0.18945
   2.29278   3.12918   0.18049     2.03627     2.16416    -0.12789
   2.00271   3.42955   0.18049     3.43624     3.46701    -0.03077
   1.67367   3.68663   0.18049     4.86696     4.76391     0.10305
  -1.84268   3.56384   0.18049     4.15349     4.12157     0.03192
  -2.15299   3.28443   0.18049     2.72716     2.81128    -0.08412
  -2.42139   2.96456   0.18049     1.37111     1.53406    -0.16295
  -2.64267   2.61045   0.18049     0.14307     0.35173    -0.20866
  -2.81251   2.22899   0.18049    -0.92558    -0.69563    -0.22995
  -2.92760   1.82760   0.18049    -1.82166    -1.58840    -0.23326
  -2.98571   1.41410   0.18049    -2.54957    -2.32625    -0.22332
  -2.98571   0.99654   0.18049    -3.12625    -2.92831    -0.19794
  -2.92760   0.58304   0.18049    -3.58998    -3.43532    -0.15466
   2.87706   0.38033   0.18049    -3.79769    -3.67288    -0.12481
   2.96388   0.78877   0.18049    -3.36910    -3.19020    -0.17890
   2.99301   1.20532  -0.22897    -3.15951    -2.95341    -0.20610
   2.96388   1.62186  -0.22897    -2.60040    -2.40731    -0.19309
   2.87706   2.03030  -0.22897    -1.89822    -1.70262    -0.19560
   2.73425   2.42268  -0.22897    -1.03476    -0.83037    -0.20439
   2.53821   2.79137  -0.22897    -0.00439     0.20049    -0.20488
   2.29278   3.12918  -0.22897     1.18286     1.36193    -0.17907
   2.00271   3.42955  -0.22897     2.49310     2.60493    -0.11183
  -2.15299   3.28443  -0.22897     1.82605     1.97717    -0.15111
  -2.42139   2.96456  -0.22897     0.57103     0.76743    -0.19640
  -2.64267   2.61045  -0.22897    -0.54029    -0.33348    -0.20680
  -2.81251   2.22899  -0.22897    -1.48783    -1.28731    -0.20052
  -2.92760   1.82760  -0.22897    -2.26845    -2.07577    -0.19268
  -2.98571   1.41410  -0.22897    -2.89596    -2.69894    -0.19702
  -2.98571   0.99654  -0.22897    -3.39483    -3.17468    -0.22014
  -2.92760   0.58304  -0.22897    -3.80334    -3.53923    -0.26410
   2.96388   0.78877  -0.22897    -3.60755    -3.36785    -0.23971
   2.93725   1.20532  -0.63461    -3.55672    -3.33011    -0.22661
   2.90867   1.61410  -0.63461    -3.14445    -2.94997    -0.19448
   2.82347   2.01493  -0.63461    -2.58973    -2.38717    -0.20256
   2.68331   2.40000  -0.63461    -1.86935    -1.63556    -0.23379
   2.49093   2.76182  -0.63461    -0.96887    -0.70545    -0.26342
   2.25007   3.09335  -0.63461     0.10856     0.37480    -0.26624
  -2.37629   2.93179  -0.63461    -0.45118    -0.18155    -0.26963
  -2.59344   2.58427  -0.63461    -1.44202    -1.19150    -0.25052
  -2.76011   2.20992  -0.63461    -2.25150    -2.03472    -0.21678
  -2.87307   1.81601  -0.63461    -2.88654    -2.69216    -0.19438
  -2.93010   1.41021  -0.63461    -3.36659    -3.16186    -0.20473
  -2.93010   1.00042  -0.63461    -3.72050    -3.45801    -0.26250
   2.90867   0.79653  -0.63461    -3.86169    -3.54983    -0.31186
   2.82678   1.20532  -1.02888    -4.09575    -3.87652    -0.21923
   2.79666   1.61690  -1.02888    -3.90938    -3.71187    -0.19752
   2.70693   2.01971  -1.02888    -3.53727    -3.30608    -0.23119
   2.55950   2.40516  -1.02888    -2.95369    -2.66054    -0.29315
   2.35753   2.76505  -1.02888    -2.14420    -1.79462    -0.34958
  -2.23739   2.93297  -1.02888    -1.65474    -1.29051    -0.36423
  -2.46509   2.58880  -1.02888    -2.57718    -2.25317    -0.32402
  -2.64026   2.21513  -1.02888    -3.27309    -3.01250    -0.26059
  -2.75915   1.81995  -1.02888    -3.74874    -3.53944    -0.20931
  -2.81924   1.41166  -1.02888    -4.02359    -3.82374    -0.19985
  -2.81924   0.99897  -1.02888    -4.13027    -3.87282    -0.25745
   2.66366   1.20532  -1.40443    -4.88767    -4.75361    -0.13406
   2.63086   1.62201  -1.40443    -5.08596    -4.91050    -0.17546
   2.53329   2.02843  -1.40443    -4.99121    -4.72307    -0.26814
   2.37333   2.41459  -1.40443    -4.58835    -4.21181    -0.37654
  -2.37333   2.41459  -1.40443    -4.58835    -4.21181    -0.37654
  -2.53329   2.02843  -1.40443    -4.99121    -4.72307    -0.26814
  -2.63086   1.62201  -1.40443    -5.08596    -4.91050    -0.17546
  -2.66366   1.20532  -1.40443    -4.88767    -4.75361    -0.13406
   2.93725  -1.20532   0.58613    -2.61232    -2.32060    -0.29172
   2.90867  -0.79653   0.58613    -3.15386    -2.95225    -0.20162
   2.82347  -0.39570   0.58613    -3.58433    -3.51842    -0.06591
  -2.76011  -0.20072   0.58613    -3.78890    -3.80561     0.01671
  -2.87307  -0.59463   0.58613    -3.37788    -3.23853    -0.13936
  -2.93010  -1.00042   0.58613    -2.90160    -2.64898    -0.25262
  -2.93010  -1.41021   0.58613    -2.27974    -1.96104    -0.31871
  -2.87307  -1.81601   0.58613    -1.47465    -1.13234    -0.34231
  -2.76011  -2.20992   0.58613    -0.47377    -0.14497    -0.32880
  -2.59344  -2.58427   0.58613     0.71599     0.99857    -0.28259
  -2.37629  -2.93179   0.58613     2.07329     2.27610    -0.20280
  -2.11288  -3.24570   0.58613     3.55610     3.64454    -0.08845
  -1.80835  -3.51990   0.58613     5.09726     5.03877     0.05849
  -1.46863  -3.74905   0.58613     6.60391     6.37227     0.23164
  -1.10031  -3.92869   0.58613     7.95306     7.54241     0.41064
   1.28761  -3.84530   0.58613     7.30672     6.98453     0.32219
   1.64249  -3.64041   0.58613     5.86219     5.71925     0.14295
   1.96541  -3.38812   0.58613     4.32417     4.34337    -0.01920
   2.25007  -3.09335   0.58613     2.80246     2.95250    -0.15004
   2.49093  -2.76182   0.58613     1.37613     1.62277    -0.24664
   2.68331  -2.40000   0.58613     0.09852     0.40820    -0.30968
   2.82347  -2.01493   0.58613    -0.99900    -0.65879    -0.34020
   2.90867  -1.61410   0.58613    -1.90135    -1.56590    -0.33545
   2.99301  -1.20532   0.18049    -2.85517    -2.64226    -0.21291
   2.96388  -0.78877   0.18049    -3.36910    -3.19020    -0.17890
   2.87706  -0.38033   0.18049    -3.79769    -3.67288    -0.12481
  -2.92760  -0.58304   0.18049    -3.58998    -3.43532    -0.15466
  -2.98571  -0.99654   0.18049    -3.12625    -2.92831    -0.19794
  -2.98571  -1.41410   0.18049    -2.54957    -2.32625    -0.22332
  -2.92760  -1.82760   0.18049    -1.82166    -1.58840    -0.23326
  -2.81251  -2.22899   0.18049    -0.92558    -0.69563    -0.22995
  -2.64267  -2.61045   0.18049     0.14307     0.35173    -0.20866
  -2.42139  -2.96456   0.18049     1.37111     1.53406    -0.16295
  -2.15299  -3.28443   0.18049     2.72716     2.81128    -0.08412
  -1.84268  -3.56384   0.18049     4.15349     4.12157     0.03192
   1.67367  -3.68663   0.18049     4.86696     4.76391     0.10305
   2.00271  -3.42955   0.18049     3.43624     3.46701    -0.03077
   2.29278  -3.12918   0.18049     2.03627     2.16416    -0.12789
   2.53821  -2.79137   0.18049     0.73858     0.92803    -0.18945
   2.73425  -2.42268   0.18049    -0.41227    -0.19051    -0.22176
   2.87706  -2.03030   0.18049    -1.39558    -1.16180    -0.23378
   2.96388  -1.62186   0.18049    -2.20570    -1.97596    -0.22973
   2.99301  -1.20532  -0.22897    -3.15951    -2.95341    -0.20610
   2.96388  -0.78877  -0.22897    -3.60755    -3.36785    -0.23971
  -2.92760  -0.58304  -0.22897    -3.80334    -3.53923    -0.26410
  -2.98571  -0.99654  -0.22897    -3.39483    -3.17468    -0.22014
  -2.98571  -1.41410  -0.22897    -2.89596    -2.69894    -0.19702
  -2.92760  -1.82760  -0.22897    -2.26845    -2.07577    -0.19268
  -2.81251  -2.22899  -0.22897    -1.48783    -1.28731    -0.20052
  -2.64267  -2.61045  -0.22897    -0.54029    -0.33348    -0.20680
  -2.42139  -2.96456  -0.22897     0.57103     0.76743    -0.19640
  -2.15299  -3.28443  -0.22897     1.82605     1.97717    -0.15111
   2.00271  -3.42955  -0.22897     2.49310     2.60493    -0.11183
   2.29278  -3.12918  -0.22897     1.18286     1.36193    -0.17907
   2.53821  -2.79137  -0.22897    -0.00439     0.20049    -0.20488
   2.73425  -2.42268  -0.22897    -1.03476    -0.83037    -0.20439
   2.87706  -2.03030  -0.22897    -1.89822    -1.70262    -0.19560
   2.96388  -1.62186  -0.22897    -2.60040    -2.40731    -0.19309
   2.93725  -1.20532  -0.63461    -3.55672    -3.33011    -0.22661
   2.90867  -0.79653  -0.63461    -3.86169    -3.54983    -0.31186
  -2.93010  -1.00042  -0.63461    -3.72050    -3.45801    -0.26250
  -2.93010  -1.41021  -0.63461    -3.36659    -3.16186    -0.20473
  -2.87307  -1.81601  -0.63461    -2.88654    -2.69216    -0.19438
  -2.76011  -2.20992  -0.63461    -2.25150    -2.03472    -0.21678
  -2.59344  -2.58427  -0.63461    -1.44202    -1.19150    -0.25052
  -2.37629  -2.93179  -0.63461    -0.45118    -0.18155    -0.26963
   2.25007  -3.09335  -0.63461     0.10856     0.37480    -0.26624
   2.49093  -2.76182  -0.63461    -0.96887    -0.70545    -0.26342
   2.68331  -2.40000  -0.63461    -1.86935    -1.63556    -0.23379
   2.82347  -2.01493  -0.63461    -2.58973    -2.38717    -0.20256
   2.90867  -1.61410  -0.63461    -3.14445    -2.94997    -0.19448
   2.82678  -1.20532  -1.02888    -4.09575    -3.87652    -0.21923
  -2.81924  -0.99897  -1.02888    -4.13027    -3.87282    -0.25745
  -2.81924  -1.41166  -1.02888    -4.02359    -3.82374    -0.19985
  -2.75915  -1.81995  -1.02888    -3.74874    -3.53944    -0.20931
  -2.64026  -2.21513  -1.02888    -3.27309    -3.01250    -0.26059
  -2.46509  -2.58880  -1.02888    -2.57718    -2.25317    -0.32402
  -2.23739  -2.93297  -1.02888    -1.65474    -1.29051    -0.36423
   2.35753  -2.76505  -1.02888    -2.14420    -1.79462    -0.34958
   2.55950  -2.40516  -1.02888    -2.95369    -2.66054    -0.29315
   2.70693  -2.01971  -1.02888    -3.53727    -3.30608    -0.23119
   2.79666  -1.61690  -1.02888    -3.90938    -3.71187    -0.19752
   2.66366  -1.20532  -1.40443    -4.88767    -4.75361    -0.13406
  -2.66366  -1.20532  -1.40443    -4.88767    -4.75361    -0.13406
  -2.63086  -1.62201  -1.40443    -5.08596    -4.91050    -0.17546
  -2.53329  -2.02843  -1.40443    -4.99121    -4.72307    -0.26814
  -2.37333  -2.41459  -1.40443    -4.58835    -4.21181    -0.37654
   2.37333  -2.41459  -1.40443    -4.58835    -4.21181    -0.37654
   2.53329  -2.02843  -1.40443    -4.99121    -4.72307    -0.26814
   2.63086  -1.62201  -1.40443    -5.08596    -4.91050    -0.17546
   2.31091   2.02355   3.08034     8.28752     8.24755     0.03997
   2.13968   2.40235   3.08034     9.93034    10.03465    -0.10432
  -2.23334   2.21659   3.08034     9.10830     9.14201    -0.03371
  -2.37183   1.82463   3.08034     7.46109     7.34905     0.11204
   2.63086   1.62374   2.73049     4.57831     4.65882    -0.08051
   2.53329   2.03017   2.73049     5.90549     6.10963    -0.20414
   2.37333   2.41633   2.73049     7.32241     7.64557    -0.32316
   2.15494   2.77271   2.73049     8.83910     9.25440    -0.41530
  -2.15494   2.77271   2.73049     8.83910     9.25440    -0.41530
  -2.37333   2.41633   2.73049     7.32241     7.64557    -0.32316
  -2.53329   2.03017   2.73049     5.90549     6.10963    -0.20414
  -2.63086   1.62374   2.73049     4.57831     4.65882    -0.08051
   2.82678   1.20705   2.35494     1.90700     2.12661    -0.21960
   2.79666   1.61864   2.35494     2.85893     3.16682    -0.30788
   2.70693   2.02145   2.35494     3.95268     4.34879    -0.39611
   2.55950   2.40690   2.35494     5.18574     5.66166    -0.47592
   2.35753   2.76678   2.35494     6.55308     7.08718    -0.53410
  -2.23739   2.93471   2.35494     7.28413     7.83278    -0.54865
  -2.46509   2.59053   2.35494     5.85341     6.36195    -0.50854
  -2.64026   2.21687   2.35494     4.55195     4.98975    -0.43780
  -2.75915   1.82168   2.35494     3.38855     3.74067    -0.35212
  -2.81924   1.41340   2.35494     2.36446     2.62842    -0.26396
  -2.81924   1.00071   2.35494     1.48657     1.66266    -0.17609
   2.93725   1.20705   1.96067     0.59864     0.99640    -0.39776
   2.90867   1.61584   1.96067     1.39809     1.85666    -0.45857
   2.82347   2.01667   1.96067     2.36257     2.87443    -0.51185
   2.68331   2.40174   1.96067     3.48770     4.03903    -0.55133
   2.49093   2.76356   1.96067     4.76154     5.33184    -0.57030
   2.25007   3.09508   1.96067     6.16591     6.72209    -0.55619
  -2.37629   2.93353   1.96067     5.44929     6.01732    -0.56802
  -2.59344   2.58601   1.96067     4.10705     4.67099    -0.56394
  -2.76011   2.21165   1.96067     2.90537     3.43931    -0.53394
  -2.87307   1.81774   1.96067     1.85994     2.34637    -0.48644
  -2.93010   1.41195   1.96067     0.97703     1.40639    -0.42936
  -2.93010   1.00216   1.96067     0.26104     0.62723    -0.36619
   2.90867   0.79827   1.96067    -0.03514     0.29914    -0.33428
   2.99301   1.20705   1.55503    -0.57166    -0.10357    -0.46809
   2.96388   1.62360   1.55503     0.17570     0.69101    -0.51530
   2.87706   2.03204   1.55503     1.10630     1.64858    -0.54228
   2.73425   2.42442   1.55503     2.21511     2.76203    -0.54692
   2.53821   2.79311   1.55503     3.48770     4.01255    -0.52485
   2.29278   3.13092   1.55503     4.89646     5.36707    -0.47062
   2.00271   3.43129   1.55503     6.39620     6.77478    -0.37858
  -2.15299   3.28617   1.55503     5.63817     6.06824    -0.43007
  -2.42139   2.96630   1.55503     4.17733     4.67953    -0.50220
  -2.64267   2.61219   1.55503     2.83258     3.37184    -0.53927
  -2.81251   2.23072   1.55503     1.63905     2.18670    -0.54764
  -2.92760   1.82934   1.55503     0.61810     1.14961    -0.53151
  -2.98571   1.41584   1.55503    -0.22088     0.27332    -0.49421
  -2.98571   0.99827   1.55503    -0.87914    -0.44056    -0.43858
  -2.92760   0.58477   1.55503    -1.37864    -1.00314    -0.37549
   2.96388   0.79051   1.55503    -1.14646    -0.73944    -0.40702
   2.99301   1.20705   1.14557    -1.58321    -1.14531    -0.43789
   2.96388   1.62360   1.14557    -0.85718    -0.37400    -0.48318
   2.87706   2.03204   1.14557     0.06150     0.55573    -0.49424
   2.73425   2.42442   1.14557     1.17031     1.64268    -0.47237
   2.53821   2.79311   1.14557     2.45105     2.86997    -0.41891
   2.29278   3.13092   1.14557     3.87236     4.20386    -0.33150
   2.00271   3.43129   1.14557     5.38089     5.59153    -0.21063
  -1.84268   3.56557   1.14557     6.14520     6.28336    -0.13816
  -2.15299   3.28617   1.14557     4.61972     4.89508    -0.27535
  -2.42139   2.96630   1.14557     3.14696     3.52642    -0.37946
  -2.64267   2.61219   1.14557     1.79091     2.24046    -0.44955
  -2.81251   2.23072   1.14557     0.59300     1.08024    -0.48724
  -2.92760   1.82934   1.14557    -0.42231     0.07077    -0.49309
  -2.98571   1.41584   1.14557    -1.24372    -0.77891    -0.46482
  -2.98571   0.99827   1.14557    -1.87814    -1.47576    -0.40238
  -2.92760   0.58477   1.14557    -2.35755    -2.04635    -0.31120
   2.87706   0.38207   1.14557    -2.56275    -2.30025    -0.26250
   2.96388   0.79051   1.14557    -2.13353    -1.77420    -0.35934
   2.93725   1.20705   0.73993    -2.42470    -2.08483    -0.33986
   2.90867   1.61584   0.73993    -1.70306    -1.31504    -0.38802
   2.82347   2.01667   0.73993    -0.78313    -0.39052    -0.39261
   2.68331   2.40174   0.73993     0.33509     0.69414    -0.35905
   2.49093   2.76356   0.73993     1.63403     1.92523    -0.29119
   2.25007   3.09508   0.73993     3.08044     3.26941    -0.18897
   1.96541   3.38986   0.73993     4.61972     4.67228    -0.05256
   1.64249   3.64215   0.73993     6.17093     6.05760     0.11333
   1.28761   3.84704   0.73993     7.62487     7.32990     0.29497
  -1.46863   3.75079   0.73993     6.91766     6.71442     0.20325
  -1.80835   3.52164   0.73993     5.40035     5.37271     0.02764
  -2.11288   3.24744   0.73993     3.84287     3.96777    -0.12491
  -2.37629   2.93353   0.73993     2.34187     2.58607    -0.24420
  -2.59344   2.58601   0.73993     0.96323     1.29299    -0.32976
  -2.76011   2.21165   0.73993    -0.24787     0.13221    -0.38007
  -2.87307   1.81774   0.73993    -1.26820    -0.87292    -0.39528
  -2.93010   1.41195   0.73993    -2.08772    -1.71816    -0.36956
  -2.93010   1.00216   0.73993    -2.71712    -2.41910    -0.29802
  -2.87307   0.59636   0.73993    -3.19340    -3.01551    -0.17788
  -2.76011   0.20246   0.73993    -3.60128    -3.58166    -0.01962
   2.82347   0.39744   0.73993    -3.39796    -3.29592    -0.10204
   2.90867   0.79827   0.73993    -2.97063    -2.72671    -0.24392
  -2.37183  -1.82463   3.08034     7.46109     7.34905     0.11204
  -2.23334  -2.21659   3.08034     9.10830     9.14201    -0.03371
   2.13968  -2.40235   3.08034     9.93034    10.03465    -0.10432
   2.31091  -2.02355   3.08034     8.28752     8.24755     0.03997
  -2.63086  -1.62374   2.73049     4.57831     4.65882    -0.08051
  -2.53329  -2.03017   2.73049     5.90549     6.10963    -0.20414
  -2.37333  -2.41633   2.73049     7.32241     7.64557    -0.32316
  -2.15494  -2.77271   2.73049     8.83910     9.25440    -0.41530
   2.15494  -2.77271   2.73049     8.83910     9.25440    -0.41530
   2.37333  -2.41633   2.73049     7.32241     7.64557    -0.32316
   2.53329  -2.03017   2.73049     5.90549     6.10963    -0.20414
   2.63086  -1.62374   2.73049     4.57831     4.65882    -0.08051
   2.82678  -1.20705   2.35494     1.90700     2.12661    -0.21960
  -2.81924  -1.00071   2.35494     1.48657     1.66266    -0.17609
  -2.81924  -1.41340   2.35494     2.36446     2.62842    -0.26396
  -2.75915  -1.82168   2.35494     3.38855     3.74067    -0.35212
  -2.64026  -2.21687   2.35494     4.55195     4.98975    -0.43780
  -2.46509  -2.59053   2.35494     5.85341     6.36195    -0.50854
  -2.23739  -2.93471   2.35494     7.28413     7.83278    -0.54865
   2.35753  -2.76678   2.35494     6.55308     7.08718    -0.53410
   2.55950  -2.40690   2.35494     5.18574     5.66166    -0.47592
   2.70693  -2.02145   2.35494     3.95268     4.34879    -0.39611
   2.79666  -1.61864   2.35494     2.85893     3.16682    -0.30788
   2.93725  -1.20705   1.96067     0.59864     0.99640    -0.39776
   2.90867  -0.79827   1.96067    -0.03514     0.29914    -0.33428
  -2.93010  -1.00216   1.96067     0.26104     0.62723    -0.36619
  -2.93010  -1.41195   1.96067     0.97703     1.40639    -0.42936
  -2.87307  -1.81774   1.96067     1.85994     2.34637    -0.48644
  -2.76011  -2.21165   1.96067     2.90537     3.43931    -0.53394
  -2.59344  -2.58601   1.96067     4.10705     4.67099    -0.56394
  -2.37629  -2.93353   1.96067     5.44929     6.01732    -0.56802
   2.25007  -3.09508   1.96067     6.16591     6.72209    -0.55619
   2.49093  -2.76356   1.96067     4.76154     5.33184    -0.57030
   2.68331  -2.40174   1.96067     3.48770     4.03903    -0.55133
   2.82347  -2.01667   1.96067     2.36257     2.87443    -0.51185
   2.90867  -1.61584   1.96067     1.39809     1.85666    -0.45857
   2.99301  -1.20705   1.55503    -0.57166    -0.10357    -0.46809
   2.96388  -0.79051   1.55503    -1.14646    -0.73944    -0.40702
  -2.92760  -0.58477   1.55503    -1.37864    -1.00314    -0.37549
  -2.98571  -0.99827   1.55503    -0.87914    -0.44056    -0.43858
  -2.98571  -1.41584   1.55503    -0.22088     0.27332    -0.49421
  -2.92760  -1.82934   1.55503     0.61810     1.14961    -0.53151
  -2.81251  -2.23072   1.55503     1.63905     2.18670    -0.54764
  -2.64267  -2.61219   1.55503     2.83258     3.37184    -0.53927
  -2.42139  -2.96630   1.55503     4.17733     4.67953    -0.50220
  -2.15299  -3.28617   1.55503     5.63817     6.06824    -0.43007
   2.00271  -3.43129   1.55503     6.39620     6.77478    -0.37858
   2.29278  -3.13092   1.55503     4.89646     5.36707    -0.47062
   2.53821  -2.79311   1.55503     3.48770     4.01255    -0.52485
   2.73425  -2.42442   1.55503     2.21511     2.76203    -0.54692
   2.87706  -2.03204   1.55503     1.10630     1.64858    -0.54228
   2.96388  -1.62360   1.55503     0.17570     0.69101    -0.51530
   2.99301  -1.20705   1.14557    -1.58321    -1.14531    -0.43789
   2.96388  -0.79051   1.14557    -2.13353    -1.77420    -0.35934
   2.87706  -0.38207   1.14557    -2.56275    -2.30025    -0.26250
  -2.92760  -0.58477   1.14557    -2.35755    -2.04635    -0.31120
  -2.98571  -0.99827   1.14557    -1.87814    -1.47576    -0.40238
  -2.98571  -1.41584   1.14557    -1.24372    -0.77891    -0.46482
  -2.92760  -1.82934   1.14557    -0.42231     0.07077    -0.49309
  -2.81251  -2.23072   1.14557     0.59300     1.08024    -0.48724
  -2.64267  -2.61219   1.14557     1.79091     2.24046    -0.44955
  -2.42139  -2.96630   1.14557     3.14696     3.52642    -0.37946
  -2.15299  -3.28617   1.14557     4.61972     4.89508    -0.27535
  -1.84268  -3.56557   1.14557     6.14520     6.28336    -0.13816
   2.00271  -3.43129   1.14557     5.38089     5.59153    -0.21063
   2.29278  -3.13092   1.14557     3.87236     4.20386    -0.33150
   2.53821  -2.79311   1.14557     2.45105     2.86997    -0.41891
   2.73425  -2.42442   1.14557     1.17031     1.64268    -0.47237
   2.87706  -2.03204   1.14557     0.06150     0.55573    -0.49424
   2.96388  -1.62360   1.14557    -0.85718    -0.37400    -0.48318
   2.93725  -1.20705   0.73993    -2.42470    -2.08483    -0.33986
   2.90867  -0.79827   0.73993    -2.97063    -2.72671    -0.24392
   2.82347  -0.39744   0.73993    -3.39796    -3.29592    -0.10204
  -2.76011  -0.20246   0.73993    -3.60128    -3.58166    -0.01962
  -2.87307  -0.59636   0.73993    -3.19340    -3.01551    -0.17788
  -2.93010  -1.00216   0.73993    -2.71712    -2.41910    -0.29802
  -2.93010  -1.41195   0.73993    -2.08772    -1.71816    -0.36956
  -2.87307  -1.81774   0.73993    -1.26820    -0.87292    -0.39528
  -2.76011  -2.21165   0.73993    -0.24787     0.13221    -0.38007
  -2.59344  -2.58601   0.73993     0.96323     1.29299    -0.32976
  -2.37629  -2.93353   0.73993     2.34187     2.58607    -0.24420
  -2.11288  -3.24744   0.73993     3.84287     3.96777    -0.12491
  -1.80835  -3.52164   0.73993     5.40035     5.37271     0.02764
  -1.46863  -3.75079   0.73993     6.91766     6.71442     0.20325
   1.28761  -3.84704   0.73993     7.62487     7.32990     0.29497
   1.64249  -3.64215   0.73993     6.17093     6.05760     0.11333
   1.96541  -3.38986   0.73993     4.61972     4.67228    -0.05256
   2.25007  -3.09508   0.73993     3.08044     3.26941    -0.18897
   2.49093  -2.76356   0.73993     1.63403     1.92523    -0.29119
   2.68331  -2.40174   0.73993     0.33509     0.69414    -0.35905
   2.82347  -2.01667   0.73993    -0.78313    -0.39052    -0.39261
   2.90867  -1.61584   0.73993    -1.70306    -1.31504    -0.38802
   2.93725  -0.00000   2.67366     1.45268     1.46767    -0.01499
   2.90867   0.40879   2.67366     1.62713     1.63843    -0.01130
   2.82347   0.80962   2.67366     2.15926     2.16118    -0.00192
  -2.76011   1.00460   2.67366     2.56526     2.56397     0.00129
  -2.87307   0.61069   2.67366     1.84739     1.85430    -0.00691
  -2.93010   0.20489   2.67366     1.49598     1.51020    -0.01422
  -2.93010  -0.20489   2.67366     1.49598     1.51020    -0.01422
  -2.87307  -0.61069   2.67366     1.84739     1.85430    -0.00691
  -2.76011  -1.00460   2.67366     2.56526     2.56397     0.00129
   2.82347  -0.80962   2.67366     2.15926     2.16118    -0.00192
   2.90867  -0.40879   2.67366     1.62713     1.63843    -0.01130
   2.99301  -0.00000   2.26802     0.51581     0.64934    -0.13353
   2.96388   0.41655   2.26802     0.62186     0.77094    -0.14908
   2.87706   0.82498   2.26802     0.95319     1.14911    -0.19592
  -2.92760   0.62228   2.26802     0.75740     0.92603    -0.16863
  -2.98571   0.20878   2.26802     0.54217     0.67954    -0.13737
  -2.98571  -0.20878   2.26802     0.54217     0.67954    -0.13737
  -2.92760  -0.62228   2.26802     0.75740     0.92603    -0.16863
   2.87706  -0.82498   2.26802     0.95319     1.14911    -0.19592
   2.96388  -0.41655   2.26802     0.62186     0.77094    -0.14908
   2.99301  -0.00000   1.85856    -0.58045    -0.32353    -0.25692
   2.96388   0.41655   1.85856    -0.53840    -0.24759    -0.29082
  -2.92760   0.62228   1.85856    -0.48130    -0.14923    -0.33207
  -2.98571   0.20878   1.85856    -0.57041    -0.30477    -0.26564
  -2.98571  -0.20878   1.85856    -0.57041    -0.30477    -0.26564
  -2.92760  -0.62228   1.85856    -0.48130    -0.14923    -0.33207
   2.96388  -0.41655   1.85856    -0.53840    -0.24759    -0.29082
   2.93725  -0.00000   1.45292    -1.75075    -1.45985    -0.29090
   2.90867   0.40879   1.45292    -1.76581    -1.42650    -0.33931
  -2.93010   0.20489   1.45292    -1.75452    -1.45175    -0.30277
  -2.93010  -0.20489   1.45292    -1.75452    -1.45175    -0.30277
   2.90867  -0.40879   1.45292    -1.76581    -1.42650    -0.33931
   2.82678  -0.00000   1.05865    -2.89972    -2.73058    -0.16914
  -2.81924   0.20634   1.05865    -2.91729    -2.73226    -0.18504
  -2.81924  -0.20634   1.05865    -2.91729    -2.73226    -0.18504
   2.66366   0.00000   0.66979    -3.97339    -4.08212     0.10873
  -2.66366   0.00000   0.66979    -3.97339    -4.08212     0.10873
   2.82678   0.00000   0.29423    -3.89495    -3.84712    -0.04783
  -2.81924   0.20634   0.29423    -3.90060    -3.84854    -0.05205
  -2.81924  -0.20634   0.29423    -3.90060    -3.84854    -0.05205
   2.93725   0.00000  -0.10004    -3.88679    -3.64883    -0.23796
   2.90867   0.40879  -0.10004    -3.86922    -3.63714    -0.23208
  -2.93010   0.20489  -0.10004    -3.88240    -3.64628    -0.23612
  -2.93010  -0.20489  -0.10004    -3.88240    -3.64628    -0.23612
   2.90867  -0.40879  -0.10004    -3.86922    -3.63714    -0.23208
   2.99301   0.00000  -0.50568    -3.93762    -3.57725    -0.36037
   2.96388   0.41655  -0.50568    -3.91440    -3.56879    -0.34562
  -2.92760   0.62228  -0.50568    -3.87926    -3.55231    -0.32695
  -2.98571   0.20878  -0.50568    -3.93260    -3.57552    -0.35708
  -2.98571  -0.20878  -0.50568    -3.93260    -3.57552    -0.35708
  -2.92760  -0.62228  -0.50568    -3.87926    -3.55231    -0.32695
   2.96388  -0.41655  -0.50568    -3.91440    -3.56879    -0.34562
   2.99301   0.00000  -0.91513    -4.05999    -3.70167    -0.35832
   2.96388   0.41655  -0.91513    -4.05999    -3.71651    -0.34348
   2.87706   0.82498  -0.91513    -4.03802    -3.73630    -0.30172
  -2.92760   0.62228  -0.91513    -4.05434    -3.72931    -0.32502
  -2.98571   0.20878  -0.91513    -4.06061    -3.70576    -0.35486
  -2.98571  -0.20878  -0.91513    -4.06061    -3.70576    -0.35486
  -2.92760  -0.62228  -0.91513    -4.05434    -3.72931    -0.32502
   2.87706  -0.82498  -0.91513    -4.03802    -3.73630    -0.30172
   2.96388  -0.41655  -0.91513    -4.05999    -3.71651    -0.34348
   2.93725   0.00000  -1.32077    -4.30095    -4.09278    -0.20817
   2.90867   0.40879  -1.32077    -4.35178    -4.15290    -0.19888
   2.82347   0.80962  -1.32077    -4.48920    -4.31130    -0.17790
  -2.76011   1.00460  -1.32077    -4.57643    -4.40786    -0.16857
  -2.87307   0.61069  -1.32077    -4.41202    -4.22295    -0.18907
  -2.93010   0.20489  -1.32077    -4.31413    -4.10815    -0.20598
  -2.93010  -0.20489  -1.32077    -4.31413    -4.10815    -0.20598
  -2.87307  -0.61069  -1.32077    -4.41202    -4.22295    -0.18907
  -2.76011  -1.00460  -1.32077    -4.57643    -4.40786    -0.16857
   2.82347  -0.80962  -1.32077    -4.48920    -4.31130    -0.17790
   2.90867  -0.40879  -1.32077    -4.35178    -4.15290    -0.19888
   0.72186   4.07619   0.62964     8.96272     8.42289     0.53983
   0.31474   4.18160   0.62964     9.40448     8.79601     0.60848
  -0.10527   4.20290   0.62964     9.49296     8.87021     0.62275
  -0.52097   4.13922   0.62964     9.22753     8.64718     0.58034
  -0.91534   3.99316   0.62964     8.61006     8.12182     0.48824
   1.30818   3.96419   0.25049     6.21987     5.95844     0.26143
   0.93687   4.17857   0.25049     6.96912     6.59702     0.37211
   0.53170   4.31880   0.25049     7.45168     7.00017     0.45151
   0.10731   4.37981   0.25049     7.65938     7.17216     0.48722
  -0.32096   4.35941   0.25049     7.58973     7.11488     0.47485
  -0.73762   4.25833   0.25049     7.24397     6.82770     0.41627
  -1.12763   4.08022   0.25049     6.62713     6.30751     0.31962
  -1.47688   3.83152   0.25049     5.74736     5.54897     0.19839
   1.77991   3.68217  -0.15360     3.59437     3.60050    -0.00612
   1.47364   3.97500  -0.15360     4.49171     4.37619     0.11553
   1.12001   4.20843  -0.15360     5.19954     4.97046     0.22909
   0.73037   4.37497  -0.15360     5.70030     5.38191     0.31839
   0.31727   4.46925  -0.15360     5.98205     5.61038     0.37167
  -0.10604   4.48827  -0.15360     6.03852     5.65606     0.38247
  -0.52594   4.43139  -0.15360     5.86910     5.51900     0.35009
  -0.92893   4.30045  -0.15360     5.47628     5.19906     0.27721
  -1.30207   4.09965  -0.15360     4.87010     4.69613     0.17397
  -1.63335   3.83546  -0.15360     4.06501     4.01085     0.05416
  -1.91214   3.51636  -0.15360     3.08295     3.14573    -0.06277
   2.07846   3.32711  -0.57036     1.11446     1.33082    -0.21636
   1.83851   3.66980  -0.57036     2.04945     2.16023    -0.11078
   1.54269   3.96561  -0.57036     2.86709     2.85648     0.01061
   1.20000   4.20557  -0.57036     3.53288     3.40651     0.12637
   0.82085   4.38237  -0.57036     4.02422     3.80299     0.22123
   0.41676   4.49065  -0.57036     4.32417     4.04205     0.28212
   0.00000   4.52711  -0.57036     4.42520     4.12191     0.30328
  -0.41676   4.49065  -0.57036     4.32417     4.04205     0.28212
  -0.82085   4.38237  -0.57036     4.02422     3.80299     0.22123
  -1.20000   4.20557  -0.57036     3.53288     3.40651     0.12637
  -1.54269   3.96561  -0.57036     2.86709     2.85648     0.01061
  -1.83851   3.66980  -0.57036     2.04945     2.16023    -0.11078
  -2.07846   3.32711  -0.57036     1.11446     1.33082    -0.21636
   2.02898   3.33936  -0.98712    -0.43047    -0.14582    -0.28465
   1.77991   3.68217  -0.98712     0.46059     0.62964    -0.16905
   1.47364   3.97500  -0.98712     1.24310     1.28471    -0.04161
   1.12001   4.20843  -0.98712     1.87500     1.79870     0.07630
   0.73037   4.37497  -0.98712     2.32806     2.15999     0.16807
   0.31727   4.46925  -0.98712     2.58534     2.36235     0.22299
  -0.10604   4.48827  -0.98712     2.63679     2.40295     0.23384
  -0.52594   4.43139  -0.98712     2.48180     2.28127     0.20053
  -0.92893   4.30045  -0.98712     2.12537     1.99892     0.12645
  -1.30207   4.09965  -0.98712     1.58007     1.56023     0.01984
  -1.63335   3.83546  -0.98712     0.86847     0.97378    -0.10531
  -1.91214   3.51636  -0.98712     0.02573     0.25517    -0.22945
  -2.12947   3.15261  -0.98712    -0.89859    -0.56840    -0.33019
   2.09371   2.96530  -1.39121    -3.33710    -2.91100    -0.42609
   1.89725   3.34639  -1.39121    -2.35755    -2.03000    -0.32756
   1.63221   3.68342  -1.39121    -1.43574    -1.23829    -0.19745
   1.30818   3.96419  -1.39121    -0.64633    -0.58257    -0.06376
   0.93687   4.17857  -1.39121    -0.03702    -0.08831     0.05128
   0.53170   4.31880  -1.39121     0.36333     0.23106     0.13227
   0.10731   4.37981  -1.39121     0.53778     0.36893     0.16885
  -0.32096   4.35941  -1.39121     0.47942     0.32291     0.15651
  -0.73762   4.25833  -1.39121     0.19076     0.09377     0.09699
  -1.12763   4.08022  -1.39121    -0.31689    -0.31421    -0.00268
  -1.47688   3.83152  -1.39121    -1.02096    -0.89148    -0.12948
  -1.77276   3.52122  -1.39121    -1.88378    -1.61942    -0.26436
  -2.00456   3.16053  -1.39121    -2.84576    -2.46346    -0.38229
   1.91002   2.94676  -1.77036    -6.06425    -5.58546    -0.47879
   1.70592   3.31446  -1.77036    -4.92407    -4.56875    -0.35532
   1.43199   3.63356  -1.77036    -3.89934    -3.68650    -0.21285
   1.09943   3.89098  -1.77036    -3.06413    -2.98660    -0.07753
   0.72186   4.07619  -1.77036    -2.46360    -2.49258     0.02898
   0.31474   4.18160  -1.77036    -2.12286    -2.21548     0.09262
  -0.10527   4.20290  -1.77036    -2.05447    -2.15986     0.10540
  -0.52097   4.13922  -1.77036    -2.26029    -2.32652     0.06623
  -0.91534   3.99316  -1.77036    -2.73280    -2.71296    -0.01984
  -1.27224   3.77070  -1.77036    -3.45444    -3.31189    -0.14255
  -1.57705   3.48096  -1.77036    -4.39131    -4.10706    -0.28426
  -1.81730   3.13579  -1.77036    -5.48632    -5.06477    -0.42155
   1.09788   3.60182  -2.11305    -6.83734    -6.67965    -0.15770
   0.72819   3.81525  -2.11305    -5.96260    -5.93185    -0.03075
   0.31925   3.93768  -2.11305    -5.47063    -5.51546     0.04483
  -0.10690   3.96250  -2.11305    -5.37148    -5.43215     0.06067
  -0.52729   3.88838  -2.11305    -5.66767    -5.68205     0.01439
  -0.91925   3.71930  -2.11305    -6.35353    -6.26459    -0.08895
  -0.91534  -3.99316   0.62964     8.61006     8.12182     0.48824
  -0.52097  -4.13922   0.62964     9.22753     8.64718     0.58034
  -0.10527  -4.20290   0.62964     9.49296     8.87021     0.62275
   0.31474  -4.18160   0.62964     9.40448     8.79601     0.60848
   0.72186  -4.07619   0.62964     8.96272     8.42289     0.53983
  -1.47688  -3.83152   0.25049     5.74736     5.54897     0.19839
  -1.12763  -4.08022   0.25049     6.62713     6.30751     0.31962
  -0.73762  -4.25833   0.25049     7.24397     6.82770     0.41627
  -0.32096  -4.35941   0.25049     7.58973     7.11488     0.47485
   0.10731  -4.37981   0.25049     7.65938     7.17216     0.48722
   0.53170  -4.31880   0.25049     7.45168     7.00017     0.45151
   0.93687  -4.17857   0.25049     6.96912     6.59702     0.37211
   1.30818  -3.96419   0.25049     6.21987     5.95844     0.26143
  -1.91214  -3.51636  -0.15360     3.08295     3.14573    -0.06277
  -1.63335  -3.83546  -0.15360     4.06501     4.01085     0.05416
  -1.30207  -4.09965  -0.15360     4.87010     4.69613     0.17397
  -0.92893  -4.30045  -0.15360     5.47628     5.19906     0.27721
  -0.52594  -4.43139  -0.15360     5.86910     5.51900     0.35009
  -0.10604  -4.48827  -0.15360     6.03852     5.65606     0.38247
   0.31727  -4.46925  -0.15360     5.98205     5.61038     0.37167
   0.73037  -4.37497  -0.15360     5.70030     5.38191     0.31839
   1.12001  -4.20843  -0.15360     5.19954     4.97046     0.22909
   1.47364  -3.97500  -0.15360     4.49171     4.37619     0.11553
   1.77991  -3.68217  -0.15360     3.59437     3.60050    -0.00612
  -2.07846  -3.32711  -0.57036     1.11446     1.33082    -0.21636
  -1.83851  -3.66980  -0.57036     2.04945     2.16023    -0.11078
  -1.54269  -3.96561  -0.57036     2.86709     2.85648     0.01061
  -1.20000  -4.20557  -0.57036     3.53288     3.40651     0.12637
  -0.82085  -4.38237  -0.57036     4.02422     3.80299     0.22123
  -0.41676  -4.49065  -0.57036     4.32417     4.04205     0.28212
  -0.00000  -4.52711  -0.57036     4.42520     4.12191     0.30328
   0.41676  -4.49065  -0.57036     4.32417     4.04205     0.28212
   0.82085  -4.38237  -0.57036     4.02422     3.80299     0.22123
   1.20000  -4.20557  -0.57036     3.53288     3.40651     0.12637
   1.54269  -3.96561  -0.57036     2.86709     2.85648     0.01061
   1.83851  -3.66980  -0.57036     2.04945     2.16023    -0.11078
   2.07846  -3.32711  -0.57036     1.11446     1.33082    -0.21636
  -2.12947  -3.15261  -0.98712    -0.89859    -0.56840    -0.33019
  -1.91214  -3.51636  -0.98712     0.02573     0.25517    -0.22945
  -1.63335  -3.83546  -0.98712     0.86847     0.97378    -0.10531
  -1.30207  -4.09965  -0.98712     1.58007     1.56023     0.01984
  -0.92893  -4.30045  -0.98712     2.12537     1.99892     0.12645
  -0.52594  -4.43139  -0.98712     2.48180     2.28127     0.20053
  -0.10604  -4.48827  -0.98712     2.63679     2.40295     0.23384
   0.31727  -4.46925  -0.98712     2.58534     2.36235     0.22299
   0.73037  -4.37497  -0.98712     2.32806     2.15999     0.16807
   1.12001  -4.20843  -0.98712     1.87500     1.79870     0.07630
   1.47364  -3.97500  -0.98712     1.24310     1.28471    -0.04161
   1.77991  -3.68217  -0.98712     0.46059     0.62964    -0.16905
   2.02898  -3.33936  -0.98712    -0.43047    -0.14582    -0.28465
  -2.00456  -3.16053  -1.39121    -2.84576    -2.46346    -0.38229
  -1.77276  -3.52122  -1.39121    -1.88378    -1.61942    -0.26436
  -1.47688  -3.83152  -1.39121    -1.02096    -0.89148    -0.12948
  -1.12763  -4.08022  -1.39121    -0.31689    -0.31421    -0.00268
  -0.73762  -4.25833  -1.39121     0.19076     0.09377     0.09699
  -0.32096  -4.35941  -1.39121     0.47942     0.32291     0.15651
   0.10731  -4.37981  -1.39121     0.53778     0.36893     0.16885
   0.53170  -4.31880  -1.39121     0.36333     0.23106     0.13227
   0.93687  -4.17857  -1.39121    -0.03702    -0.08831     0.05128
   1.30818  -3.96419  -1.39121    -0.64633    -0.58257    -0.06376
   1.63221  -3.68342  -1.39121    -1.43574    -1.23829    -0.19745
   1.89725  -3.34639  -1.39121    -2.35755    -2.03000    -0.32756
   2.09371  -2.96530  -1.39121    -3.33710    -2.91100    -0.42609
  -1.81730  -3.13579  -1.77036    -5.48632    -5.06477    -0.42155
  -1.57705  -3.48096  -1.77036    -4.39131    -4.10706    -0.28426
  -1.27224  -3.77070  -1.77036    -3.45444    -3.31189    -0.14255
  -0.91534  -3.99316  -1.77036    -2.73280    -2.71296    -0.01984
  -0.52097  -4.13922  -1.77036    -2.26029    -2.32652     0.06623
  -0.10527  -4.20290  -1.77036    -2.05447    -2.15986     0.10540
   0.31474  -4.18160  -1.77036    -2.12286    -2.21548     0.09262
   0.72186  -4.07619  -1.77036    -2.46360    -2.49258     0.02898
   1.09943  -3.89098  -1.77036    -3.06413    -2.98660    -0.07753
   1.43199  -3.63356  -1.77036    -3.89934    -3.68650    -0.21285
   1.70592  -3.31446  -1.77036    -4.92407    -4.56875    -0.35532
   1.91002  -2.94676  -1.77036    -6.06425    -5.58546    -0.47879
  -0.91925  -3.71930  -2.11305    -6.35353    -6.26459    -0.08895
  -0.52729  -3.88838  -2.11305    -5.66767    -5.68205     0.01439
  -0.10690  -3.96250  -2.11305    -5.37148    -5.43215     0.06067
   0.31925  -3.93768  -2.11305    -5.47063    -5.51546     0.04483
   0.72819  -3.81525  -2.11305    -5.96260    -5.93185    -0.03075
   1.09788  -3.60182  -2.11305    -6.83734    -6.67965    -0.15770
   0.60000   3.17962   3.96243    19.89770    19.73709     0.16061
   0.20838   3.32216   3.96243    19.60716    19.45572     0.15144
  -0.20838   3.32216   3.96243    19.60716    19.45572     0.15144
  -0.60000   3.17962   3.96243    19.89770    19.73709     0.16061
   1.31810   2.94195   3.72248    17.08395    16.99989     0.08406
   1.05297   3.26784   3.72248    16.87248    16.83107     0.04140
   0.70974   3.51012   3.72248    16.79027    16.74706     0.04321
   0.31387   3.65081   3.72248    16.76768    16.71197     0.05571
  -0.10528   3.67948   3.72248    16.76517    16.70593     0.05924
  -0.51662   3.59401   3.72248    16.77521    16.72501     0.05020
  -0.88964   3.40072   3.72248    16.82039    16.78108     0.03931
  -1.19668   3.11396   3.72248    16.95656    16.90206     0.05450
   1.78895   2.56438   3.42666    13.79015    13.73171     0.05844
   1.64295   2.96551   3.42666    14.01480    14.08445    -0.06966
   1.40838   3.32216   3.42666    14.24572    14.34281    -0.09708
   1.09788   3.61510   3.42666    14.46347    14.53660    -0.07314
   0.72819   3.82854   3.42666    14.63791    14.67191    -0.03399
   0.31925   3.95096   3.42666    14.74271    14.74797    -0.00526
  -0.10690   3.97578   3.42666    14.76467    14.76329     0.00139
  -0.52729   3.90166   3.42666    14.70004    14.71745    -0.01741
  -0.91925   3.73258   3.42666    14.55759    14.61155    -0.05396
  -1.26166   3.47767   3.42666    14.35804    14.44712    -0.08907
  -1.53605   3.15066   3.42666    14.12963    14.22267    -0.09304
  -1.72763   2.76920   3.42666    13.90122    13.92362    -0.02240
   1.91002   2.96004   3.08397    11.37235    11.62023    -0.24787
   1.70592   3.32775   3.08397    11.93335    12.17992    -0.24657
   1.43199   3.64684   3.08397    12.41214    12.60838    -0.19624
   1.09943   3.90426   3.08397    12.79555    12.92535    -0.12980
   0.72186   4.08947   3.08397    13.06977    13.14056    -0.07080
   0.31474   4.19488   3.08397    13.22602    13.25886    -0.03284
  -0.10527   4.21618   3.08397    13.25802    13.28243    -0.02441
  -0.52097   4.15250   3.08397    13.16327    13.21164    -0.04837
  -0.91534   4.00644   3.08397    12.94678    13.04529    -0.09851
  -1.27224   3.78399   3.08397    12.61608    12.78003    -0.16396
  -1.57705   3.49424   3.08397    12.18372    12.40900    -0.22527
  -1.81730   3.14907   3.08397    11.66226    11.91836    -0.25609
  -1.98314   2.76260   3.08397    11.06236    11.27959    -0.21722
   2.09371   2.97859   2.70482     9.16478     9.59304    -0.42826
   1.89725   3.35968   2.70482     9.99434    10.37339    -0.37905
   1.63221   3.69670   2.70482    10.69527    10.98748    -0.29221
   1.30818   3.97747   2.70482    11.26003    11.45543    -0.19540
   0.93687   4.19185   2.70482    11.68046    11.79009    -0.10963
   0.53170   4.33208   2.70482    11.95092    11.99958    -0.04866
   0.10731   4.39310   2.70482    12.06764    12.08856    -0.02093
  -0.32096   4.37270   2.70482    12.02873    12.05895    -0.03022
  -0.73762   4.27161   2.70482    11.83483    11.91012    -0.07529
  -1.12763   4.09350   2.70482    11.48844    11.63883    -0.15038
  -1.47688   3.84480   2.70482    10.99522    11.23879    -0.24356
  -1.77276   3.53450   2.70482    10.36144    10.69975    -0.33831
  -2.00456   3.17381   2.70482     9.59525    10.00564    -0.41039
   2.02898   3.35265   2.30072     8.29756     8.76929    -0.47173
   1.77991   3.69545   2.30072     9.18297     9.53553    -0.35255
   1.47364   3.98828   2.30072     9.90398    10.13581    -0.23183
   1.12001   4.22171   2.30072    10.45870    10.58313    -0.12443
   0.73037   4.38825   2.30072    10.84462    10.88703    -0.04242
   0.31727   4.48254   2.30072    11.05985    11.05387     0.00599
  -0.10604   4.50155   2.30072    11.10253    11.08706     0.01547
  -0.52594   4.44467   2.30072    10.97389    10.98730    -0.01342
  -0.92893   4.31373   2.30072    10.67331    10.75255    -0.07924
  -1.30207   4.11294   2.30072    10.20268    10.37792    -0.17524
  -1.63335   3.84874   2.30072     9.56387     9.85552    -0.29164
  -1.91214   3.52964   2.30072     8.76066     9.17410    -0.41344
  -2.12947   3.16589   2.30072     7.79492     8.31890    -0.52398
   2.07846   3.34039   1.88397     6.90574     7.39334    -0.48760
   1.83851   3.68308   1.88397     7.95494     8.29721    -0.34227
   1.54269   3.97890   1.88397     8.81086     9.01443    -0.20357
   1.20000   4.21885   1.88397     9.47539     9.55822    -0.08283
   0.82085   4.39565   1.88397     9.94979     9.93914     0.01065
   0.41676   4.50393   1.88397    10.23468    10.16470     0.06998
   0.00000   4.54039   1.88397    10.33006    10.23940     0.09066
  -0.41676   4.50393   1.88397    10.23468    10.16470     0.06998
  -0.82085   4.39565   1.88397     9.94979     9.93914     0.01065
  -1.20000   4.21885   1.88397     9.47539     9.55822    -0.08283
  -1.54269   3.97890   1.88397     8.81086     9.01443    -0.20357
  -1.83851   3.68308   1.88397     7.95494     8.29721    -0.34227
  -2.07846   3.34039   1.88397     6.90574     7.39334    -0.48760
   1.77991   3.69545   1.46721     7.18687     7.40946    -0.22259
   1.47364   3.98828   1.46721     8.15700     8.23132    -0.07432
   1.12001   4.22171   1.46721     8.89432     8.84409     0.05023
   0.73037   4.38825   1.46721     9.40323     9.26032     0.14291
   0.31727   4.48254   1.46721     9.68498     9.48874     0.19624
  -0.10604   4.50155   1.46721     9.74146     9.53418     0.20728
  -0.52594   4.44467   1.46721     9.57266     9.39761     0.17505
  -0.92893   4.31373   1.46721     9.17670     9.07614     0.10056
  -1.30207   4.11294   1.46721     8.55421     8.56297    -0.00876
  -1.63335   3.84874   1.46721     7.70142     7.84745    -0.14602
  -1.91214   3.52964   1.46721     6.61332     6.91526    -0.30193
   1.30818   3.97747   1.06312     7.95557     7.81319     0.14237
   0.93687   4.19185   1.06312     8.72615     8.46559     0.26055
   0.53170   4.33208   1.06312     9.21498     8.87351     0.34147
   0.10731   4.39310   1.06312     9.42457     9.04661     0.37795
  -0.32096   4.37270   1.06312     9.35491     8.98903     0.36589
  -0.73762   4.27161   1.06312     9.00602     8.69938     0.30664
  -1.12763   4.09350   1.06312     8.37662     8.17078     0.20585
  -1.47688   3.84480   1.06312     7.46297     7.39075     0.07222
   0.72186   4.08947   0.68397     9.01731     8.49601     0.52130
   0.31474   4.19488   0.68397     9.44841     8.86005     0.58836
  -0.10527   4.21618   0.68397     9.53501     8.93237     0.60263
  -0.52097   4.15250   0.68397     9.27585     8.71491     0.56093
  -0.91534   4.00644   0.68397     8.67281     8.20188     0.47093
  -0.60000  -3.17962   3.96243    19.89770    19.73709     0.16061
  -0.20838  -3.32216   3.96243    19.60716    19.45572     0.15144
   0.20838  -3.32216   3.96243    19.60716    19.45572     0.15144
   0.60000  -3.17962   3.96243    19.89770    19.73709     0.16061
  -1.19668  -3.11396   3.72248    16.95656    16.90206     0.05450
  -0.88964  -3.40072   3.72248    16.82039    16.78108     0.03931
  -0.51662  -3.59401   3.72248    16.77521    16.72501     0.05020
  -0.10528  -3.67948   3.72248    16.76517    16.70593     0.05924
   0.31387  -3.65081   3.72248    16.76768    16.71197     0.05571
   0.70974  -3.51012   3.72248    16.79027    16.74706     0.04321
   1.05297  -3.26784   3.72248    16.87248    16.83107     0.04140
   1.31810  -2.94195   3.72248    17.08395    16.99989     0.08406
  -1.72763  -2.76920   3.42666    13.90122    13.92362    -0.02240
  -1.53605  -3.15066   3.42666    14.12963    14.22267    -0.09304
  -1.26166  -3.47767   3.42666    14.35804    14.44712    -0.08907
  -0.91925  -3.73258   3.42666    14.55759    14.61155    -0.05396
  -0.52729  -3.90166   3.42666    14.70004    14.71745    -0.01741
  -0.10690  -3.97578   3.42666    14.76467    14.76329     0.00139
   0.31925  -3.95096   3.42666    14.74271    14.74797    -0.00526
   0.72819  -3.82854   3.42666    14.63791    14.67191    -0.03399
   1.09788  -3.61510   3.42666    14.46347    14.53660    -0.07314
   1.40838  -3.32216   3.42666    14.24572    14.34281    -0.09708
   1.64295  -2.96551   3.42666    14.01480    14.08445    -0.06966
   1.78895  -2.56438   3.42666    13.79015    13.73171     0.05844
  -1.98314  -2.76260   3.08397    11.06236    11.27959    -0.21722
  -1.81730  -3.14907   3.08397    11.66226    11.91836    -0.25609
  -1.57705  -3.49424   3.08397    12.18372    12.40900    -0.22527
  -1.27224  -3.78399   3.08397    12.61608    12.78003    -0.16396
  -0.91534  -4.00644   3.08397    12.94678    13.04529    -0.09851
  -0.52097  -4.15250   3.08397    13.16327    13.21164    -0.04837
  -0.10527  -4.21618   3.08397    13.25802    13.28243    -0.02441
   0.31474  -4.19488   3.08397    13.22602    13.25886    -0.03284
   0.72186  -4.08947   3.08397    13.06977    13.14056    -0.07080
   1.09943  -3.90426   3.08397    12.79555    12.92535    -0.12980
   1.43199  -3.64684   3.08397    12.41214    12.60838    -0.19624
   1.70592  -3.32775   3.08397    11.93335    12.17992    -0.24657
   1.91002  -2.96004   3.08397    11.37235    11.62023    -0.24787
  -2.00456  -3.17381   2.70482     9.59525    10.00564    -0.41039
  -1.77276  -3.53450   2.70482    10.36144    10.69975    -0.33831
  -1.47688  -3.84480   2.70482    10.99522    11.23879    -0.24356
  -1.12763  -4.09350   2.70482    11.48844    11.63883    -0.15038
  -0.73762  -4.27161   2.70482    11.83483    11.91012    -0.07529
  -0.32096  -4.37270   2.70482    12.02873    12.05895    -0.03022
   0.10731  -4.39310   2.70482    12.06764    12.08856    -0.02093
   0.53170  -4.33208   2.70482    11.95092    11.99958    -0.04866
   0.93687  -4.19185   2.70482    11.68046    11.79009    -0.10963
   1.30818  -3.97747   2.70482    11.26003    11.45543    -0.19540
   1.63221  -3.69670   2.70482    10.69527    10.98748    -0.29221
   1.89725  -3.35968   2.70482     9.99434    10.37339    -0.37905
   2.09371  -2.97859   2.70482     9.16478     9.59304    -0.42826
  -2.12947  -3.16589   2.30072     7.79492     8.31890    -0.52398
  -1.91214  -3.52964   2.30072     8.76066     9.17410    -0.41344
  -1.63335  -3.84874   2.30072     9.56387     9.85552    -0.29164
  -1.30207  -4.11294   2.30072    10.20268    10.37792    -0.17524
  -0.92893  -4.31373   2.30072    10.67331    10.75255    -0.07924
  -0.52594  -4.44467   2.30072    10.97389    10.98730    -0.01342
  -0.10604  -4.50155   2.30072    11.10253    11.08706     0.01547
   0.31727  -4.48254   2.30072    11.05985    11.05387     0.00599
   0.73037  -4.38825   2.30072    10.84462    10.88703    -0.04242
   1.12001  -4.22171   2.30072    10.45870    10.58313    -0.12443
   1.47364  -3.98828   2.30072     9.90398    10.13581    -0.23183
   1.77991  -3.69545   2.30072     9.18297     9.53553    -0.35255
   2.02898  -3.35265   2.30072     8.29756     8.76929    -0.47173
  -2.07846  -3.34039   1.88397     6.90574     7.39334    -0.48760
  -1.83851  -3.68308   1.88397     7.95494     8.29721    -0.34227
  -1.54269  -3.97890   1.88397     8.81086     9.01443    -0.20357
  -1.20000  -4.21885   1.88397     9.47539     9.55822    -0.08283
  -0.82085  -4.39565   1.88397     9.94979     9.93914     0.01065
  -0.41676  -4.50393   1.88397    10.23468    10.16470     0.06998
  -0.00000  -4.54039   1.88397    10.33006    10.23940     0.09066
   0.41676  -4.50393   1.88397    10.23468    10.16470     0.06998
   0.82085  -4.39565   1.88397     9.94979     9.93914     0.01065
   1.20000  -4.21885   1.88397     9.47539     9.55822    -0.08283
   1.54269  -3.97890   1.88397     8.81086     9.01443    -0.20357
   1.83851  -3.68308   1.88397     7.95494     8.29721    -0.34227
   2.07846  -3.34039   1.88397     6.90574     7.39334    -0.48760
  -1.91214  -3.52964   1.46721     6.61332     6.91526    -0.30193
  -1.63335  -3.84874   1.46721     7.70142     7.84745    -0.14602
  -1.30207  -4.11294   1.46721     8.55421     8.56297    -0.00876
  -0.92893  -4.31373   1.46721     9.17670     9.07614     0.10056
  -0.52594  -4.44467   1.46721     9.57266     9.39761     0.17505
  -0.10604  -4.50155   1.46721     9.74146     9.53418     0.20728
   0.31727  -4.48254   1.46721     9.68498     9.48874     0.19624
   0.73037  -4.38825   1.46721     9.40323     9.26032     0.14291
   1.12001  -4.22171   1.46721     8.89432     8.84409     0.05023
   1.47364  -3.98828   1.46721     8.15700     8.23132    -0.07432
   1.77991  -3.69545   1.46721     7.18687     7.40946    -0.22259
  -1.47688  -3.84480   1.06312     7.46297     7.39075     0.07222
  -1.12763  -4.09350   1.06312     8.37662     8.17078     0.20585
  -0.73762  -4.27161   1.06312     9.00602     8.69938     0.30664
  -0.32096  -4.37270   1.06312     9.35491     8.98903     0.36589
   0.10731  -4.39310   1.06312     9.42457     9.04661     0.37795
   0.53170  -4.33208   1.06312     9.21498     8.87351     0.34147
   0.93687  -4.19185   1.06312     8.72615     8.46559     0.26055
   1.30818  -3.97747   1.06312     7.95557     7.81319     0.14237
  -0.91534  -4.00644   0.68397     8.67281     8.20188     0.47093
  -0.52097  -4.15250   0.68397     9.27585     8.71491     0.56093
  -0.10527  -4.21618   0.68397     9.53501     8.93237     0.60263
   0.31474  -4.19488   0.68397     9.44841     8.86005     0.58836
   0.72186  -4.08947   0.68397     9.01731     8.49601     0.52130
   2.93725   0.00000  -1.54278    -4.59462    -4.54195    -0.05267
   2.90867   0.40879  -1.54278    -4.68185    -4.63159    -0.05026
   2.82347   0.80962  -1.54278    -4.93097    -4.88141    -0.04956
   2.68331   1.19469  -1.54278    -5.30308    -5.23162    -0.07146
  -2.59344   1.37896  -1.54278    -5.51455    -5.41285    -0.10170
  -2.76011   1.00460  -1.54278    -5.10542    -5.04947    -0.05595
  -2.87307   0.61069  -1.54278    -4.78790    -4.73919    -0.04871
  -2.93010   0.20489  -1.54278    -4.61659    -4.56465    -0.05194
  -2.93010  -0.20489  -1.54278    -4.61659    -4.56465    -0.05194
  -2.87307  -0.61069  -1.54278    -4.78790    -4.73919    -0.04871
  -2.76011  -1.00460  -1.54278    -5.10542    -5.04947    -0.05595
  -2.59344  -1.37896  -1.54278    -5.51455    -5.41285    -0.10170
   2.68331  -1.19469  -1.54278    -5.30308    -5.23162    -0.07146
   2.82347  -0.80962  -1.54278    -4.93097    -4.88141    -0.04956
   2.90867  -0.40879  -1.54278    -4.68185    -4.63159    -0.05026
   2.99301   0.00000  -1.94842    -5.62625    -5.85101     0.22476
   2.96388   0.41655  -1.94842    -5.77434    -5.98886     0.21452
   2.87706   0.82498  -1.94842    -6.20983    -6.38925     0.17941
   2.73425   1.21737  -1.94842    -6.90449    -7.01090     0.10642
  -2.81251   1.02367  -1.94842    -6.52735    -6.67620     0.14885
  -2.92760   0.62228  -1.94842    -5.95758    -6.15812     0.20054
  -2.98571   0.20878  -1.94842    -5.66390    -5.88567     0.22177
  -2.98571  -0.20878  -1.94842    -5.66390    -5.88567     0.22177
  -2.92760  -0.62228  -1.94842    -5.95758    -6.15812     0.20054
  -2.81251  -1.02367  -1.94842    -6.52735    -6.67620     0.14885
   2.73425  -1.21737  -1.94842    -6.90449    -7.01090     0.10642
   2.87706  -0.82498  -1.94842    -6.20983    -6.38925     0.17941
   2.96388  -0.41655  -1.94842    -5.77434    -5.98886     0.21452
   2.99301   0.00000  -2.35787    -7.10529    -7.53978     0.43449
   2.96388   0.41655  -2.35787    -7.30923    -7.72465     0.41542
   2.87706   0.82498  -2.35787    -7.91227    -8.27097     0.35870
  -2.81251   1.02367  -2.35787    -8.35780    -8.67225     0.31446
  -2.92760   0.62228  -2.35787    -7.56149    -7.95381     0.39232
  -2.98571   0.20878  -2.35787    -7.15612    -7.58612     0.43001
  -2.98571  -0.20878  -2.35787    -7.15612    -7.58612     0.43001
  -2.92760  -0.62228  -2.35787    -7.56149    -7.95381     0.39232
  -2.81251  -1.02367  -2.35787    -8.35780    -8.67225     0.31446
   2.87706  -0.82498  -2.35787    -7.91227    -8.27097     0.35870
   2.96388  -0.41655  -2.35787    -7.30923    -7.72465     0.41542
   2.93725   0.00000  -2.76351    -8.94515    -9.51681     0.57166
   2.90867   0.40879  -2.76351    -9.19364    -9.74190     0.54826
   2.82347   0.80962  -2.76351    -9.93159   -10.41238     0.48079
  -2.87307   0.61069  -2.76351    -9.50238   -10.02216     0.51978
  -2.93010   0.20489  -2.76351    -9.00727    -9.57316     0.56588
  -2.93010  -0.20489  -2.76351    -9.00727    -9.57316     0.56588
  -2.87307  -0.61069  -2.76351    -9.50238   -10.02216     0.51978
   2.82347  -0.80962  -2.76351    -9.93159   -10.41238     0.48079
   2.90867  -0.40879  -2.76351    -9.19364    -9.74190     0.54826
   2.82678   0.00000  -3.15778   -11.06739   -11.70099     0.63360
   2.79666   0.41158  -3.15778   -11.37361   -11.97903     0.60542
  -2.75915   0.61463  -3.15778   -11.75325   -12.32580     0.57255
  -2.81924   0.20634  -3.15778   -11.14394   -11.77055     0.62661
  -2.81924  -0.20634  -3.15778   -11.14394   -11.77055     0.62661
  -2.75915  -0.61463  -3.15778   -11.75325   -12.32580     0.57255
   2.79666  -0.41158  -3.15778   -11.37361   -11.97903     0.60542
   2.66366   0.00000  -3.53334   -13.40109   -14.01419     0.61310
   2.63086   0.41669  -3.53334   -13.77258   -14.35275     0.58017
  -2.63086   0.41669  -3.53334   -13.77258   -14.35275     0.58017
  -2.66366   0.00000  -3.53334   -13.40109   -14.01419     0.61310
  -2.63086  -0.41669  -3.53334   -13.77258   -14.35275     0.58017
   2.63086  -0.41669  -3.53334   -13.77258   -14.35275     0.58017
   2.45091   0.00000  -3.88319   -15.87223   -16.37612     0.50389
  -2.44208   0.20785  -3.88319   -15.98016   -16.47363     0.49348
  -2.44208  -0.20785  -3.88319   -15.98016   -16.47363     0.49348
   2.19251   0.00000  -4.20080   -18.40109   -18.70133     0.30024
   0.00000  -0.00000   6.42281    18.91314    18.26260     0.65054
   0.40850  -0.00000   6.39486    18.67531    18.05943     0.61588
   0.20425   0.35377   6.39486    19.01417    18.40284     0.61132
  -0.20425   0.35377   6.39486    19.01417    18.40284     0.61132
  -0.40850   0.00000   6.39486    18.67531    18.05943     0.61588
  -0.20425  -0.35377   6.39486    19.01417    18.40284     0.61132
   0.20425  -0.35377   6.39486    19.01417    18.40284     0.61132
   0.80939  -0.00000   6.31156    17.97940    17.46328     0.51613
   0.70095   0.40470   6.31156    18.41176    17.90095     0.51081
   0.40470   0.70095   6.31156    19.29717    18.79494     0.50223
  -0.40470   0.70095   6.31156    19.29717    18.79494     0.50223
  -0.70095   0.40470   6.31156    18.41176    17.90095     0.51081
  -0.80939   0.00000   6.31156    17.97940    17.46328     0.51613
  -0.70095  -0.40470   6.31156    18.41176    17.90095     0.51081
  -0.40470  -0.70095   6.31156    19.29717    18.79494     0.50223
   0.40470  -0.70095   6.31156    19.29717    18.79494     0.50223
   0.70095  -0.40470   6.31156    18.41176    17.90095     0.51081
   1.19520  -0.00000   6.17444    16.87687    16.51245     0.36442
   1.12312   0.40878   6.17444    17.29918    16.93933     0.35985
   0.91558   0.76826   6.17444    18.39858    18.04701     0.35157
  -0.91558   0.76826   6.17444    18.39858    18.04701     0.35157
  -1.12312   0.40878   6.17444    17.29918    16.93933     0.35985
  -1.19520   0.00000   6.17444    16.87687    16.51245     0.36442
  -1.12312  -0.40878   6.17444    17.29918    16.93933     0.35985
  -0.91558  -0.76826   6.17444    18.39858    18.04701     0.35157
   0.91558  -0.76826   6.17444    18.39858    18.04701     0.35157
   1.12312  -0.40878   6.17444    17.29918    16.93933     0.35985
   1.55875  -0.00000   5.98606    15.44552    15.26532     0.18020
   1.50095   0.42055   5.98606    15.86846    15.69100     0.17746
   1.33183   0.80990   5.98606    17.04692    16.87443     0.17250
  -1.42971   0.62101   5.98606    16.37612    16.20122     0.17489
  -1.54423   0.21225   5.98606    15.55282    15.37319     0.17963
  -1.54423  -0.21225   5.98606    15.55282    15.37319     0.17963
  -1.42971  -0.62101   5.98606    16.37612    16.20122     0.17489
   1.33183  -0.80990   5.98606    17.04692    16.87443     0.17250
   1.50095  -0.42055   5.98606    15.86846    15.69100     0.17746
   1.89326  -0.00000   5.74994    13.78136    13.79347    -0.01211
   1.84900   0.40700   5.74994    14.15222    14.16443    -0.01221
   1.71828   0.79496   5.74994    15.22213    15.23371    -0.01158
  -1.62226   0.97608   5.74994    15.98204    15.99152    -0.00948
  -1.79416   0.60452   5.74994    14.60591    14.61800    -0.01209
  -1.88216   0.20470   5.74994    13.87486    13.88688    -0.01202
  -1.88216  -0.20470   5.74994    13.87486    13.88688    -0.01202
  -1.79416  -0.60452   5.74994    14.60591    14.61800    -0.01209
  -1.62226  -0.97608   5.74994    15.98204    15.99152    -0.00948
   1.71828  -0.79496   5.74994    15.22213    15.23371    -0.01158
   1.84900  -0.40700   5.74994    14.15222    14.16443    -0.01221
   2.19251  -0.00000   5.47047    11.98794    12.17423    -0.18629
   2.15289   0.41493   5.47047    12.34688    12.53023    -0.18335
   2.03545   0.81487   5.47047    13.39733    13.57146    -0.17413
   1.84445   1.18536   5.47047    15.05395    15.21186    -0.15791
  -1.94878   1.00467   5.47047    14.15724    14.32482    -0.16758
  -2.10370   0.61770   5.47047    12.78927    12.96904    -0.17977
  -2.18258   0.20841   5.47047    12.07830    12.26364    -0.18533
  -2.18258  -0.20841   5.47047    12.07830    12.26364    -0.18533
  -2.10370  -0.61770   5.47047    12.78927    12.96904    -0.17977
  -1.94878  -1.00467   5.47047    14.15724    14.32482    -0.16758
   1.84445  -1.18536   5.47047    15.05395    15.21186    -0.15791
   2.03545  -0.81487   5.47047    13.39733    13.57146    -0.17413
   2.15289  -0.41493   5.47047    12.34688    12.53023    -0.18335
   2.45091  -0.00000   5.15285    10.16503    10.48376    -0.31873
   2.41566   0.41421   5.15285    10.49761    10.80967    -0.31206
   2.31091   0.81650   5.15285    11.47840    11.77163    -0.29322
   2.13968   1.19530   5.15285    13.05471    13.31790    -0.26319
  -2.03060   1.37245   5.15285    14.03676    14.28129    -0.24453
  -2.23334   1.00953   5.15285    12.19690    12.47665    -0.27974
  -2.37183   0.61757   5.15285    10.90925    11.21342    -0.30417
  -2.44208   0.20785   5.15285    10.24849    10.56548    -0.31699
  -2.44208  -0.20785   5.15285    10.24849    10.56548    -0.31699
  -2.37183  -0.61757   5.15285    10.90925    11.21342    -0.30417
  -2.23334  -1.00953   5.15285    12.19690    12.47665    -0.27974
  -2.03060  -1.37245   5.15285    14.03676    14.28129    -0.24453
   2.13968  -1.19530   5.15285    13.05471    13.31790    -0.26319
   2.31091  -0.81650   5.15285    11.47840    11.77163    -0.29322
   2.41566  -0.41421   5.15285    10.49761    10.80967    -0.31206
   2.66366  -0.00000   4.80300     8.40110     8.79149    -0.39039
   2.63086   0.41669   4.80300     8.71485     9.09413    -0.37928
   2.53329   0.82311   4.80300     9.64294     9.99223    -0.34929
   2.37333   1.20927   4.80300    11.14896    11.45286    -0.30390
   2.15494   1.56566   4.80300    13.16264    13.40985    -0.24721
  -2.15494   1.56566   4.80300    13.16264    13.40985    -0.24721
  -2.37333   1.20927   4.80300    11.14896    11.45286    -0.30390
  -2.53329   0.82311   4.80300     9.64294     9.99223    -0.34929
  -2.63086   0.41669   4.80300     8.71485     9.09413    -0.37928
  -2.66366   0.00000   4.80300     8.40110     8.79149    -0.39039
  -2.63086  -0.41669   4.80300     8.71485     9.09413    -0.37928
  -2.53329  -0.82311   4.80300     9.64294     9.99223    -0.34929
  -2.37333  -1.20927   4.80300    11.14896    11.45286    -0.30390
  -2.15494  -1.56566   4.80300    13.16264    13.40985    -0.24721
   2.15494  -1.56566   4.80300    13.16264    13.40985    -0.24721
   2.37333  -1.20927   4.80300    11.14896    11.45286    -0.30390
   2.53329  -0.82311   4.80300     9.64294     9.99223    -0.34929
   2.63086  -0.41669   4.80300     8.71485     9.09413    -0.37928
   2.82678  -0.00000   4.42745     6.76518     7.15590    -0.39072
   2.79666   0.41158   4.42745     7.05007     7.42717    -0.37710
   2.70693   0.81439   4.42745     7.89846     8.23555    -0.33709
   2.55950   1.19985   4.42745     9.28463     9.56221    -0.27758
   2.35753   1.55973   4.42745    11.16151    11.36730    -0.20579
  -2.23739   1.72766   4.42745    12.26028    12.42806    -0.16778
  -2.46509   1.38348   4.42745    10.16565    10.40858    -0.24292
  -2.64026   1.00981   4.42745     8.52660     8.83597    -0.30937
  -2.75915   0.61463   4.42745     7.40524     7.76502    -0.35978
  -2.81924   0.20634   4.42745     6.83672     7.22379    -0.38708
  -2.81924  -0.20634   4.42745     6.83672     7.22379    -0.38708
  -2.75915  -0.61463   4.42745     7.40524     7.76502    -0.35978
  -2.64026  -1.00981   4.42745     8.52660     8.83597    -0.30937
  -2.46509  -1.38348   4.42745    10.16565    10.40858    -0.24292
  -2.23739  -1.72766   4.42745    12.26028    12.42806    -0.16778
   2.35753  -1.55973   4.42745    11.16151    11.36730    -0.20579
   2.55950  -1.19985   4.42745     9.28463     9.56221    -0.27758
   2.70693  -0.81439   4.42745     7.89846     8.23555    -0.33709
   2.79666  -0.41158   4.42745     7.05007     7.42717    -0.37710
   2.93725  -0.00000   4.03317     5.29681     5.62133    -0.32453
   2.90867   0.40879   4.03317     5.56036     5.86791    -0.30755
   2.82347   0.80962   4.03317     6.34538     6.60531    -0.25993
   2.68331   1.19469   4.03317     7.63491     7.82463    -0.18972
   2.49093   1.55651   4.03317     9.39695     9.50457    -0.10761
   2.25007   1.88803   4.03317    11.57692    11.60108    -0.02415
  -2.11288   2.04039   4.03317    12.79680    12.78198     0.01482
  -2.37629   1.72647   4.03317    10.43925    10.50477    -0.06552
  -2.59344   1.37896   4.03317     8.46008     8.60909    -0.14900
  -2.76011   1.00460   4.03317     6.92833     7.15567    -0.22734
  -2.87307   0.61069   4.03317     5.88855     6.17561    -0.28706
  -2.93010   0.20489   4.03317     5.36270     5.68301    -0.32032
  -2.93010  -0.20489   4.03317     5.36270     5.68301    -0.32032
  -2.87307  -0.61069   4.03317     5.88855     6.17561    -0.28706
  -2.76011  -1.00460   4.03317     6.92833     7.15567    -0.22734
  -2.59344  -1.37896   4.03317     8.46008     8.60909    -0.14900
  -2.37629  -1.72647   4.03317    10.43925    10.50477    -0.06552
  -2.11288  -2.04039   4.03317    12.79680    12.78198     0.01482
   2.25007  -1.88803   4.03317    11.57692    11.60108    -0.02415
   2.49093  -1.55651   4.03317     9.39695     9.50457    -0.10761
   2.68331  -1.19469   4.03317     7.63491     7.82463    -0.18972
   2.82347  -0.80962   4.03317     6.34538     6.60531    -0.25993
   2.90867  -0.40879   4.03317     5.56036     5.86791    -0.30755
   2.99301  -0.00000   3.62753     4.00477     4.21517    -0.21040
   2.96388   0.41655   3.62753     4.26016     4.45150    -0.19134
   2.87706   0.82498   3.62753     5.02259     5.16114    -0.13855
   2.73425   1.21737   3.62753     6.28263     6.34454    -0.06191
   2.53821   1.58605   3.62753     8.01957     7.99721     0.02236
   2.29278   1.92387   3.62753    10.19703    10.10047     0.09656
   2.00271   2.22424   3.62753    12.75413    12.60555     0.14858
  -1.84268   2.35852   3.62753    14.14532    13.97937     0.16595
  -2.15299   2.07912   3.62753    11.43322    11.30762     0.12561
  -2.42139   1.75925   3.62753     9.05622     8.99462     0.06160
  -2.64267   1.40513   3.62753     7.09337     7.11290    -0.01953
  -2.81251   1.02367   3.62753     5.59174     5.69370    -0.10196
  -2.92760   0.62228   3.62753     4.57831     4.74709    -0.16878
  -2.98571   0.20878   3.62753     4.06877     4.27424    -0.20546
  -2.98571  -0.20878   3.62753     4.06877     4.27424    -0.20546
  -2.92760  -0.62228   3.62753     4.57831     4.74709    -0.16878
  -2.81251  -1.02367   3.62753     5.59174     5.69370    -0.10196
  -2.64267  -1.40513   3.62753     7.09337     7.11290    -0.01953
  -2.42139  -1.75925   3.62753     9.05622     8.99462     0.06160
  -2.15299  -2.07912   3.62753    11.43322    11.30762     0.12561
  -1.84268  -2.35852   3.62753    14.14532    13.97937     0.16595
   2.00271  -2.22424   3.62753    12.75413    12.60555     0.14858
   2.29278  -1.92387   3.62753    10.19703    10.10047     0.09656
   2.53821  -1.58605   3.62753     8.01957     7.99721     0.02236
   2.73425  -1.21737   3.62753     6.28263     6.34454    -0.06191
   2.87706  -0.82498   3.62753     5.02259     5.16114    -0.13855
   2.96388  -0.41655   3.62753     4.26016     4.45150    -0.19134
   2.99301  -0.00000   3.21808     2.85831     2.94415    -0.08584
   2.96388   0.41655   3.21808     3.09237     3.16096    -0.06859
   2.87706   0.82498   3.21808     3.79455     3.81592    -0.02137
   2.73425   1.21737   3.21808     4.96611     4.92215     0.04397
   2.53821   1.58605   3.21808     6.60579     6.49964     0.10615
   2.29278   1.92387   3.21808     8.71046     8.57053     0.13993
  -2.42139   1.75925   3.21808     7.60040     7.47219     0.12821
  -2.64267   1.40513   3.21808     5.72791     5.65056     0.07735
  -2.81251   1.02367   3.21808     4.32166     4.31150     0.01016
  -2.92760   0.62228   3.21808     3.38479     3.43304    -0.04825
  -2.98571   0.20878   3.21808     2.91666     2.99828    -0.08162
  -2.98571  -0.20878   3.21808     2.91666     2.99828    -0.08162
  -2.92760  -0.62228   3.21808     3.38479     3.43304    -0.04825
  -2.81251  -1.02367   3.21808     4.32166     4.31150     0.01016
  -2.64267  -1.40513   3.21808     5.72791     5.65056     0.07735
  -2.42139  -1.75925   3.21808     7.60040     7.47219     0.12821
   2.29278  -1.92387   3.21808     8.71046     8.57053     0.13993
   2.53821  -1.58605   3.21808     6.60579     6.49964     0.10615
   2.73425  -1.21737   3.21808     4.96611     4.92215     0.04397
   2.87706  -0.82498   3.21808     3.79455     3.81592    -0.02137
   2.96388  -0.41655   3.21808     3.09237     3.16096    -0.06859
   2.93725  -0.00000   2.81244     1.78150     1.78878    -0.00728
   2.90867   0.40879   2.81244     1.97728     1.97516     0.00212
   2.82347   0.80962   2.81244     2.57091     2.54338     0.02752
   2.68331   1.19469   2.81244     3.57680     3.52200     0.05481
  -2.76011   1.00460   2.81244     3.02083     2.97875     0.04208
  -2.87307   0.61069   2.81244     2.22389     2.21025     0.01364
  -2.93010   0.20489   2.81244     1.83045     1.83524    -0.00479
  -2.93010  -0.20489   2.81244     1.83045     1.83524    -0.00479
  -2.87307  -0.61069   2.81244     2.22389     2.21025     0.01364
  -2.76011  -1.00460   2.81244     3.02083     2.97875     0.04208
   2.68331  -1.19469   2.81244     3.57680     3.52200     0.05481
   2.82347  -0.80962   2.81244     2.57091     2.54338     0.02752
   2.90867  -0.40879   2.81244     1.97728     1.97516     0.00212
  -0.00000   0.84850   6.33699    19.47225    19.00545     0.46679
   0.41676   0.84850   6.30053    19.27960    18.84195     0.43765
   0.20838   1.20942   6.30053    19.23128    18.92748     0.30380
  -0.20838   1.20942   6.30053    19.23128    18.92748     0.30380
  -0.41676   0.84850   6.30053    19.27960    18.84195     0.43765
   0.82085   0.84850   6.19225    18.70543    18.35237     0.35306
   0.71088   1.25893   6.19225    18.76128    18.53760     0.22368
   0.41042   1.55938   6.19225    19.06374    18.89403     0.16971
   0.00000   1.66935   6.19225    19.21434    19.05769     0.15665
  -0.41042   1.55938   6.19225    19.06374    18.89403     0.16971
  -0.71088   1.25893   6.19225    18.76128    18.53760     0.22368
  -0.82085   0.84850   6.19225    18.70543    18.35237     0.35306
   1.12763   1.25893   6.01545    17.95116    17.83201     0.11916
   0.91925   1.61985   6.01545    18.43686    18.35795     0.07891
   0.60000   1.88773   6.01545    18.92506    18.85502     0.07004
   0.20838   2.03027   6.01545    19.21873    19.14734     0.07139
  -0.20838   2.03027   6.01545    19.21873    19.14734     0.07139
  -0.60000   1.88773   6.01545    18.92506    18.85502     0.07004
  -0.91925   1.61985   6.01545    18.43686    18.35795     0.07891
  -1.12763   1.25893   6.01545    17.95116    17.83201     0.11916
   1.48548   1.26471   5.77550    16.85240    16.86429    -0.01190
   1.31810   1.65006   5.77550    17.53638    17.55874    -0.02236
   1.05297   1.97595   5.77550    18.26680    18.27640    -0.00960
   0.70974   2.21823   5.77550    18.87549    18.86513     0.01035
   0.31387   2.35892   5.77550    19.24948    19.22451     0.02497
  -0.10528   2.38759   5.77550    19.32729    19.29917     0.02813
  -0.51662   2.30212   5.77550    19.09700    19.07798     0.01901
  -0.88964   2.10883   5.77550    18.59499    18.59426     0.00073
  -1.19668   1.82207   5.77550    17.90787    17.92552    -0.01766
  -1.41497   1.46311   5.77550    17.17556    17.19673    -0.02117
   1.78895   1.27249   5.47968    15.50011    15.64924    -0.14913
   1.64295   1.67362   5.47968    16.42694    16.54775    -0.12081
   1.40838   2.03027   5.47968    17.40021    17.47957    -0.07936
   1.09788   2.32321   5.47968    18.27370    18.31109    -0.03739
   0.72819   2.53665   5.47968    18.94388    18.94760    -0.00372
   0.31925   2.65908   5.47968    19.34047    19.32333     0.01714
  -0.10690   2.68390   5.47968    19.42205    19.40043     0.02162
  -0.52729   2.60977   5.47968    19.17983    19.17111     0.00872
  -0.91925   2.44069   5.47968    18.63954    18.65847    -0.01893
  -1.26166   2.18578   5.47968    17.85704    17.91453    -0.05749
  -1.53605   1.85878   5.47968    16.91828    17.01895    -0.10067
  -1.72763   1.47731   5.47968    15.94627    16.08396    -0.13769
   1.91002   1.66815   5.13699    15.08345    15.28201    -0.19857
   1.70592   2.03586   5.13699    16.28826    16.41730    -0.12904
   1.43199   2.35496   5.13699    17.40335    17.47163    -0.06828
   1.09943   2.61237   5.13699    18.34461    18.36300    -0.01839
   0.72186   2.79758   5.13699    19.04429    19.02659     0.01769
   0.31474   2.90299   5.13699    19.45154    19.41292     0.03862
  -0.10527   2.92429   5.13699    19.53500    19.49179     0.04321
  -0.52097   2.86061   5.13699    19.28713    19.25681     0.03032
  -0.91534   2.71455   5.13699    18.72802    18.72675     0.00127
  -1.27224   2.49210   5.13699    17.90034    17.94208    -0.04174
  -1.57705   2.20235   5.13699    16.86306    16.96019    -0.09713
  -1.81730   1.85718   5.13699    15.69025    15.85376    -0.16351
  -1.98314   1.47072   5.13699    14.48229    14.71686    -0.23457
   2.09371   1.68670   4.75784    13.71987    13.94167    -0.22181
   1.89725   2.06779   4.75784    15.21899    15.34658    -0.12759
   1.63221   2.40481   4.75784    16.60704    16.66136    -0.05433
   1.30818   2.68558   4.75784    17.81186    17.80967     0.00219
   0.93687   2.89996   4.75784    18.76755    18.72321     0.04435
   0.53170   3.04019   4.75784    19.41326    19.34064     0.07262
   0.10731   3.10121   4.75784    19.70066    19.61475     0.08591
  -0.32096   3.08081   4.75784    19.60402    19.52272     0.08131
  -0.73762   2.97973   4.75784    19.13276    19.07234     0.06042
  -1.12763   2.80162   4.75784    18.32453    18.29984     0.02470
  -1.47688   2.55291   4.75784    17.23643    17.26071    -0.02428
  -1.77276   2.24261   4.75784    15.93121    16.02028    -0.08907
  -2.00456   1.88192   4.75784    14.47790    14.65004    -0.17214
   2.02898   2.06076   4.35375    14.01856    14.08831    -0.06975
   1.77991   2.40356   4.35375    15.67393    15.67534    -0.00141
   1.47364   2.69639   4.35375    17.15485    17.10788     0.04697
   1.12001   2.92982   4.35375    18.39921    18.31532     0.08389
   0.73037   3.09636   4.35375    19.33545    19.22122     0.11423
   0.31727   3.19065   4.35375    19.88703    19.75357     0.13346
  -0.10604   3.20966   4.35375    20.00061    19.86277     0.13784
  -0.52594   3.15278   4.35375    19.66364    19.53794     0.12570
  -0.92893   3.02184   4.35375    18.91063    18.81076     0.09986
  -1.30207   2.82105   4.35375    17.81060    17.74445     0.06615
  -1.63335   2.55685   4.35375    16.43949    16.41516     0.02434
  -1.91214   2.23775   4.35375    14.86445    14.89699    -0.03254
   1.83851   2.39119   3.93699    14.82115    14.72814     0.09301
   1.54269   2.68701   3.93699    16.61771    16.50973     0.10798
   1.20000   2.92696   3.93699    18.20468    18.08051     0.12417
   0.82085   3.10376   3.93699    19.48354    19.33391     0.14963
  -0.82085   3.10376   3.93699    19.48354    19.33391     0.14963
  -1.20000   2.92696   3.93699    18.20468    18.08051     0.12417
  -1.54269   2.68701   3.93699    16.61771    16.50973     0.10798
  -1.83851   2.39119   3.93699    14.82115    14.72814     0.09301
  -0.00000  -0.84850   6.33699    19.47225    19.00545     0.46679
   0.41676  -0.84850   6.30053    19.27960    18.84195     0.43765
  -0.41676  -0.84850   6.30053    19.27960    18.84195     0.43765
  -0.20838  -1.20942   6.30053    19.23128    18.92748     0.30380
   0.20838  -1.20942   6.30053    19.23128    18.92748     0.30380
   0.82085  -0.84850   6.19225    18.70543    18.35237     0.35306
  -0.82085  -0.84850   6.19225    18.70543    18.35237     0.35306
  -0.71088  -1.25893   6.19225    18.76128    18.53760     0.22368
  -0.41042  -1.55938   6.19225    19.06374    18.89403     0.16971
  -0.00000  -1.66935   6.19225    19.21434    19.05769     0.15665
   0.41042  -1.55938   6.19225    19.06374    18.89403     0.16971
   0.71088  -1.25893   6.19225    18.76128    18.53760     0.22368
  -1.12763  -1.25893   6.01545    17.95116    17.83201     0.11916
  -0.91925  -1.61985   6.01545    18.43686    18.35795     0.07891
  -0.60000  -1.88773   6.01545    18.92506    18.85502     0.07004
  -0.20838  -2.03027   6.01545    19.21873    19.14734     0.07139
   0.20838  -2.03027   6.01545    19.21873    19.14734     0.07139
   0.60000  -1.88773   6.01545    18.92506    18.85502     0.07004
   0.91925  -1.61985   6.01545    18.43686    18.35795     0.07891
   1.12763  -1.25893   6.01545    17.95116    17.83201     0.11916
  -1.41497  -1.46311   5.77550    17.17556    17.19673    -0.02117
  -1.19668  -1.82207   5.77550    17.90787    17.92552    -0.01766
  -0.88964  -2.10883   5.77550    18.59499    18.59426     0.00073
  -0.51662  -2.30212   5.77550    19.09700    19.07798     0.01901
  -0.10528  -2.38759   5.77550    19.32729    19.29917     0.02813
   0.31387  -2.35892   5.77550    19.24948    19.22451     0.02497
   0.70974  -2.21823   5.77550    18.87549    18.86513     0.01035
   1.05297  -1.97595   5.77550    18.26680    18.27640    -0.00960
   1.31810  -1.65006   5.77550    17.53638    17.55874    -0.02236
   1.48548  -1.26471   5.77550    16.85240    16.86429    -0.01190
  -1.72763  -1.47731   5.47968    15.94627    16.08396    -0.13769
  -1.53605  -1.85878   5.47968    16.91828    17.01895    -0.10067
  -1.26166  -2.18578   5.47968    17.85704    17.91453    -0.05749
  -0.91925  -2.44069   5.47968    18.63954    18.65847    -0.01893
  -0.52729  -2.60977   5.47968    19.17983    19.17111     0.00872
  -0.10690  -2.68390   5.47968    19.42205    19.40043     0.02162
   0.31925  -2.65908   5.47968    19.34047    19.32333     0.01714
   0.72819  -2.53665   5.47968    18.94388    18.94760    -0.00372
   1.09788  -2.32321   5.47968    18.27370    18.31109    -0.03739
   1.40838  -2.03027   5.47968    17.40021    17.47957    -0.07936
   1.64295  -1.67362   5.47968    16.42694    16.54775    -0.12081
   1.78895  -1.27249   5.47968    15.50011    15.64924    -0.14913
  -1.98314  -1.47072   5.13699    14.48229    14.71686    -0.23457
  -1.81730  -1.85718   5.13699    15.69025    15.85376    -0.16351
  -1.57705  -2.20235   5.13699    16.86306    16.96019    -0.09713
  -1.27224  -2.49210   5.13699    17.90034    17.94208    -0.04174
  -0.91534  -2.71455   5.13699    18.72802    18.72675     0.00127
  -0.52097  -2.86061   5.13699    19.28713    19.25681     0.03032
  -0.10527  -2.92429   5.13699    19.53500    19.49179     0.04321
   0.31474  -2.90299   5.13699    19.45154    19.41292     0.03862
   0.72186  -2.79758   5.13699    19.04429    19.02659     0.01769
   1.09943  -2.61237   5.13699    18.34461    18.36300    -0.01839
   1.43199  -2.35496   5.13699    17.40335    17.47163    -0.06828
   1.70592  -2.03586   5.13699    16.28826    16.41730    -0.12904
   1.91002  -1.66815   5.13699    15.08345    15.28201    -0.19857
  -2.00456  -1.88192   4.75784    14.47790    14.65004    -0.17214
  -1.77276  -2.24261   4.75784    15.93121    16.02028    -0.08907
  -1.47688  -2.55291   4.75784    17.23643    17.26071    -0.02428
  -1.12763  -2.80162   4.75784    18.32453    18.29984     0.02470
  -0.73762  -2.97973   4.75784    19.13276    19.07234     0.06042
  -0.32096  -3.08081   4.75784    19.60402    19.52272     0.08131
   0.10731  -3.10121   4.75784    19.70066    19.61475     0.08591
   0.53170  -3.04019   4.75784    19.41326    19.34064     0.07262
   0.93687  -2.89996   4.75784    18.76755    18.72321     0.04435
   1.30818  -2.68558   4.75784    17.81186    17.80967     0.00219
   1.63221  -2.40481   4.75784    16.60704    16.66136    -0.05433
   1.89725  -2.06779   4.75784    15.21899    15.34658    -0.12759
   2.09371  -1.68670   4.75784    13.71987    13.94167    -0.22181
  -1.91214  -2.23775   4.35375    14.86445    14.89699    -0.03254
  -1.63335  -2.55685   4.35375    16.43949    16.41516     0.02434
  -1.30207  -2.82105   4.35375    17.81060    17.74445     0.06615
  -0.92893  -3.02184   4.35375    18.91063    18.81076     0.09986
  -0.52594  -3.15278   4.35375    19.66364    19.53794     0.12570
  -0.10604  -3.20966   4.35375    20.00061    19.86277     0.13784
   0.31727  -3.19065   4.35375    19.88703    19.75357     0.13346
   0.73037  -3.09636   4.35375    19.33545    19.22122     0.11423
   1.12001  -2.92982   4.35375    18.39921    18.31532     0.08389
   1.47364  -2.69639   4.35375    17.15485    17.10788     0.04697
   1.77991  -2.40356   4.35375    15.67393    15.67534    -0.00141
   2.02898  -2.06076   4.35375    14.01856    14.08831    -0.06975
  -1.83851  -2.39119   3.93699    14.82115    14.72814     0.09301
  -1.54269  -2.68701   3.93699    16.61771    16.50973     0.10798
  -1.20000  -2.92696   3.93699    18.20468    18.08051     0.12417
  -0.82085  -3.10376   3.93699    19.48354    19.33391     0.14963
   0.82085  -3.10376   3.93699    19.48354    19.33391     0.14963
   1.20000  -2.92696   3.93699    18.20468    18.08051     0.12417
   1.54269  -2.68701   3.93699    16.61771    16.50973     0.10798
   1.83851  -2.39119   3.93699    14.82115    14.72814     0.09301
   2.47888   1.86282  -1.69072    -6.61270    -6.40343    -0.20927
   2.32236   2.24069  -1.69072    -6.63403    -6.27038    -0.36365
   2.10866   2.58942  -1.69072    -6.30020    -5.80254    -0.49766
  -2.10866   2.58942  -1.69072    -6.30020    -5.80254    -0.49766
  -2.32236   2.24069  -1.69072    -6.63403    -6.27038    -0.36365
  -2.47888   1.86282  -1.69072    -6.61270    -6.40343    -0.20927
   2.69781   1.47409  -2.09062    -7.99573    -8.06816     0.07244
   2.60258   1.88102  -2.09062    -8.47075    -8.40034    -0.07041
   2.44635   2.26865  -2.09062    -8.68661    -8.49270    -0.19392
   2.23278   2.62789  -2.09062    -8.63641    -8.35245    -0.28396
   1.96688   2.95032  -2.09062    -8.33772    -8.01109    -0.32663
   1.65487   3.22838  -2.09062    -7.83697    -7.52401    -0.31296
   1.30408   3.45555  -2.09062    -7.21573    -6.96965    -0.24608
  -1.48383   3.34869  -2.09062    -7.53513    -7.24953    -0.28560
  -1.81621   3.09533  -2.09062    -8.10868    -7.78137    -0.32731
  -2.10601   2.79420  -2.09062    -8.51593    -8.20401    -0.31192
  -2.34645   2.45237  -2.09062    -8.69414    -8.45024    -0.24391
  -2.53189   2.07783  -2.09062    -8.61194    -8.47663    -0.13531
  -2.65799   1.67938  -2.09062    -8.26493    -8.26368    -0.00125
  -2.72179   1.26635  -2.09062    -7.66879    -7.81721     0.14841
   2.79217   1.05739  -2.50443    -9.17795    -9.52723     0.34928
   2.76098   1.47354  -2.50443    -9.79919    -9.98787     0.18868
   2.66812   1.88039  -2.50443   -10.26668   -10.33014     0.06346
   2.51566   2.26886  -2.50443   -10.54530   -10.52091    -0.02439
   2.30700   2.63027  -2.50443   -10.62876   -10.55521    -0.07355
   2.04681   2.95654  -2.50443   -10.53212   -10.44916    -0.08296
   1.74089   3.24039  -2.50443   -10.29053   -10.23599    -0.05454
   1.39608   3.47548  -2.50443    -9.95920    -9.96268     0.00348
   1.02009   3.65654  -2.50443    -9.60905    -9.68496     0.07591
   0.62132   3.77955  -2.50443    -9.31726    -9.45944     0.14218
   0.20866   3.84175  -2.50443    -9.15160    -9.33321     0.18161
  -0.20866   3.84175  -2.50443    -9.15160    -9.33321     0.18161
  -0.62132   3.77955  -2.50443    -9.31726    -9.45944     0.14218
  -1.02009   3.65654  -2.50443    -9.60905    -9.68496     0.07591
  -1.39608   3.47548  -2.50443    -9.95920    -9.96268     0.00348
  -1.74089   3.24039  -2.50443   -10.29053   -10.23599    -0.05454
  -2.04681   2.95654  -2.50443   -10.53212   -10.44916    -0.08296
  -2.30700   2.63027  -2.50443   -10.62876   -10.55521    -0.07355
  -2.51566   2.26886  -2.50443   -10.54530   -10.52091    -0.02439
  -2.66812   1.88039  -2.50443   -10.26668   -10.33014     0.06346
  -2.76098   1.47354  -2.50443    -9.79919    -9.98787     0.18868
  -2.79217   1.05739  -2.50443    -9.17795    -9.52723     0.34928
   2.79217   1.05739  -2.92292   -11.13390   -11.53845     0.40455
   2.76098   1.47354  -2.92292   -11.60704   -11.86956     0.26252
   2.66812   1.88039  -2.92292   -11.99359   -12.16210     0.16851
   2.51566   2.26886  -2.92292   -12.24961   -12.36966     0.12005
   2.30700   2.63027  -2.92292   -12.36194   -12.47572     0.11378
   2.04681   2.95654  -2.92292   -12.34123   -12.48440     0.14317
   1.74089   3.24039  -2.92292   -12.21384   -12.41468     0.20084
   1.39608   3.47548  -2.92292   -12.02183   -12.29588     0.27405
   1.02009   3.65654  -2.92292   -11.81287   -12.16279     0.34992
   0.62132   3.77955  -2.92292   -11.63779   -12.05004     0.41225
   0.20866   3.84175  -2.92292   -11.53802   -11.98576     0.44774
  -0.20866   3.84175  -2.92292   -11.53802   -11.98576     0.44774
  -0.62132   3.77955  -2.92292   -11.63779   -12.05004     0.41225
  -1.02009   3.65654  -2.92292   -11.81287   -12.16279     0.34992
  -1.39608   3.47548  -2.92292   -12.02183   -12.29588     0.27405
  -1.74089   3.24039  -2.92292   -12.21384   -12.41468     0.20084
  -2.04681   2.95654  -2.92292   -12.34123   -12.48440     0.14317
  -2.30700   2.63027  -2.92292   -12.36194   -12.47572     0.11378
  -2.51566   2.26886  -2.92292   -12.24961   -12.36966     0.12005
  -2.66812   1.88039  -2.92292   -11.99359   -12.16210     0.16851
  -2.76098   1.47354  -2.92292   -11.60704   -11.86956     0.26252
  -2.79217   1.05739  -2.92292   -11.13390   -11.53845     0.40455
   2.72980   1.05739  -3.33674   -13.06851   -13.46549     0.39697
   2.69781   1.47409  -3.33674   -13.36532   -13.65403     0.28870
   2.60258   1.88102  -3.33674   -13.63453   -13.86832     0.23380
   2.44635   2.26865  -3.33674   -13.82027   -14.04979     0.22952
   2.23278   2.62789  -3.33674   -13.90436   -14.17173     0.26737
   1.96688   2.95032  -3.33674   -13.89181   -14.22877     0.33697
   1.65487   3.22838  -3.33674   -13.80333   -14.22998     0.42665
   1.30408   3.45555  -3.33674   -13.67155   -14.19343     0.52188
   0.92272   3.62651  -3.33674   -13.53412   -14.14144     0.60732
   0.51973   3.73725  -3.33674   -13.42619   -14.09573     0.66954
   0.10456   3.78518  -3.33674   -13.37411   -14.07289     0.69878
  -0.31306   3.76917  -3.33674   -13.39168   -14.08073     0.68905
  -0.72335   3.68960  -3.33674   -13.47451   -14.11660     0.64209
  -1.11668   3.54834  -3.33674   -13.60127   -14.16793     0.56667
  -1.48383   3.34869  -3.33674   -13.74058   -14.21507     0.47450
  -1.81621   3.09533  -3.33674   -13.85541   -14.23538     0.37997
  -2.10601   2.79420  -3.33674   -13.90938   -14.20807     0.29869
  -2.34645   2.45237  -3.33674   -13.87549   -14.11894     0.24345
  -2.53189   2.07783  -3.33674   -13.73932   -13.96544     0.22612
  -2.65799   1.67938  -3.33674   -13.50777   -13.76252     0.25475
  -2.72179   1.26635  -3.33674   -13.21535   -13.55123     0.33588
  -2.72179   0.84842  -3.33674   -12.94176   -13.41190     0.47014
   2.69781   0.64069  -3.33674   -12.85579   -13.41023     0.55444
   2.60645   1.05739  -3.73663   -14.92343   -15.25357     0.33014
   2.57436   1.46513  -3.73663   -15.03262   -15.29863     0.26602
   2.47888   1.86282  -3.73663   -15.16565   -15.42018     0.25453
   2.32236   2.24069  -3.73663   -15.26040   -15.55240     0.29200
   2.10866   2.58942  -3.73663   -15.29241   -15.66083     0.36842
   1.84304   2.90042  -3.73663   -15.26040   -15.73202     0.47162
   1.53203   3.16605  -3.73663   -15.18008   -15.76638     0.58630
   1.18330   3.37975  -3.73663   -15.07529   -15.77278     0.69749
   0.80544   3.53627  -3.73663   -14.97426   -15.76397     0.78971
   0.40774   3.63174  -3.73663   -14.90210   -15.75255     0.85045
   0.00000   3.66383  -3.73663   -14.87574   -15.74764     0.87190
  -0.40774   3.63174  -3.73663   -14.90210   -15.75255     0.85045
  -0.80544   3.53627  -3.73663   -14.97426   -15.76397     0.78971
  -1.18330   3.37975  -3.73663   -15.07529   -15.77278     0.69749
  -1.53203   3.16605  -3.73663   -15.18008   -15.76638     0.58630
  -1.84304   2.90042  -3.73663   -15.26040   -15.73202     0.47162
  -2.10866   2.58942  -3.73663   -15.29241   -15.66083     0.36842
  -2.32236   2.24069  -3.73663   -15.26040   -15.55240     0.29200
  -2.47888   1.86282  -3.73663   -15.16565   -15.42018     0.25453
  -2.57436   1.46513  -3.73663   -15.03262   -15.29863     0.26602
  -2.60645   1.05739  -3.73663   -14.92343   -15.25357     0.33014
  -2.57436   0.64965  -3.73663   -14.95606   -15.39758     0.44152
   2.57436   0.64965  -3.73663   -14.95606   -15.39758     0.44152
   2.42487   1.05739  -4.11368   -16.65598   -16.86783     0.21184
   2.38999   1.46719  -4.11368   -16.58947   -16.78414     0.19467
   2.28636   1.86521  -4.11368   -16.58884   -16.81862     0.22978
   2.11695   2.23998  -4.11368   -16.58445   -16.89622     0.31177
   1.88664   2.58074  -4.11368   -16.54617   -16.97515     0.42898
   1.60205   2.87767  -4.11368   -16.47275   -17.03611     0.56335
   1.27138   3.12223  -4.11368   -16.37612   -17.07433     0.69821
   0.90413   3.30740  -4.11368   -16.27948   -17.09344     0.81396
   0.51087   3.42783  -4.11368   -16.20418   -17.10052     0.89634
   0.10291   3.48007  -4.11368   -16.16841   -17.10216     0.93375
  -0.30800   3.46262  -4.11368   -16.18033   -17.10170     0.92137
  -0.71006   3.37597  -4.11368   -16.23744   -17.09802     0.86058
  -1.09169   3.22262  -4.11368   -16.32654   -17.08586     0.75931
  -1.44191   3.00698  -4.11368   -16.42632   -17.05797     0.63165
  -1.75065   2.73525  -4.11368   -16.51354   -17.00844     0.49490
  -2.00903   2.41525  -4.11368   -16.57002   -16.93715     0.36713
  -2.20961   2.05619  -4.11368   -16.58947   -16.85528     0.26581
  -2.34663   1.66840  -4.11368   -16.58633   -16.79223     0.20590
  -2.41614   1.26303  -4.11368   -16.60829   -16.80484     0.19655
  -2.41614   0.85174  -4.11368   -16.75262   -16.99008     0.23746
  -2.34663   0.44637  -4.11368   -17.19062   -17.50219     0.31157
   2.28636   0.24957  -4.11368   -17.60164   -17.94991     0.34827
   2.38999   0.64758  -4.11368   -16.92017   -17.19283     0.27266
   2.18913   1.05739  -4.45945   -18.23354   -18.28664     0.05310
   2.14957   1.47168  -4.45945   -18.00074   -18.08717     0.08643
   2.03232   1.87100  -4.45945   -17.87335   -18.04191     0.16856
   1.84161   2.24092  -4.45945   -17.77295   -18.06622     0.29327
   1.58435   2.56806  -4.45945   -17.66753   -18.11127     0.44374
   1.26982   2.84060  -4.45945   -17.55458   -18.15278     0.59820
   0.90940   3.04869  -4.45945   -17.44790   -18.18196     0.73406
   0.51611   3.18481  -4.45945   -17.36758   -18.19844     0.83086
   0.10416   3.24404  -4.45945   -17.32930   -18.20477     0.87546
  -0.31154   3.22423  -4.45945   -17.34185   -18.20272     0.86087
  -0.71599   3.12612  -4.45945   -17.40335   -18.19165     0.78830
  -1.09456   2.95323  -4.45945   -17.49936   -18.16905     0.66970
  -1.43357   2.71182  -4.45945   -17.61168   -18.13329     0.52161
  -1.72077   2.41062  -4.45945   -17.72150   -18.08814     0.36664
  -1.94578   2.06050  -4.45945   -17.82252   -18.04911     0.22659
  -2.10045   1.67414  -4.45945   -17.93046   -18.05154     0.12109
  -2.17922   1.26548  -4.45945   -18.09675   -18.16059     0.06384
  -2.17922   0.84930  -4.45945   -18.43121   -18.48366     0.05245
  -2.10045   0.44064  -4.45945   -19.11896   -19.18353     0.06457
  -1.94578   0.05427  -4.45945   -20.44049   -20.48612     0.04563
   2.03232   0.24377  -4.45945   -19.67870   -19.74303     0.06433
   2.14957   0.64309  -4.45945   -18.71547   -18.77385     0.05838
   1.90448   1.05739  -4.76622   -19.62724   -19.49711    -0.13013
   1.85996   1.46679  -4.76622   -19.25011   -19.20121    -0.04890
   1.72846   1.85706  -4.76622   -19.01166   -19.08489     0.07323
   1.51615   2.20993  -4.76622   -18.83031   -19.05883     0.22853
   1.23294   2.50891  -4.76622   -18.67531   -19.06930     0.39399
   0.89208   2.74002  -4.76622   -18.54416   -19.08800     0.54384
   0.50950   2.89245  -4.76622   -18.44941   -19.10260     0.65319
   0.10311   2.95908  -4.76622   -18.40548   -19.10916     0.70368
  -0.30811   2.93678  -4.76622   -18.42054   -19.10696     0.68642
  -0.70492   2.82661  -4.76622   -18.49145   -19.09618     0.60473
  -1.06877   2.63371  -4.76622   -18.60628   -19.07867     0.47238
  -1.38265   2.36710  -4.76622   -18.75061   -19.06174     0.31113
  -1.63187   2.03925  -4.76622   -18.91627   -19.06466     0.14838
  -1.80479   1.66549  -4.76622   -19.12021   -19.12713     0.00692
  -1.89332   1.26330  -4.76622   -19.41452   -19.31948    -0.09503
  -1.89332   0.85148  -4.76622   -19.91025   -19.75211    -0.15814
  -1.80479   0.44928  -4.76622   -20.78751   -20.57916    -0.20834
  -1.63187   0.07552  -4.76622   -22.28851   -21.98230    -0.30621
   1.72846   0.25771  -4.76622   -21.44388   -21.19754    -0.24634
   1.85996   0.64798  -4.76622   -20.28738   -20.10520    -0.18218
   1.57730   1.05739  -5.02715   -20.81135   -20.49197    -0.31938
   1.52355   1.46562  -5.02715   -20.31060   -20.11689    -0.19371
   1.36598   1.84603  -5.02715   -19.98116   -19.94478    -0.03637
   1.11532   2.17270  -5.02715   -19.74333   -19.87945     0.13612
   0.78865   2.42337  -5.02715   -19.56826   -19.86157     0.29331
   0.40823   2.58094  -5.02715   -19.45593   -19.85981     0.40388
   0.00000   2.63468  -5.02715   -19.41703   -19.86045     0.44342
  -0.40823   2.58094  -5.02715   -19.45593   -19.85981     0.40388
  -0.78865   2.42337  -5.02715   -19.56826   -19.86157     0.29331
  -1.11532   2.17270  -5.02715   -19.74333   -19.87945     0.13612
  -1.36598   1.84603  -5.02715   -19.98116   -19.94478    -0.03637
  -1.52355   1.46562  -5.02715   -20.31060   -20.11689    -0.19371
  -1.57730   1.05739  -5.02715   -20.81135   -20.49197    -0.31938
  -1.52355   0.64915  -5.02715   -21.62586   -21.20137    -0.42449
  -1.36598   0.26874  -5.02715   -22.93296   -22.37969    -0.55327
   1.36598   0.26874  -5.02715   -22.93296   -22.37969    -0.55327
   1.52355   0.64915  -5.02715   -21.62586   -21.20137    -0.42449
   1.21487   1.05739  -5.23639   -21.76140   -21.26748    -0.49393
   1.14161   1.47290  -5.23639   -21.15146   -20.82503    -0.32643
   0.93065   1.83829  -5.23639   -20.76178   -20.61685    -0.14493
   0.60744   2.10950  -5.23639   -20.51454   -20.53180     0.01726
   0.21096   2.25381  -5.23639   -20.38967   -20.50349     0.11383
  -0.21096   2.25381  -5.23639   -20.38967   -20.50349     0.11383
  -0.60744   2.10950  -5.23639   -20.51454   -20.53180     0.01726
  -0.93065   1.83829  -5.23639   -20.76178   -20.61685    -0.14493
  -1.14161   1.47290  -5.23639   -21.15146   -20.82503    -0.32643
  -1.21487   1.05739  -5.23639   -21.76140   -21.26748    -0.49393
  -1.14161   0.64188  -5.23639   -22.72337   -22.07491    -0.64847
  -0.93065   0.27648  -5.23639   -24.12523   -23.29590    -0.82933
  -0.60744   0.00528  -5.23639   -25.76491   -24.70790    -1.05701
   0.60744   0.00528  -5.23639   -25.76491   -24.70790    -1.05701
   0.93065   0.27648  -5.23639   -24.12523   -23.29590    -0.82933
   1.14161   0.64188  -5.23639   -22.72337   -22.07491    -0.64847
   0.82531   1.05739  -5.38928   -22.45668   -21.82191    -0.63477
   0.71474   1.47004  -5.38928   -21.77646   -21.33731    -0.43916
   0.41266   1.77213  -5.38928   -21.40121   -21.12945    -0.27176
   0.00000   1.88270  -5.38928   -21.27947   -21.07525    -0.20422
  -0.41266   1.77213  -5.38928   -21.40121   -21.12945    -0.27176
  -0.71474   1.47004  -5.38928   -21.77646   -21.33731    -0.43916
  -0.82531   1.05739  -5.38928   -22.45668   -21.82191    -0.63477
  -0.71474   0.64473  -5.38928   -23.50400   -22.67880    -0.82519
  -0.41266   0.34264  -5.38928   -24.69187   -23.68892    -1.00295
  -0.00000   0.23207  -5.38928   -25.26416   -24.17536    -1.08880
   0.41266   0.34264  -5.38928   -24.69187   -23.68892    -1.00295
   0.71474   0.64473  -5.38928   -23.50400   -22.67880    -0.82519
   0.41732   1.05739  -5.48240   -22.88088   -22.15466    -0.72622
   0.20866   1.41880  -5.48240   -22.23203   -21.69227    -0.53976
  -0.20866   1.41880  -5.48240   -22.23203   -21.69227    -0.53976
  -0.41732   1.05739  -5.48240   -22.88088   -22.15466    -0.72622
  -0.20866   0.69598  -5.48240   -23.81775   -22.90652    -0.91123
   0.20866   0.69598  -5.48240   -23.81775   -22.90652    -0.91123
   0.00000   1.05739  -5.51368   -23.02332   -22.26557    -0.75775
  -2.47888  -1.86282  -1.69072    -6.61270    -6.40343    -0.20927
  -2.32236  -2.24069  -1.69072    -6.63403    -6.27038    -0.36365
  -2.10866  -2.58942  -1.69072    -6.30020    -5.80254    -0.49766
   2.10866  -2.58942  -1.69072    -6.30020    -5.80254    -0.49766
   2.32236  -2.24069  -1.69072    -6.63403    -6.27038    -0.36365
   2.47888  -1.86282  -1.69072    -6.61270    -6.40343    -0.20927
  -2.72179  -1.26635  -2.09062    -7.66879    -7.81721     0.14841
  -2.65799  -1.67938  -2.09062    -8.26493    -8.26368    -0.00125
  -2.53189  -2.07783  -2.09062    -8.61194    -8.47663    -0.13531
  -2.34645  -2.45237  -2.09062    -8.69414    -8.45024    -0.24391
  -2.10601  -2.79420  -2.09062    -8.51593    -8.20401    -0.31192
  -1.81621  -3.09533  -2.09062    -8.10868    -7.78137    -0.32731
  -1.48383  -3.34869  -2.09062    -7.53513    -7.24953    -0.28560
   1.30408  -3.45555  -2.09062    -7.21573    -6.96965    -0.24608
   1.65487  -3.22838  -2.09062    -7.83697    -7.52401    -0.31296
   1.96688  -2.95032  -2.09062    -8.33772    -8.01109    -0.32663
   2.23278  -2.62789  -2.09062    -8.63641    -8.35245    -0.28396
   2.44635  -2.26865  -2.09062    -8.68661    -8.49270    -0.19392
   2.60258  -1.88102  -2.09062    -8.47075    -8.40034    -0.07041
   2.69781  -1.47409  -2.09062    -7.99573    -8.06816     0.07244
   2.79217  -1.05739  -2.50443    -9.17795    -9.52723     0.34928
  -2.79217  -1.05739  -2.50443    -9.17795    -9.52723     0.34928
  -2.76098  -1.47354  -2.50443    -9.79919    -9.98787     0.18868
  -2.66812  -1.88039  -2.50443   -10.26668   -10.33014     0.06346
  -2.51566  -2.26886  -2.50443   -10.54530   -10.52091    -0.02439
  -2.30700  -2.63027  -2.50443   -10.62876   -10.55521    -0.07355
  -2.04681  -2.95654  -2.50443   -10.53212   -10.44916    -0.08296
  -1.74089  -3.24039  -2.50443   -10.29053   -10.23599    -0.05454
  -1.39608  -3.47548  -2.50443    -9.95920    -9.96268     0.00348
  -1.02009  -3.65654  -2.50443    -9.60905    -9.68496     0.07591
  -0.62132  -3.77955  -2.50443    -9.31726    -9.45944     0.14218
  -0.20866  -3.84175  -2.50443    -9.15160    -9.33321     0.18161
   0.20866  -3.84175  -2.50443    -9.15160    -9.33321     0.18161
   0.62132  -3.77955  -2.50443    -9.31726    -9.45944     0.14218
   1.02009  -3.65654  -2.50443    -9.60905    -9.68496     0.07591
   1.39608  -3.47548  -2.50443    -9.95920    -9.96268     0.00348
   1.74089  -3.24039  -2.50443   -10.29053   -10.23599    -0.05454
   2.04681  -2.95654  -2.50443   -10.53212   -10.44916    -0.08296
   2.30700  -2.63027  -2.50443   -10.62876   -10.55521    -0.07355
   2.51566  -2.26886  -2.50443   -10.54530   -10.52091    -0.02439
   2.66812  -1.88039  -2.50443   -10.26668   -10.33014     0.06346
   2.76098  -1.47354  -2.50443    -9.79919    -9.98787     0.18868
   2.79217  -1.05739  -2.92292   -11.13390   -11.53845     0.40455
  -2.79217  -1.05739  -2.92292   -11.13390   -11.53845     0.40455
  -2.76098  -1.47354  -2.92292   -11.60704   -11.86956     0.26252
  -2.66812  -1.88039  -2.92292   -11.99359   -12.16210     0.16851
  -2.51566  -2.26886  -2.92292   -12.24961   -12.36966     0.12005
  -2.30700  -2.63027  -2.92292   -12.36194   -12.47572     0.11378
  -2.04681  -2.95654  -2.92292   -12.34123   -12.48440     0.14317
  -1.74089  -3.24039  -2.92292   -12.21384   -12.41468     0.20084
  -1.39608  -3.47548  -2.92292   -12.02183   -12.29588     0.27405
  -1.02009  -3.65654  -2.92292   -11.81287   -12.16279     0.34992
  -0.62132  -3.77955  -2.92292   -11.63779   -12.05004     0.41225
  -0.20866  -3.84175  -2.92292   -11.53802   -11.98576     0.44774
   0.20866  -3.84175  -2.92292   -11.53802   -11.98576     0.44774
   0.62132  -3.77955  -2.92292   -11.63779   -12.05004     0.41225
   1.02009  -3.65654  -2.92292   -11.81287   -12.16279     0.34992
   1.39608  -3.47548  -2.92292   -12.02183   -12.29588     0.27405
   1.74089  -3.24039  -2.92292   -12.21384   -12.41468     0.20084
   2.04681  -2.95654  -2.92292   -12.34123   -12.48440     0.14317
   2.30700  -2.63027  -2.92292   -12.36194   -12.47572     0.11378
   2.51566  -2.26886  -2.92292   -12.24961   -12.36966     0.12005
   2.66812  -1.88039  -2.92292   -11.99359   -12.16210     0.16851
   2.76098  -1.47354  -2.92292   -11.60704   -11.86956     0.26252
   2.72980  -1.05739  -3.33674   -13.06851   -13.46549     0.39697
   2.69781  -0.64069  -3.33674   -12.85579   -13.41023     0.55444
  -2.72179  -0.84842  -3.33674   -12.94176   -13.41190     0.47014
  -2.72179  -1.26635  -3.33674   -13.21535   -13.55123     0.33588
  -2.65799  -1.67938  -3.33674   -13.50777   -13.76252     0.25475
  -2.53189  -2.07783  -3.33674   -13.73932   -13.96544     0.22612
  -2.34645  -2.45237  -3.33674   -13.87549   -14.11894     0.24345
  -2.10601  -2.79420  -3.33674   -13.90938   -14.20807     0.29869
  -1.81621  -3.09533  -3.33674   -13.85541   -14.23538     0.37997
  -1.48383  -3.34869  -3.33674   -13.74058   -14.21507     0.47450
  -1.11668  -3.54834  -3.33674   -13.60127   -14.16793     0.56667
  -0.72335  -3.68960  -3.33674   -13.47451   -14.11660     0.64209
  -0.31306  -3.76917  -3.33674   -13.39168   -14.08073     0.68905
   0.10456  -3.78518  -3.33674   -13.37411   -14.07289     0.69878
   0.51973  -3.73725  -3.33674   -13.42619   -14.09573     0.66954
   0.92272  -3.62651  -3.33674   -13.53412   -14.14144     0.60732
   1.30408  -3.45555  -3.33674   -13.67155   -14.19343     0.52188
   1.65487  -3.22838  -3.33674   -13.80333   -14.22998     0.42665
   1.96688  -2.95032  -3.33674   -13.89181   -14.22877     0.33697
   2.23278  -2.62789  -3.33674   -13.90436   -14.17173     0.26737
   2.44635  -2.26865  -3.33674   -13.82027   -14.04979     0.22952
   2.60258  -1.88102  -3.33674   -13.63453   -13.86832     0.23380
   2.69781  -1.47409  -3.33674   -13.36532   -13.65403     0.28870
   2.60645  -1.05739  -3.73663   -14.92343   -15.25357     0.33014
   2.57436  -0.64965  -3.73663   -14.95606   -15.39758     0.44152
  -2.57436  -0.64965  -3.73663   -14.95606   -15.39758     0.44152
  -2.60645  -1.05739  -3.73663   -14.92343   -15.25357     0.33014
  -2.57436  -1.46513  -3.73663   -15.03262   -15.29863     0.26602
  -2.47888  -1.86282  -3.73663   -15.16565   -15.42018     0.25453
  -2.32236  -2.24069  -3.73663   -15.26040   -15.55240     0.29200
  -2.10866  -2.58942  -3.73663   -15.29241   -15.66083     0.36842
  -1.84304  -2.90042  -3.73663   -15.26040   -15.73202     0.47162
  -1.53203  -3.16605  -3.73663   -15.18008   -15.76638     0.58630
  -1.18330  -3.37975  -3.73663   -15.07529   -15.77278     0.69749
  -0.80544  -3.53627  -3.73663   -14.97426   -15.76397     0.78971
  -0.40774  -3.63174  -3.73663   -14.90210   -15.75255     0.85045
  -0.00000  -3.66383  -3.73663   -14.87574   -15.74764     0.87190
   0.40774  -3.63174  -3.73663   -14.90210   -15.75255     0.85045
   0.80544  -3.53627  -3.73663   -14.97426   -15.76397     0.78971
   1.18330  -3.37975  -3.73663   -15.07529   -15.77278     0.69749
   1.53203  -3.16605  -3.73663   -15.18008   -15.76638     0.58630
   1.84304  -2.90042  -3.73663   -15.26040   -15.73202     0.47162
   2.10866  -2.58942  -3.73663   -15.29241   -15.66083     0.36842
   2.32236  -2.24069  -3.73663   -15.26040   -15.55240     0.29200
   2.47888  -1.86282  -3.73663   -15.16565   -15.42018     0.25453
   2.57436  -1.46513  -3.73663   -15.03262   -15.29863     0.26602
   2.42487  -1.05739  -4.11368   -16.65598   -16.86783     0.21184
   2.38999  -0.64758  -4.11368   -16.92017   -17.19283     0.27266
   2.28636  -0.24957  -4.11368   -17.60164   -17.94991     0.34827
  -2.34663  -0.44637  -4.11368   -17.19062   -17.50219     0.31157
  -2.41614  -0.85174  -4.11368   -16.75262   -16.99008     0.23746
  -2.41614  -1.26303  -4.11368   -16.60829   -16.80484     0.19655
  -2.34663  -1.66840  -4.11368   -16.58633   -16.79223     0.20590
  -2.20961  -2.05619  -4.11368   -16.58947   -16.85528     0.26581
  -2.00903  -2.41525  -4.11368   -16.57002   -16.93715     0.36713
  -1.75065  -2.73525  -4.11368   -16.51354   -17.00844     0.49490
  -1.44191  -3.00698  -4.11368   -16.42632   -17.05797     0.63165
  -1.09169  -3.22262  -4.11368   -16.32654   -17.08586     0.75931
  -0.71006  -3.37597  -4.11368   -16.23744   -17.09802     0.86058
  -0.30800  -3.46262  -4.11368   -16.18033   -17.10170     0.92137
   0.10291  -3.48007  -4.11368   -16.16841   -17.10216     0.93375
   0.51087  -3.42783  -4.11368   -16.20418   -17.10052     0.89634
   0.90413  -3.30740  -4.11368   -16.27948   -17.09344     0.81396
   1.27138  -3.12223  -4.11368   -16.37612   -17.07433     0.69821
   1.60205  -2.87767  -4.11368   -16.47275   -17.03611     0.56335
   1.88664  -2.58074  -4.11368   -16.54617   -16.97515     0.42898
   2.11695  -2.23998  -4.11368   -16.58445   -16.89622     0.31177
   2.28636  -1.86521  -4.11368   -16.58884   -16.81862     0.22978
   2.38999  -1.46719  -4.11368   -16.58947   -16.78414     0.19467
   2.18913  -1.05739  -4.45945   -18.23354   -18.28664     0.05310
   2.14957  -0.64309  -4.45945   -18.71547   -18.77385     0.05838
   2.03232  -0.24377  -4.45945   -19.67870   -19.74303     0.06433
  -1.94578  -0.05427  -4.45945   -20.44049   -20.48612     0.04563
  -2.10045  -0.44064  -4.45945   -19.11896   -19.18353     0.06457
  -2.17922  -0.84930  -4.45945   -18.43121   -18.48366     0.05245
  -2.17922  -1.26548  -4.45945   -18.09675   -18.16059     0.06384
  -2.10045  -1.67414  -4.45945   -17.93046   -18.05154     0.12109
  -1.94578  -2.06050  -4.45945   -17.82252   -18.04911     0.22659
  -1.72077  -2.41062  -4.45945   -17.72150   -18.08814     0.36664
  -1.43357  -2.71182  -4.45945   -17.61168   -18.13329     0.52161
  -1.09456  -2.95323  -4.45945   -17.49936   -18.16905     0.66970
  -0.71599  -3.12612  -4.45945   -17.40335   -18.19165     0.78830
  -0.31154  -3.22423  -4.45945   -17.34185   -18.20272     0.86087
   0.10416  -3.24404  -4.45945   -17.32930   -18.20477     0.87546
   0.51611  -3.18481  -4.45945   -17.36758   -18.19844     0.83086
   0.90940  -3.04869  -4.45945   -17.44790   -18.18196     0.73406
   1.26982  -2.84060  -4.45945   -17.55458   -18.15278     0.59820
   1.58435  -2.56806  -4.45945   -17.66753   -18.11127     0.44374
   1.84161  -2.24092  -4.45945   -17.77295   -18.06622     0.29327
   2.03232  -1.87100  -4.45945   -17.87335   -18.04191     0.16856
   2.14957  -1.47168  -4.45945   -18.00074   -18.08717     0.08643
   1.90448  -1.05739  -4.76622   -19.62724   -19.49711    -0.13013
   1.85996  -0.64798  -4.76622   -20.28738   -20.10520    -0.18218
   1.72846  -0.25771  -4.76622   -21.44388   -21.19754    -0.24634
  -1.63187  -0.07552  -4.76622   -22.28851   -21.98230    -0.30621
  -1.80479  -0.44928  -4.76622   -20.78751   -20.57916    -0.20834
  -1.89332  -0.85148  -4.76622   -19.91025   -19.75211    -0.15814
  -1.89332  -1.26330  -4.76622   -19.41452   -19.31948    -0.09503
  -1.80479  -1.66549  -4.76622   -19.12021   -19.12713     0.00692
  -1.63187  -2.03925  -4.76622   -18.91627   -19.06466     0.14838
  -1.38265  -2.36710  -4.76622   -18.75061   -19.06174     0.31113
  -1.06877  -2.63371  -4.76622   -18.60628   -19.07867     0.47238
  -0.70492  -2.82661  -4.76622   -18.49145   -19.09618     0.60473
  -0.30811  -2.93678  -4.76622   -18.42054   -19.10696     0.68642
   0.10311  -2.95908  -4.76622   -18.40548   -19.10916     0.70368
   0.50950  -2.89245  -4.76622   -18.44941   -19.10260     0.65319
   0.89208  -2.74002  -4.76622   -18.54416   -19.08800     0.54384
   1.23294  -2.50891  -4.76622   -18.67531   -19.06930     0.39399
   1.51615  -2.20993  -4.76622   -18.83031   -19.05883     0.22853
   1.72846  -1.85706  -4.76622   -19.01166   -19.08489     0.07323
   1.85996  -1.46679  -4.76622   -19.25011   -19.20121    -0.04890
   1.57730  -1.05739  -5.02715   -20.81135   -20.49197    -0.31938
   1.52355  -0.64915  -5.02715   -21.62586   -21.20137    -0.42449
   1.36598  -0.26874  -5.02715   -22.93296   -22.37969    -0.55327
  -1.36598  -0.26874  -5.02715   -22.93296   -22.37969    -0.55327
  -1.52355  -0.64915  -5.02715   -21.62586   -21.20137    -0.42449
  -1.57730  -1.05739  -5.02715   -20.81135   -20.49197    -0.31938
  -1.52355  -1.46562  -5.02715   -20.31060   -20.11689    -0.19371
  -1.36598  -1.84603  -5.02715   -19.98116   -19.94478    -0.03637
  -1.11532  -2.17270  -5.02715   -19.74333   -19.87945     0.13612
  -0.78865  -2.42337  -5.02715   -19.56826   -19.86157     0.29331
  -0.40823  -2.58094  -5.02715   -19.45593   -19.85981     0.40388
  -0.00000  -2.63468  -5.02715   -19.41703   -19.86045     0.44342
   0.40823  -2.58094  -5.02715   -19.45593   -19.85981     0.40388
   0.78865  -2.42337  -5.02715   -19.56826   -19.86157     0.29331
   1.11532  -2.17270  -5.02715   -19.74333   -19.87945     0.13612
   1.36598  -1.84603  -5.02715   -19.98116   -19.94478    -0.03637
   1.52355  -1.46562  -5.02715   -20.31060   -20.11689    -0.19371
   1.21487  -1.05739  -5.23639   -21.76140   -21.26748    -0.49393
   1.14161  -0.64188  -5.23639   -22.72337   -22.07491    -0.64847
   0.93065  -0.27648  -5.23639   -24.12523   -23.29590    -0.82933
   0.60744  -0.00528  -5.23639   -25.76491   -24.70790    -1.05701
  -0.60744  -0.00528  -5.23639   -25.76491   -24.70790    -1.05701
  -0.93065  -0.27648  -5.23639   -24.12523   -23.29590    -0.82933
  -1.14161  -0.64188  -5.23639   -22.72337   -22.07491    -0.64847
  -1.21487  -1.05739  -5.23639   -21.76140   -21.26748    -0.49393
  -1.14161  -1.47290  -5.23639   -21.15146   -20.82503    -0.32643
  -0.93065  -1.83829  -5.23639   -20.76178   -20.61685    -0.14493
  -0.60744  -2.10950  -5.23639   -20.51454   -20.53180     0.01726
  -0.21096  -2.25381  -5.23639   -20.38967   -20.50349     0.11383
   0.21096  -2.25381  -5.23639   -20.38967   -20.50349     0.11383
   0.60744  -2.10950  -5.23639   -20.51454   -20.53180     0.01726
   0.93065  -1.83829  -5.23639   -20.76178   -20.61685    -0.14493
   1.14161  -1.47290  -5.23639   -21.15146   -20.82503    -0.32643
   0.82531  -1.05739  -5.38928   -22.45668   -21.82191    -0.63477
   0.71474  -0.64473  -5.38928   -23.50400   -22.67880    -0.82519
   0.41266  -0.34264  -5.38928   -24.69187   -23.68892    -1.00295
  -0.00000  -0.23207  -5.38928   -25.26416   -24.17536    -1.08880
  -0.41266  -0.34264  -5.38928   -24.69187   -23.68892    -1.00295
  -0.71474  -0.64473  -5.38928   -23.50400   -22.67880    -0.82519
  -0.82531  -1.05739  -5.38928   -22.45668   -21.82191    -0.63477
  -0.71474  -1.47004  -5.38928   -21.77646   -21.33731    -0.43916
  -0.41266  -1.77213  -5.38928   -21.40121   -21.12945    -0.27176
  -0.00000  -1.88270  -5.38928   -21.27947   -21.07525    -0.20422
   0.41266  -1.77213  -5.38928   -21.40121   -21.12945    -0.27176
   0.71474  -1.47004  -5.38928   -21.77646   -21.33731    -0.43916
   0.41732  -1.05739  -5.48240   -22.88088   -22.15466    -0.72622
   0.20866  -0.69598  -5.48240   -23.81775   -22.90652    -0.91123
  -0.20866  -0.69598  -5.48240   -23.81775   -22.90652    -0.91123
  -0.41732  -1.05739  -5.48240   -22.88088   -22.15466    -0.72622
  -0.20866  -1.41880  -5.48240   -22.23203   -21.69227    -0.53976
   0.20866  -1.41880  -5.48240   -22.23203   -21.69227    -0.53976
   0.00000  -1.05739  -5.51368   -23.02332   -22.26557    -0.75775
